2026-02-06 21:46:40.303 [main] INFO  b.s.hoteladmin.ui.ConsoleUI - ConsoleUI инициализирован
2026-02-06 21:46:40.326 [main] INFO  b.s.hoteladmin.ui.ConsoleUI - Запуск приложения с главным меню: MainMenu
2026-02-06 21:46:40.327 [main] INFO  b.s.hoteladmin.ui.ConsoleUI - Начало работы главного цикла меню
2026-02-06 21:46:43.520 [main] INFO  b.s.hoteladmin.ui.ConsoleUI - Пользователь выбрал пункт меню: 1 в MainMenu
2026-02-06 21:46:43.521 [main] INFO  b.s.h.controller.RoomController - Начало обработки команды: вывести все комнаты, критерий сортировки BY_ID
2026-02-06 21:46:43.578 [main] INFO  org.hibernate.orm.core - HHH000001: Hibernate ORM core version 7.2.1.Final
2026-02-06 21:46:43.807 [main] WARN  o.hibernate.orm.connections.pooling - HHH10001002: Using built-in connection pool (not intended for production use)
2026-02-06 21:46:43.959 [main] WARN  org.hibernate.orm.deprecation - HHH90000025: PostgreSQLDialect does not need to be specified explicitly using 'hibernate.dialect' (remove the property setting and it will be selected by default)
2026-02-06 21:46:43.969 [main] INFO  o.hibernate.orm.connections.pooling - HHH10001005: Database info:
	Database JDBC URL [jdbc:postgresql://localhost:5432/SENLA-11]
	Database driver: PostgreSQL JDBC Driver
	Database dialect: PostgreSQLDialect
	Database version: 18.0
	Default catalog/schema: SENLA-11/public
	Autocommit mode: false
	Isolation level: READ_COMMITTED
	JDBC fetch size: none
	Pool: DriverManagerConnectionProvider
	Minimum pool size: 1
	Maximum pool size: 10
2026-02-06 21:46:44.474 [main] INFO  org.hibernate.orm.core - HHH000489: No JTA platform available (set 'hibernate.transaction.jta.platform' to enable JTA platform integration)
2026-02-06 21:46:44.505 [main] INFO  b.s.hoteladmin.db.HibernateUtil - SessionFactory успешно создана
2026-02-06 21:46:44.710 [main] INFO  b.s.h.controller.RoomController - Комнаты успешно выведены и отсортированы по критерию BY_ID
2026-02-06 21:46:47.006 [main] INFO  b.s.hoteladmin.ui.ConsoleUI - Пользователь выбрал пункт меню: 1 в MainMenu
2026-02-06 21:46:47.007 [main] INFO  b.s.h.controller.RoomController - Начало обработки команды: вывести все комнаты, критерий сортировки BY_ID
2026-02-06 21:46:47.023 [main] INFO  b.s.h.controller.RoomController - Комнаты успешно выведены и отсортированы по критерию BY_ID
2026-02-06 21:47:20.221 [main] INFO  b.s.hoteladmin.ui.ConsoleUI - Пользователь выбрал пункт меню: 0 в MainMenu
2026-02-06 21:49:27.922 [main] INFO  b.s.hoteladmin.ui.ConsoleUI - ConsoleUI инициализирован
2026-02-06 21:49:27.938 [main] INFO  b.s.hoteladmin.ui.ConsoleUI - Запуск приложения с главным меню: MainMenu
2026-02-06 21:49:27.939 [main] INFO  b.s.hoteladmin.ui.ConsoleUI - Начало работы главного цикла меню
2026-02-06 21:49:29.355 [main] INFO  b.s.hoteladmin.ui.ConsoleUI - Пользователь выбрал пункт меню: 1 в MainMenu
2026-02-06 21:49:29.356 [main] INFO  b.s.h.controller.RoomController - Начало обработки команды: вывести все комнаты, критерий сортировки BY_ID
2026-02-06 21:49:29.413 [main] INFO  org.hibernate.orm.core - HHH000001: Hibernate ORM core version 7.2.1.Final
2026-02-06 21:49:29.616 [main] WARN  o.hibernate.orm.connections.pooling - HHH10001002: Using built-in connection pool (not intended for production use)
2026-02-06 21:49:29.773 [main] WARN  org.hibernate.orm.deprecation - HHH90000025: PostgreSQLDialect does not need to be specified explicitly using 'hibernate.dialect' (remove the property setting and it will be selected by default)
2026-02-06 21:49:29.781 [main] INFO  o.hibernate.orm.connections.pooling - HHH10001005: Database info:
	Database JDBC URL [jdbc:postgresql://localhost:5432/SENLA-11]
	Database driver: PostgreSQL JDBC Driver
	Database dialect: PostgreSQLDialect
	Database version: 18.0
	Default catalog/schema: SENLA-11/public
	Autocommit mode: false
	Isolation level: READ_COMMITTED
	JDBC fetch size: none
	Pool: DriverManagerConnectionProvider
	Minimum pool size: 1
	Maximum pool size: 10
2026-02-06 21:49:30.249 [main] INFO  org.hibernate.orm.core - HHH000489: No JTA platform available (set 'hibernate.transaction.jta.platform' to enable JTA platform integration)
2026-02-06 21:49:30.278 [main] INFO  b.s.hoteladmin.db.HibernateUtil - SessionFactory успешно создана
2026-02-06 21:49:30.473 [main] INFO  b.s.h.controller.RoomController - Комнаты успешно выведены и отсортированы по критерию BY_ID
2026-02-06 21:49:49.968 [main] INFO  b.s.hoteladmin.ui.ConsoleUI - Пользователь выбрал пункт меню: 18 в MainMenu
2026-02-06 21:49:51.882 [main] INFO  b.s.h.controller.RoomController - Начало обработки команды: поиск комнаты под номером 102
2026-02-06 21:49:51.920 [main] INFO  b.s.h.controller.RoomController - Комната под номером 102 успешно найдена
2026-02-06 21:49:56.049 [main] INFO  b.s.h.controller.RoomController - Начало обработки команды: установить статус UNDER_MAINTENANCE комнате с id=2
2026-02-06 21:49:56.096 [main] INFO  b.s.h.controller.RoomController - Статус комнаты с id=2 успешно обновлен на UNDER_MAINTENANCE
2026-02-06 21:49:59.469 [main] INFO  b.s.hoteladmin.ui.ConsoleUI - Пользователь выбрал пункт меню: 1 в MainMenu
2026-02-06 21:49:59.470 [main] INFO  b.s.h.controller.RoomController - Начало обработки команды: вывести все комнаты, критерий сортировки BY_ID
2026-02-06 21:49:59.486 [main] INFO  b.s.h.controller.RoomController - Комнаты успешно выведены и отсортированы по критерию BY_ID
2026-02-06 21:50:33.318 [main] INFO  b.s.hoteladmin.ui.ConsoleUI - Пользователь выбрал пункт меню: 0 в MainMenu
2026-02-06 21:59:04.329 [main] INFO  b.s.hoteladmin.ui.ConsoleUI - ConsoleUI инициализирован
2026-02-06 21:59:04.345 [main] INFO  b.s.hoteladmin.ui.ConsoleUI - Запуск приложения с главным меню: MainMenu
2026-02-06 21:59:04.345 [main] INFO  b.s.hoteladmin.ui.ConsoleUI - Начало работы главного цикла меню
2026-02-06 21:59:06.622 [main] INFO  b.s.hoteladmin.ui.ConsoleUI - Пользователь выбрал пункт меню: 1 в MainMenu
2026-02-06 21:59:06.623 [main] INFO  b.s.h.controller.RoomController - Начало обработки команды: вывести все комнаты, критерий сортировки BY_ID
2026-02-06 21:59:06.676 [main] INFO  org.hibernate.orm.core - HHH000001: Hibernate ORM core version 7.2.1.Final
2026-02-06 21:59:06.873 [main] WARN  o.hibernate.orm.connections.pooling - HHH10001002: Using built-in connection pool (not intended for production use)
2026-02-06 21:59:07.023 [main] WARN  org.hibernate.orm.deprecation - HHH90000025: PostgreSQLDialect does not need to be specified explicitly using 'hibernate.dialect' (remove the property setting and it will be selected by default)
2026-02-06 21:59:07.033 [main] INFO  o.hibernate.orm.connections.pooling - HHH10001005: Database info:
	Database JDBC URL [jdbc:postgresql://localhost:5432/SENLA-11]
	Database driver: PostgreSQL JDBC Driver
	Database dialect: PostgreSQLDialect
	Database version: 18.0
	Default catalog/schema: SENLA-11/public
	Autocommit mode: false
	Isolation level: READ_COMMITTED
	JDBC fetch size: none
	Pool: DriverManagerConnectionProvider
	Minimum pool size: 1
	Maximum pool size: 10
2026-02-06 21:59:07.498 [main] INFO  org.hibernate.orm.core - HHH000489: No JTA platform available (set 'hibernate.transaction.jta.platform' to enable JTA platform integration)
2026-02-06 21:59:07.523 [main] INFO  b.s.hoteladmin.db.HibernateUtil - SessionFactory успешно создана
2026-02-06 21:59:07.715 [main] ERROR b.s.h.dao.hibernate.RoomDaoHibernate - Ошибка при получении всех комнат
java.lang.IllegalArgumentException: No enum constant by.slava_borisov.hoteladmin.model.RoomStatus.UNDER_MAINTENANCE
	at java.base/java.lang.Enum.valueOf(Enum.java:293)
	at org.hibernate.type.descriptor.java.EnumJavaType.fromName(EnumJavaType.java:262)
	at org.hibernate.type.descriptor.java.EnumJavaType.wrap(EnumJavaType.java:129)
	at org.hibernate.type.descriptor.java.EnumJavaType.wrap(EnumJavaType.java:36)
	at org.hibernate.type.descriptor.jdbc.VarcharJdbcType$2.doExtract(VarcharJdbcType.java:117)
	at org.hibernate.type.descriptor.jdbc.BasicExtractor.extract(BasicExtractor.java:42)
	at org.hibernate.sql.results.jdbc.internal.JdbcValuesResultSetImpl.getCurrentRowValue(JdbcValuesResultSetImpl.java:381)
	at org.hibernate.sql.results.internal.RowProcessingStateStandardImpl.getJdbcValue(RowProcessingStateStandardImpl.java:148)
	at org.hibernate.sql.results.graph.basic.BasicResultAssembler.extractRawValue(BasicResultAssembler.java:52)
	at org.hibernate.sql.results.graph.basic.BasicResultAssembler.assemble(BasicResultAssembler.java:58)
	at org.hibernate.sql.results.graph.entity.internal.EntityInitializerImpl.extractConcreteTypeStateValues(EntityInitializerImpl.java:1882)
	at org.hibernate.sql.results.graph.entity.internal.EntityInitializerImpl.initializeEntityInstance(EntityInitializerImpl.java:1570)
	at org.hibernate.sql.results.graph.entity.internal.EntityInitializerImpl.initializeInstance(EntityInitializerImpl.java:1501)
	at org.hibernate.sql.results.graph.entity.internal.EntityInitializerImpl.initializeInstance(EntityInitializerImpl.java:80)
	at org.hibernate.sql.results.internal.StandardRowReader.coordinateInitializers(StandardRowReader.java:239)
	at org.hibernate.sql.results.internal.StandardRowReader.readRow(StandardRowReader.java:137)
	at org.hibernate.sql.results.spi.ListResultsConsumer.read(ListResultsConsumer.java:243)
	at org.hibernate.sql.results.spi.ListResultsConsumer.readRows(ListResultsConsumer.java:233)
	at org.hibernate.sql.results.spi.ListResultsConsumer.consume(ListResultsConsumer.java:164)
	at org.hibernate.sql.results.spi.ListResultsConsumer.consume(ListResultsConsumer.java:31)
	at org.hibernate.sql.exec.internal.JdbcSelectExecutorStandardImpl.doExecuteQuery(JdbcSelectExecutorStandardImpl.java:211)
	at org.hibernate.sql.exec.internal.JdbcSelectExecutorStandardImpl.executeQuery(JdbcSelectExecutorStandardImpl.java:100)
	at org.hibernate.sql.exec.spi.JdbcSelectExecutor.executeQuery(JdbcSelectExecutor.java:63)
	at org.hibernate.sql.exec.spi.JdbcSelectExecutor.list(JdbcSelectExecutor.java:137)
	at org.hibernate.query.sqm.internal.ConcreteSqmSelectQueryPlan.lambda$new$1(ConcreteSqmSelectQueryPlan.java:128)
	at org.hibernate.query.sqm.internal.ConcreteSqmSelectQueryPlan.withCacheableSqmInterpretation(ConcreteSqmSelectQueryPlan.java:427)
	at org.hibernate.query.sqm.internal.ConcreteSqmSelectQueryPlan.performList(ConcreteSqmSelectQueryPlan.java:355)
	at org.hibernate.query.sqm.internal.SqmQueryImpl.doList(SqmQueryImpl.java:374)
	at org.hibernate.query.spi.AbstractSelectionQuery.list(AbstractSelectionQuery.java:153)
	at by.slava_borisov.hoteladmin.dao.hibernate.RoomDaoHibernate.findAll(RoomDaoHibernate.java:142)
	at by.slava_borisov.hoteladmin.service.HotelFacade.viewAllRoomsSortedBy(HotelFacade.java:229)
	at by.slava_borisov.hoteladmin.controller.RoomController.displayAllRooms(RoomController.java:40)
	at by.slava_borisov.hoteladmin.ui.action.ShowAllRoomsAction.execute(ShowAllRoomsAction.java:20)
	at by.slava_borisov.hoteladmin.ui.menu.MenuItem.execute(MenuItem.java:19)
	at by.slava_borisov.hoteladmin.ui.menu.MainMenu.executeOption(MainMenu.java:77)
	at by.slava_borisov.hoteladmin.ui.ConsoleUI.run(ConsoleUI.java:99)
	at by.slava_borisov.hoteladmin.ui.ConsoleUI.start(ConsoleUI.java:82)
	at by.slava_borisov.hoteladmin.HotelAdminApp.main(HotelAdminApp.java:26)
2026-02-06 21:59:07.716 [main] INFO  b.s.h.controller.RoomController - Комнаты успешно выведены и отсортированы по критерию BY_ID
2026-02-06 21:59:16.164 [main] INFO  b.s.hoteladmin.ui.ConsoleUI - Пользователь выбрал пункт меню: 1 в MainMenu
2026-02-06 21:59:16.165 [main] INFO  b.s.h.controller.RoomController - Начало обработки команды: вывести все комнаты, критерий сортировки BY_ID
2026-02-06 21:59:16.177 [main] ERROR b.s.h.dao.hibernate.RoomDaoHibernate - Ошибка при получении всех комнат
java.lang.IllegalArgumentException: No enum constant by.slava_borisov.hoteladmin.model.RoomStatus.UNDER_MAINTENANCE
	at java.base/java.lang.Enum.valueOf(Enum.java:293)
	at org.hibernate.type.descriptor.java.EnumJavaType.fromName(EnumJavaType.java:262)
	at org.hibernate.type.descriptor.java.EnumJavaType.wrap(EnumJavaType.java:129)
	at org.hibernate.type.descriptor.java.EnumJavaType.wrap(EnumJavaType.java:36)
	at org.hibernate.type.descriptor.jdbc.VarcharJdbcType$2.doExtract(VarcharJdbcType.java:117)
	at org.hibernate.type.descriptor.jdbc.BasicExtractor.extract(BasicExtractor.java:42)
	at org.hibernate.sql.results.jdbc.internal.JdbcValuesResultSetImpl.getCurrentRowValue(JdbcValuesResultSetImpl.java:381)
	at org.hibernate.sql.results.internal.RowProcessingStateStandardImpl.getJdbcValue(RowProcessingStateStandardImpl.java:148)
	at org.hibernate.sql.results.graph.basic.BasicResultAssembler.extractRawValue(BasicResultAssembler.java:52)
	at org.hibernate.sql.results.graph.basic.BasicResultAssembler.assemble(BasicResultAssembler.java:58)
	at org.hibernate.sql.results.graph.entity.internal.EntityInitializerImpl.extractConcreteTypeStateValues(EntityInitializerImpl.java:1882)
	at org.hibernate.sql.results.graph.entity.internal.EntityInitializerImpl.initializeEntityInstance(EntityInitializerImpl.java:1570)
	at org.hibernate.sql.results.graph.entity.internal.EntityInitializerImpl.initializeInstance(EntityInitializerImpl.java:1501)
	at org.hibernate.sql.results.graph.entity.internal.EntityInitializerImpl.initializeInstance(EntityInitializerImpl.java:80)
	at org.hibernate.sql.results.internal.StandardRowReader.coordinateInitializers(StandardRowReader.java:239)
	at org.hibernate.sql.results.internal.StandardRowReader.readRow(StandardRowReader.java:137)
	at org.hibernate.sql.results.spi.ListResultsConsumer.read(ListResultsConsumer.java:243)
	at org.hibernate.sql.results.spi.ListResultsConsumer.readRows(ListResultsConsumer.java:233)
	at org.hibernate.sql.results.spi.ListResultsConsumer.consume(ListResultsConsumer.java:164)
	at org.hibernate.sql.results.spi.ListResultsConsumer.consume(ListResultsConsumer.java:31)
	at org.hibernate.sql.exec.internal.JdbcSelectExecutorStandardImpl.doExecuteQuery(JdbcSelectExecutorStandardImpl.java:211)
	at org.hibernate.sql.exec.internal.JdbcSelectExecutorStandardImpl.executeQuery(JdbcSelectExecutorStandardImpl.java:100)
	at org.hibernate.sql.exec.spi.JdbcSelectExecutor.executeQuery(JdbcSelectExecutor.java:63)
	at org.hibernate.sql.exec.spi.JdbcSelectExecutor.list(JdbcSelectExecutor.java:137)
	at org.hibernate.query.sqm.internal.ConcreteSqmSelectQueryPlan.lambda$new$1(ConcreteSqmSelectQueryPlan.java:128)
	at org.hibernate.query.sqm.internal.ConcreteSqmSelectQueryPlan.withCacheableSqmInterpretation(ConcreteSqmSelectQueryPlan.java:427)
	at org.hibernate.query.sqm.internal.ConcreteSqmSelectQueryPlan.performList(ConcreteSqmSelectQueryPlan.java:355)
	at org.hibernate.query.sqm.internal.SqmQueryImpl.doList(SqmQueryImpl.java:374)
	at org.hibernate.query.spi.AbstractSelectionQuery.list(AbstractSelectionQuery.java:153)
	at by.slava_borisov.hoteladmin.dao.hibernate.RoomDaoHibernate.findAll(RoomDaoHibernate.java:142)
	at by.slava_borisov.hoteladmin.service.HotelFacade.viewAllRoomsSortedBy(HotelFacade.java:229)
	at by.slava_borisov.hoteladmin.controller.RoomController.displayAllRooms(RoomController.java:40)
	at by.slava_borisov.hoteladmin.ui.action.ShowAllRoomsAction.execute(ShowAllRoomsAction.java:20)
	at by.slava_borisov.hoteladmin.ui.menu.MenuItem.execute(MenuItem.java:19)
	at by.slava_borisov.hoteladmin.ui.menu.MainMenu.executeOption(MainMenu.java:77)
	at by.slava_borisov.hoteladmin.ui.ConsoleUI.run(ConsoleUI.java:99)
	at by.slava_borisov.hoteladmin.ui.ConsoleUI.start(ConsoleUI.java:82)
	at by.slava_borisov.hoteladmin.HotelAdminApp.main(HotelAdminApp.java:26)
2026-02-06 21:59:16.179 [main] INFO  b.s.h.controller.RoomController - Комнаты успешно выведены и отсортированы по критерию BY_ID
2026-02-06 21:59:29.395 [main] INFO  b.s.hoteladmin.db.HibernateUtil - SessionFactory закрыта
2026-02-06 22:02:22.136 [main] INFO  b.s.hoteladmin.ui.ConsoleUI - ConsoleUI инициализирован
2026-02-06 22:02:22.151 [main] INFO  b.s.hoteladmin.ui.ConsoleUI - Запуск приложения с главным меню: MainMenu
2026-02-06 22:02:22.152 [main] INFO  b.s.hoteladmin.ui.ConsoleUI - Начало работы главного цикла меню
2026-02-06 22:02:23.989 [main] INFO  b.s.hoteladmin.ui.ConsoleUI - Пользователь выбрал пункт меню: 1 в MainMenu
2026-02-06 22:02:23.990 [main] INFO  b.s.h.controller.RoomController - Начало обработки команды: вывести все комнаты, критерий сортировки BY_ID
2026-02-06 22:02:24.044 [main] INFO  org.hibernate.orm.core - HHH000001: Hibernate ORM core version 7.2.1.Final
2026-02-06 22:02:24.246 [main] WARN  o.hibernate.orm.connections.pooling - HHH10001002: Using built-in connection pool (not intended for production use)
2026-02-06 22:02:24.390 [main] WARN  org.hibernate.orm.deprecation - HHH90000025: PostgreSQLDialect does not need to be specified explicitly using 'hibernate.dialect' (remove the property setting and it will be selected by default)
2026-02-06 22:02:24.399 [main] INFO  o.hibernate.orm.connections.pooling - HHH10001005: Database info:
	Database JDBC URL [jdbc:postgresql://localhost:5432/SENLA-11]
	Database driver: PostgreSQL JDBC Driver
	Database dialect: PostgreSQLDialect
	Database version: 18.0
	Default catalog/schema: SENLA-11/public
	Autocommit mode: false
	Isolation level: READ_COMMITTED
	JDBC fetch size: none
	Pool: DriverManagerConnectionProvider
	Minimum pool size: 1
	Maximum pool size: 10
2026-02-06 22:02:24.867 [main] INFO  org.hibernate.orm.core - HHH000489: No JTA platform available (set 'hibernate.transaction.jta.platform' to enable JTA platform integration)
2026-02-06 22:02:24.884 [main] INFO  b.s.hoteladmin.db.HibernateUtil - SessionFactory успешно создана
2026-02-06 22:02:25.076 [main] INFO  b.s.h.controller.RoomController - Комнаты успешно выведены и отсортированы по критерию BY_ID
2026-02-06 22:02:36.700 [main] INFO  b.s.hoteladmin.db.HibernateUtil - SessionFactory закрыта
2026-02-06 22:02:56.524 [main] INFO  b.s.hoteladmin.ui.ConsoleUI - ConsoleUI инициализирован
2026-02-06 22:02:56.539 [main] INFO  b.s.hoteladmin.ui.ConsoleUI - Запуск приложения с главным меню: MainMenu
2026-02-06 22:02:56.539 [main] INFO  b.s.hoteladmin.ui.ConsoleUI - Начало работы главного цикла меню
2026-02-06 22:02:58.466 [main] INFO  b.s.hoteladmin.ui.ConsoleUI - Пользователь выбрал пункт меню: 1 в MainMenu
2026-02-06 22:02:58.466 [main] INFO  b.s.h.controller.RoomController - Начало обработки команды: вывести все комнаты, критерий сортировки BY_ID
2026-02-06 22:02:58.512 [main] INFO  org.hibernate.orm.core - HHH000001: Hibernate ORM core version 7.2.1.Final
2026-02-06 22:02:58.705 [main] WARN  o.hibernate.orm.connections.pooling - HHH10001002: Using built-in connection pool (not intended for production use)
2026-02-06 22:02:58.844 [main] WARN  org.hibernate.orm.deprecation - HHH90000025: PostgreSQLDialect does not need to be specified explicitly using 'hibernate.dialect' (remove the property setting and it will be selected by default)
2026-02-06 22:02:58.854 [main] INFO  o.hibernate.orm.connections.pooling - HHH10001005: Database info:
	Database JDBC URL [jdbc:postgresql://localhost:5432/SENLA-11]
	Database driver: PostgreSQL JDBC Driver
	Database dialect: PostgreSQLDialect
	Database version: 18.0
	Default catalog/schema: SENLA-11/public
	Autocommit mode: false
	Isolation level: READ_COMMITTED
	JDBC fetch size: none
	Pool: DriverManagerConnectionProvider
	Minimum pool size: 1
	Maximum pool size: 10
2026-02-06 22:02:59.318 [main] INFO  org.hibernate.orm.core - HHH000489: No JTA platform available (set 'hibernate.transaction.jta.platform' to enable JTA platform integration)
2026-02-06 22:02:59.343 [main] INFO  b.s.hoteladmin.db.HibernateUtil - SessionFactory успешно создана
2026-02-06 22:02:59.545 [main] INFO  b.s.h.controller.RoomController - Комнаты успешно выведены и отсортированы по критерию BY_ID
2026-02-06 22:03:05.794 [main] INFO  b.s.hoteladmin.ui.ConsoleUI - Пользователь выбрал пункт меню: 0 в MainMenu
2026-02-11 19:36:28.661 [main] INFO  b.s.hoteladmin.ui.ConsoleUI - ConsoleUI инициализирован
2026-02-11 19:36:28.677 [main] INFO  b.s.hoteladmin.ui.ConsoleUI - Запуск приложения с главным меню: MainMenu
2026-02-11 19:36:28.677 [main] INFO  b.s.hoteladmin.ui.ConsoleUI - Начало работы главного цикла меню
2026-02-11 19:36:30.650 [main] INFO  b.s.hoteladmin.ui.ConsoleUI - Пользователь выбрал пункт меню: 1 в MainMenu
2026-02-11 19:36:30.651 [main] INFO  b.s.h.controller.RoomController - Начало обработки команды: вывести все комнаты, критерий сортировки BY_ID
2026-02-11 19:36:30.698 [main] INFO  org.hibernate.orm.core - HHH000001: Hibernate ORM core version 7.2.1.Final
2026-02-11 19:36:30.911 [main] WARN  o.hibernate.orm.connections.pooling - HHH10001002: Using built-in connection pool (not intended for production use)
2026-02-11 19:36:31.061 [main] WARN  org.hibernate.orm.deprecation - HHH90000025: PostgreSQLDialect does not need to be specified explicitly using 'hibernate.dialect' (remove the property setting and it will be selected by default)
2026-02-11 19:36:31.071 [main] INFO  o.hibernate.orm.connections.pooling - HHH10001005: Database info:
	Database JDBC URL [jdbc:postgresql://localhost:5432/SENLA-11]
	Database driver: PostgreSQL JDBC Driver
	Database dialect: PostgreSQLDialect
	Database version: 18.0
	Default catalog/schema: SENLA-11/public
	Autocommit mode: false
	Isolation level: READ_COMMITTED
	JDBC fetch size: none
	Pool: DriverManagerConnectionProvider
	Minimum pool size: 1
	Maximum pool size: 10
2026-02-11 19:36:31.549 [main] INFO  org.hibernate.orm.core - HHH000489: No JTA platform available (set 'hibernate.transaction.jta.platform' to enable JTA platform integration)
2026-02-11 19:36:31.575 [main] ERROR b.s.hoteladmin.db.HibernateUtil - Ошибка при создании SessionFactory
org.hibernate.tool.schema.spi.SchemaManagementException: Schema validation: wrong column type encountered in column [price] in table [amenities]; found [numeric (Types#NUMERIC)], but expecting [float(53) (Types#FLOAT)]
	at org.hibernate.tool.schema.internal.AbstractSchemaValidator.validateColumnType(AbstractSchemaValidator.java:154)
	at org.hibernate.tool.schema.internal.AbstractSchemaValidator.validateTable(AbstractSchemaValidator.java:141)
	at org.hibernate.tool.schema.internal.GroupedSchemaValidatorImpl.validateTables(GroupedSchemaValidatorImpl.java:42)
	at org.hibernate.tool.schema.internal.AbstractSchemaValidator.performValidation(AbstractSchemaValidator.java:90)
	at org.hibernate.tool.schema.internal.AbstractSchemaValidator.doValidation(AbstractSchemaValidator.java:68)
	at org.hibernate.tool.schema.spi.SchemaManagementToolCoordinator.performDatabaseAction(SchemaManagementToolCoordinator.java:278)
	at org.hibernate.tool.schema.spi.SchemaManagementToolCoordinator.lambda$process$1(SchemaManagementToolCoordinator.java:101)
	at java.base/java.util.HashMap.forEach(HashMap.java:1430)
	at org.hibernate.tool.schema.spi.SchemaManagementToolCoordinator.process(SchemaManagementToolCoordinator.java:100)
	at org.hibernate.boot.internal.SessionFactoryObserverForSchemaExport.sessionFactoryCreated(SessionFactoryObserverForSchemaExport.java:35)
	at org.hibernate.internal.SessionFactoryObserverChain.sessionFactoryCreated(SessionFactoryObserverChain.java:33)
	at org.hibernate.internal.SessionFactoryImpl.<init>(SessionFactoryImpl.java:323)
	at org.hibernate.internal.SessionFactoryRegistry.instantiateSessionFactory(SessionFactoryRegistry.java:64)
	at org.hibernate.boot.internal.SessionFactoryBuilderImpl.build(SessionFactoryBuilderImpl.java:437)
	at org.hibernate.cfg.Configuration.buildSessionFactory(Configuration.java:1115)
	at org.hibernate.cfg.Configuration.buildSessionFactory(Configuration.java:1134)
	at by.slava_borisov.hoteladmin.db.HibernateUtil.<clinit>(HibernateUtil.java:22)
	at by.slava_borisov.hoteladmin.dao.hibernate.RoomDaoHibernate.findAll(RoomDaoHibernate.java:141)
	at by.slava_borisov.hoteladmin.service.HotelFacade.viewAllRoomsSortedBy(HotelFacade.java:237)
	at by.slava_borisov.hoteladmin.controller.RoomController.displayAllRooms(RoomController.java:40)
	at by.slava_borisov.hoteladmin.ui.action.ShowAllRoomsAction.execute(ShowAllRoomsAction.java:20)
	at by.slava_borisov.hoteladmin.ui.menu.MenuItem.execute(MenuItem.java:19)
	at by.slava_borisov.hoteladmin.ui.menu.MainMenu.executeOption(MainMenu.java:77)
	at by.slava_borisov.hoteladmin.ui.ConsoleUI.run(ConsoleUI.java:99)
	at by.slava_borisov.hoteladmin.ui.ConsoleUI.start(ConsoleUI.java:82)
	at by.slava_borisov.hoteladmin.HotelAdminApp.main(HotelAdminApp.java:26)
2026-02-11 19:40:15.586 [main] INFO  b.s.hoteladmin.ui.ConsoleUI - ConsoleUI инициализирован
2026-02-11 19:40:15.606 [main] INFO  b.s.hoteladmin.ui.ConsoleUI - Запуск приложения с главным меню: MainMenu
2026-02-11 19:40:15.606 [main] INFO  b.s.hoteladmin.ui.ConsoleUI - Начало работы главного цикла меню
2026-02-11 19:40:17.575 [main] INFO  b.s.hoteladmin.ui.ConsoleUI - Пользователь выбрал пункт меню: 1 в MainMenu
2026-02-11 19:40:17.576 [main] INFO  b.s.h.controller.RoomController - Начало обработки команды: вывести все комнаты, критерий сортировки BY_ID
2026-02-11 19:40:17.633 [main] INFO  org.hibernate.orm.core - HHH000001: Hibernate ORM core version 7.2.1.Final
2026-02-11 19:40:17.848 [main] WARN  o.hibernate.orm.connections.pooling - HHH10001002: Using built-in connection pool (not intended for production use)
2026-02-11 19:40:17.990 [main] WARN  org.hibernate.orm.deprecation - HHH90000025: PostgreSQLDialect does not need to be specified explicitly using 'hibernate.dialect' (remove the property setting and it will be selected by default)
2026-02-11 19:40:18.000 [main] INFO  o.hibernate.orm.connections.pooling - HHH10001005: Database info:
	Database JDBC URL [jdbc:postgresql://localhost:5432/SENLA-11]
	Database driver: PostgreSQL JDBC Driver
	Database dialect: PostgreSQLDialect
	Database version: 18.0
	Default catalog/schema: SENLA-11/public
	Autocommit mode: false
	Isolation level: READ_COMMITTED
	JDBC fetch size: none
	Pool: DriverManagerConnectionProvider
	Minimum pool size: 1
	Maximum pool size: 10
2026-02-11 19:40:18.477 [main] INFO  org.hibernate.orm.core - HHH000489: No JTA platform available (set 'hibernate.transaction.jta.platform' to enable JTA platform integration)
2026-02-11 19:40:18.504 [main] ERROR b.s.hoteladmin.db.HibernateUtil - Ошибка при создании SessionFactory
org.hibernate.tool.schema.spi.SchemaManagementException: Schema validation: wrong column type encountered in column [price] in table [amenities]; found [numeric (Types#NUMERIC)], but expecting [float(53) (Types#FLOAT)]
	at org.hibernate.tool.schema.internal.AbstractSchemaValidator.validateColumnType(AbstractSchemaValidator.java:154)
	at org.hibernate.tool.schema.internal.AbstractSchemaValidator.validateTable(AbstractSchemaValidator.java:141)
	at org.hibernate.tool.schema.internal.GroupedSchemaValidatorImpl.validateTables(GroupedSchemaValidatorImpl.java:42)
	at org.hibernate.tool.schema.internal.AbstractSchemaValidator.performValidation(AbstractSchemaValidator.java:90)
	at org.hibernate.tool.schema.internal.AbstractSchemaValidator.doValidation(AbstractSchemaValidator.java:68)
	at org.hibernate.tool.schema.spi.SchemaManagementToolCoordinator.performDatabaseAction(SchemaManagementToolCoordinator.java:278)
	at org.hibernate.tool.schema.spi.SchemaManagementToolCoordinator.lambda$process$1(SchemaManagementToolCoordinator.java:101)
	at java.base/java.util.HashMap.forEach(HashMap.java:1430)
	at org.hibernate.tool.schema.spi.SchemaManagementToolCoordinator.process(SchemaManagementToolCoordinator.java:100)
	at org.hibernate.boot.internal.SessionFactoryObserverForSchemaExport.sessionFactoryCreated(SessionFactoryObserverForSchemaExport.java:35)
	at org.hibernate.internal.SessionFactoryObserverChain.sessionFactoryCreated(SessionFactoryObserverChain.java:33)
	at org.hibernate.internal.SessionFactoryImpl.<init>(SessionFactoryImpl.java:323)
	at org.hibernate.internal.SessionFactoryRegistry.instantiateSessionFactory(SessionFactoryRegistry.java:64)
	at org.hibernate.boot.internal.SessionFactoryBuilderImpl.build(SessionFactoryBuilderImpl.java:437)
	at org.hibernate.cfg.Configuration.buildSessionFactory(Configuration.java:1115)
	at org.hibernate.cfg.Configuration.buildSessionFactory(Configuration.java:1134)
	at by.slava_borisov.hoteladmin.db.HibernateUtil.<clinit>(HibernateUtil.java:22)
	at by.slava_borisov.hoteladmin.dao.hibernate.RoomDaoHibernate.findAll(RoomDaoHibernate.java:141)
	at by.slava_borisov.hoteladmin.service.HotelFacade.viewAllRoomsSortedBy(HotelFacade.java:237)
	at by.slava_borisov.hoteladmin.controller.RoomController.displayAllRooms(RoomController.java:40)
	at by.slava_borisov.hoteladmin.ui.action.ShowAllRoomsAction.execute(ShowAllRoomsAction.java:20)
	at by.slava_borisov.hoteladmin.ui.menu.MenuItem.execute(MenuItem.java:19)
	at by.slava_borisov.hoteladmin.ui.menu.MainMenu.executeOption(MainMenu.java:77)
	at by.slava_borisov.hoteladmin.ui.ConsoleUI.run(ConsoleUI.java:99)
	at by.slava_borisov.hoteladmin.ui.ConsoleUI.start(ConsoleUI.java:82)
	at by.slava_borisov.hoteladmin.HotelAdminApp.main(HotelAdminApp.java:26)
2026-02-11 19:45:40.956 [main] INFO  b.s.hoteladmin.ui.ConsoleUI - ConsoleUI инициализирован
2026-02-11 19:45:40.974 [main] INFO  b.s.hoteladmin.ui.ConsoleUI - Запуск приложения с главным меню: MainMenu
2026-02-11 19:45:40.975 [main] INFO  b.s.hoteladmin.ui.ConsoleUI - Начало работы главного цикла меню
2026-02-11 19:45:43.096 [main] INFO  b.s.hoteladmin.ui.ConsoleUI - Пользователь выбрал пункт меню: 1 в MainMenu
2026-02-11 19:45:43.097 [main] INFO  b.s.h.controller.RoomController - Начало обработки команды: вывести все комнаты, критерий сортировки BY_ID
2026-02-11 19:45:43.155 [main] INFO  org.hibernate.orm.core - HHH000001: Hibernate ORM core version 7.2.1.Final
2026-02-11 19:45:43.369 [main] WARN  o.hibernate.orm.connections.pooling - HHH10001002: Using built-in connection pool (not intended for production use)
2026-02-11 19:45:43.509 [main] WARN  org.hibernate.orm.deprecation - HHH90000025: PostgreSQLDialect does not need to be specified explicitly using 'hibernate.dialect' (remove the property setting and it will be selected by default)
2026-02-11 19:45:43.516 [main] INFO  o.hibernate.orm.connections.pooling - HHH10001005: Database info:
	Database JDBC URL [jdbc:postgresql://localhost:5432/SENLA-11]
	Database driver: PostgreSQL JDBC Driver
	Database dialect: PostgreSQLDialect
	Database version: 18.0
	Default catalog/schema: SENLA-11/public
	Autocommit mode: false
	Isolation level: READ_COMMITTED
	JDBC fetch size: none
	Pool: DriverManagerConnectionProvider
	Minimum pool size: 1
	Maximum pool size: 10
2026-02-11 19:45:43.997 [main] INFO  org.hibernate.orm.core - HHH000489: No JTA platform available (set 'hibernate.transaction.jta.platform' to enable JTA platform integration)
2026-02-11 19:45:44.024 [main] ERROR b.s.hoteladmin.db.HibernateUtil - Ошибка при создании SessionFactory
org.hibernate.tool.schema.spi.SchemaManagementException: Schema validation: wrong column type encountered in column [price_per_night] in table [rooms]; found [numeric (Types#NUMERIC)], but expecting [float(53) (Types#FLOAT)]
	at org.hibernate.tool.schema.internal.AbstractSchemaValidator.validateColumnType(AbstractSchemaValidator.java:154)
	at org.hibernate.tool.schema.internal.AbstractSchemaValidator.validateTable(AbstractSchemaValidator.java:141)
	at org.hibernate.tool.schema.internal.GroupedSchemaValidatorImpl.validateTables(GroupedSchemaValidatorImpl.java:42)
	at org.hibernate.tool.schema.internal.AbstractSchemaValidator.performValidation(AbstractSchemaValidator.java:90)
	at org.hibernate.tool.schema.internal.AbstractSchemaValidator.doValidation(AbstractSchemaValidator.java:68)
	at org.hibernate.tool.schema.spi.SchemaManagementToolCoordinator.performDatabaseAction(SchemaManagementToolCoordinator.java:278)
	at org.hibernate.tool.schema.spi.SchemaManagementToolCoordinator.lambda$process$1(SchemaManagementToolCoordinator.java:101)
	at java.base/java.util.HashMap.forEach(HashMap.java:1430)
	at org.hibernate.tool.schema.spi.SchemaManagementToolCoordinator.process(SchemaManagementToolCoordinator.java:100)
	at org.hibernate.boot.internal.SessionFactoryObserverForSchemaExport.sessionFactoryCreated(SessionFactoryObserverForSchemaExport.java:35)
	at org.hibernate.internal.SessionFactoryObserverChain.sessionFactoryCreated(SessionFactoryObserverChain.java:33)
	at org.hibernate.internal.SessionFactoryImpl.<init>(SessionFactoryImpl.java:323)
	at org.hibernate.internal.SessionFactoryRegistry.instantiateSessionFactory(SessionFactoryRegistry.java:64)
	at org.hibernate.boot.internal.SessionFactoryBuilderImpl.build(SessionFactoryBuilderImpl.java:437)
	at org.hibernate.cfg.Configuration.buildSessionFactory(Configuration.java:1115)
	at org.hibernate.cfg.Configuration.buildSessionFactory(Configuration.java:1134)
	at by.slava_borisov.hoteladmin.db.HibernateUtil.<clinit>(HibernateUtil.java:22)
	at by.slava_borisov.hoteladmin.dao.hibernate.RoomDaoHibernate.findAll(RoomDaoHibernate.java:141)
	at by.slava_borisov.hoteladmin.service.HotelFacade.viewAllRoomsSortedBy(HotelFacade.java:237)
	at by.slava_borisov.hoteladmin.controller.RoomController.displayAllRooms(RoomController.java:40)
	at by.slava_borisov.hoteladmin.ui.action.ShowAllRoomsAction.execute(ShowAllRoomsAction.java:20)
	at by.slava_borisov.hoteladmin.ui.menu.MenuItem.execute(MenuItem.java:19)
	at by.slava_borisov.hoteladmin.ui.menu.MainMenu.executeOption(MainMenu.java:77)
	at by.slava_borisov.hoteladmin.ui.ConsoleUI.run(ConsoleUI.java:99)
	at by.slava_borisov.hoteladmin.ui.ConsoleUI.start(ConsoleUI.java:82)
	at by.slava_borisov.hoteladmin.HotelAdminApp.main(HotelAdminApp.java:26)
2026-02-11 19:47:11.051 [main] INFO  b.s.hoteladmin.ui.ConsoleUI - ConsoleUI инициализирован
2026-02-11 19:47:11.071 [main] INFO  b.s.hoteladmin.ui.ConsoleUI - Запуск приложения с главным меню: MainMenu
2026-02-11 19:47:11.071 [main] INFO  b.s.hoteladmin.ui.ConsoleUI - Начало работы главного цикла меню
2026-02-11 19:47:12.622 [main] INFO  b.s.hoteladmin.ui.ConsoleUI - Пользователь выбрал пункт меню: 1 в MainMenu
2026-02-11 19:47:12.622 [main] INFO  b.s.h.controller.RoomController - Начало обработки команды: вывести все комнаты, критерий сортировки BY_ID
2026-02-11 19:47:12.678 [main] INFO  org.hibernate.orm.core - HHH000001: Hibernate ORM core version 7.2.1.Final
2026-02-11 19:47:12.892 [main] WARN  o.hibernate.orm.connections.pooling - HHH10001002: Using built-in connection pool (not intended for production use)
2026-02-11 19:47:13.042 [main] WARN  org.hibernate.orm.deprecation - HHH90000025: PostgreSQLDialect does not need to be specified explicitly using 'hibernate.dialect' (remove the property setting and it will be selected by default)
2026-02-11 19:47:13.052 [main] INFO  o.hibernate.orm.connections.pooling - HHH10001005: Database info:
	Database JDBC URL [jdbc:postgresql://localhost:5432/SENLA-11]
	Database driver: PostgreSQL JDBC Driver
	Database dialect: PostgreSQLDialect
	Database version: 18.0
	Default catalog/schema: SENLA-11/public
	Autocommit mode: false
	Isolation level: READ_COMMITTED
	JDBC fetch size: none
	Pool: DriverManagerConnectionProvider
	Minimum pool size: 1
	Maximum pool size: 10
2026-02-11 19:47:13.535 [main] INFO  org.hibernate.orm.core - HHH000489: No JTA platform available (set 'hibernate.transaction.jta.platform' to enable JTA platform integration)
2026-02-11 19:47:13.560 [main] ERROR b.s.hoteladmin.db.HibernateUtil - Ошибка при создании SessionFactory
org.hibernate.tool.schema.spi.SchemaManagementException: Schema validation: wrong column type encountered in column [price_per_night] in table [rooms]; found [numeric (Types#NUMERIC)], but expecting [float(53) (Types#FLOAT)]
	at org.hibernate.tool.schema.internal.AbstractSchemaValidator.validateColumnType(AbstractSchemaValidator.java:154)
	at org.hibernate.tool.schema.internal.AbstractSchemaValidator.validateTable(AbstractSchemaValidator.java:141)
	at org.hibernate.tool.schema.internal.GroupedSchemaValidatorImpl.validateTables(GroupedSchemaValidatorImpl.java:42)
	at org.hibernate.tool.schema.internal.AbstractSchemaValidator.performValidation(AbstractSchemaValidator.java:90)
	at org.hibernate.tool.schema.internal.AbstractSchemaValidator.doValidation(AbstractSchemaValidator.java:68)
	at org.hibernate.tool.schema.spi.SchemaManagementToolCoordinator.performDatabaseAction(SchemaManagementToolCoordinator.java:278)
	at org.hibernate.tool.schema.spi.SchemaManagementToolCoordinator.lambda$process$1(SchemaManagementToolCoordinator.java:101)
	at java.base/java.util.HashMap.forEach(HashMap.java:1430)
	at org.hibernate.tool.schema.spi.SchemaManagementToolCoordinator.process(SchemaManagementToolCoordinator.java:100)
	at org.hibernate.boot.internal.SessionFactoryObserverForSchemaExport.sessionFactoryCreated(SessionFactoryObserverForSchemaExport.java:35)
	at org.hibernate.internal.SessionFactoryObserverChain.sessionFactoryCreated(SessionFactoryObserverChain.java:33)
	at org.hibernate.internal.SessionFactoryImpl.<init>(SessionFactoryImpl.java:323)
	at org.hibernate.internal.SessionFactoryRegistry.instantiateSessionFactory(SessionFactoryRegistry.java:64)
	at org.hibernate.boot.internal.SessionFactoryBuilderImpl.build(SessionFactoryBuilderImpl.java:437)
	at org.hibernate.cfg.Configuration.buildSessionFactory(Configuration.java:1115)
	at org.hibernate.cfg.Configuration.buildSessionFactory(Configuration.java:1134)
	at by.slava_borisov.hoteladmin.db.HibernateUtil.<clinit>(HibernateUtil.java:22)
	at by.slava_borisov.hoteladmin.dao.hibernate.RoomDaoHibernate.findAll(RoomDaoHibernate.java:141)
	at by.slava_borisov.hoteladmin.service.HotelFacade.viewAllRoomsSortedBy(HotelFacade.java:237)
	at by.slava_borisov.hoteladmin.controller.RoomController.displayAllRooms(RoomController.java:40)
	at by.slava_borisov.hoteladmin.ui.action.ShowAllRoomsAction.execute(ShowAllRoomsAction.java:20)
	at by.slava_borisov.hoteladmin.ui.menu.MenuItem.execute(MenuItem.java:19)
	at by.slava_borisov.hoteladmin.ui.menu.MainMenu.executeOption(MainMenu.java:77)
	at by.slava_borisov.hoteladmin.ui.ConsoleUI.run(ConsoleUI.java:99)
	at by.slava_borisov.hoteladmin.ui.ConsoleUI.start(ConsoleUI.java:82)
	at by.slava_borisov.hoteladmin.HotelAdminApp.main(HotelAdminApp.java:26)
2026-02-11 19:49:21.144 [main] INFO  b.s.hoteladmin.ui.ConsoleUI - ConsoleUI инициализирован
2026-02-11 19:49:21.162 [main] INFO  b.s.hoteladmin.ui.ConsoleUI - Запуск приложения с главным меню: MainMenu
2026-02-11 19:49:21.162 [main] INFO  b.s.hoteladmin.ui.ConsoleUI - Начало работы главного цикла меню
2026-02-11 19:49:22.639 [main] INFO  b.s.hoteladmin.ui.ConsoleUI - Пользователь выбрал пункт меню: 1 в MainMenu
2026-02-11 19:49:22.639 [main] INFO  b.s.h.controller.RoomController - Начало обработки команды: вывести все комнаты, критерий сортировки BY_ID
2026-02-11 19:49:22.698 [main] INFO  org.hibernate.orm.core - HHH000001: Hibernate ORM core version 7.2.1.Final
2026-02-11 19:49:22.915 [main] WARN  o.hibernate.orm.connections.pooling - HHH10001002: Using built-in connection pool (not intended for production use)
2026-02-11 19:49:23.063 [main] WARN  org.hibernate.orm.deprecation - HHH90000025: PostgreSQLDialect does not need to be specified explicitly using 'hibernate.dialect' (remove the property setting and it will be selected by default)
2026-02-11 19:49:23.072 [main] INFO  o.hibernate.orm.connections.pooling - HHH10001005: Database info:
	Database JDBC URL [jdbc:postgresql://localhost:5432/SENLA-11]
	Database driver: PostgreSQL JDBC Driver
	Database dialect: PostgreSQLDialect
	Database version: 18.0
	Default catalog/schema: SENLA-11/public
	Autocommit mode: false
	Isolation level: READ_COMMITTED
	JDBC fetch size: none
	Pool: DriverManagerConnectionProvider
	Minimum pool size: 1
	Maximum pool size: 10
2026-02-11 19:49:23.560 [main] INFO  org.hibernate.orm.core - HHH000489: No JTA platform available (set 'hibernate.transaction.jta.platform' to enable JTA platform integration)
2026-02-11 19:49:23.588 [main] INFO  b.s.hoteladmin.db.HibernateUtil - SessionFactory успешно создана
2026-02-11 19:49:23.782 [main] INFO  b.s.h.controller.RoomController - Комнаты успешно выведены и отсортированы по критерию BY_ID
2026-02-11 19:49:32.425 [main] INFO  b.s.hoteladmin.ui.ConsoleUI - Пользователь выбрал пункт меню: 11 в MainMenu
2026-02-11 19:49:32.426 [main] INFO  b.s.h.controller.GuestController - Начало обработки команды: получить услуги отсортированные по цене
2026-02-11 19:49:32.454 [main] INFO  b.s.h.controller.GuestController - Услуги отсортированные по цене успешно получены (0 услуг)
2026-02-11 19:49:33.674 [main] INFO  b.s.hoteladmin.ui.ConsoleUI - Пользователь выбрал пункт меню: 12 в MainMenu
2026-02-11 19:49:33.675 [main] INFO  b.s.h.controller.GuestController - Начало обработки команды: получить услуги отсортированные по категории
2026-02-11 19:49:33.734 [main] INFO  b.s.h.controller.GuestController - Услуги отсортированные по категории успешно получены (0 услуг)
2026-02-11 19:49:34.657 [main] INFO  b.s.hoteladmin.ui.ConsoleUI - Пользователь выбрал пункт меню: 13 в MainMenu
2026-02-11 19:49:34.658 [main] INFO  b.s.h.controller.RoomController - Начало обработки команды: получить все комнаты отсортированные по цене
2026-02-11 19:49:34.665 [main] INFO  b.s.h.controller.RoomController - Комнаты отсортированные по цене успешно получены (0 комнат)
2026-02-11 19:49:35.662 [main] INFO  b.s.hoteladmin.ui.ConsoleUI - Пользователь выбрал пункт меню: 14 в MainMenu
2026-02-11 20:05:39.037 [main] INFO  b.s.hoteladmin.ui.ConsoleUI - ConsoleUI инициализирован
2026-02-11 20:05:39.053 [main] INFO  b.s.hoteladmin.ui.ConsoleUI - Запуск приложения с главным меню: MainMenu
2026-02-11 20:05:39.054 [main] INFO  b.s.hoteladmin.ui.ConsoleUI - Начало работы главного цикла меню
2026-02-11 20:05:44.656 [main] INFO  b.s.hoteladmin.ui.ConsoleUI - Пользователь выбрал пункт меню: 1 в MainMenu
2026-02-11 20:05:44.657 [main] INFO  b.s.h.controller.RoomController - Начало обработки команды: вывести все комнаты, критерий сортировки BY_ID
2026-02-11 20:05:44.714 [main] INFO  org.hibernate.orm.core - HHH000001: Hibernate ORM core version 7.2.1.Final
2026-02-11 20:05:44.929 [main] WARN  o.hibernate.orm.connections.pooling - HHH10001002: Using built-in connection pool (not intended for production use)
2026-02-11 20:05:45.074 [main] WARN  org.hibernate.orm.deprecation - HHH90000025: PostgreSQLDialect does not need to be specified explicitly using 'hibernate.dialect' (remove the property setting and it will be selected by default)
2026-02-11 20:05:45.083 [main] INFO  o.hibernate.orm.connections.pooling - HHH10001005: Database info:
	Database JDBC URL [jdbc:postgresql://localhost:5432/SENLA-11]
	Database driver: PostgreSQL JDBC Driver
	Database dialect: PostgreSQLDialect
	Database version: 18.0
	Default catalog/schema: SENLA-11/public
	Autocommit mode: false
	Isolation level: READ_COMMITTED
	JDBC fetch size: none
	Pool: DriverManagerConnectionProvider
	Minimum pool size: 1
	Maximum pool size: 10
2026-02-11 20:05:45.563 [main] INFO  org.hibernate.orm.core - HHH000489: No JTA platform available (set 'hibernate.transaction.jta.platform' to enable JTA platform integration)
2026-02-11 20:05:45.590 [main] INFO  b.s.hoteladmin.db.HibernateUtil - SessionFactory успешно создана
2026-02-11 20:05:45.779 [main] INFO  b.s.h.controller.RoomController - Комнаты успешно выведены и отсортированы по критерию BY_ID
2026-02-11 20:05:50.980 [main] INFO  b.s.hoteladmin.ui.ConsoleUI - Пользователь выбрал пункт меню: 1 в MainMenu
2026-02-11 20:05:50.981 [main] INFO  b.s.h.controller.RoomController - Начало обработки команды: вывести все комнаты, критерий сортировки BY_ID
2026-02-11 20:05:50.992 [main] INFO  b.s.h.controller.RoomController - Комнаты успешно выведены и отсортированы по критерию BY_ID
2026-02-11 20:05:55.155 [main] INFO  b.s.hoteladmin.ui.ConsoleUI - Пользователь выбрал пункт меню: 11 в MainMenu
2026-02-11 20:05:55.155 [main] INFO  b.s.h.controller.GuestController - Начало обработки команды: получить услуги отсортированные по цене
2026-02-11 20:05:55.181 [main] INFO  b.s.h.controller.GuestController - Услуги отсортированные по цене успешно получены (0 услуг)
2026-02-11 20:05:56.096 [main] INFO  b.s.hoteladmin.ui.ConsoleUI - Пользователь выбрал пункт меню: 12 в MainMenu
2026-02-11 20:05:56.097 [main] INFO  b.s.h.controller.GuestController - Начало обработки команды: получить услуги отсортированные по категории
2026-02-11 20:05:56.155 [main] INFO  b.s.h.controller.GuestController - Услуги отсортированные по категории успешно получены (0 услуг)
2026-02-11 20:05:57.054 [main] INFO  b.s.hoteladmin.ui.ConsoleUI - Пользователь выбрал пункт меню: 13 в MainMenu
2026-02-11 20:05:57.055 [main] INFO  b.s.h.controller.RoomController - Начало обработки команды: получить все комнаты отсортированные по цене
2026-02-11 20:05:57.064 [main] INFO  b.s.h.controller.RoomController - Комнаты отсортированные по цене успешно получены (0 комнат)
2026-02-11 20:05:57.917 [main] INFO  b.s.hoteladmin.ui.ConsoleUI - Пользователь выбрал пункт меню: 14 в MainMenu
2026-02-11 20:11:03.996 [main] INFO  b.s.hoteladmin.ui.ConsoleUI - ConsoleUI инициализирован
2026-02-11 20:11:04.013 [main] INFO  b.s.hoteladmin.ui.ConsoleUI - Запуск приложения с главным меню: MainMenu
2026-02-11 20:11:04.013 [main] INFO  b.s.hoteladmin.ui.ConsoleUI - Начало работы главного цикла меню
2026-02-11 20:11:05.593 [main] INFO  b.s.hoteladmin.ui.ConsoleUI - Пользователь выбрал пункт меню: 1 в MainMenu
2026-02-11 20:11:05.593 [main] INFO  b.s.h.controller.RoomController - Начало обработки команды: вывести все комнаты, критерий сортировки BY_ID
2026-02-11 20:11:05.652 [main] INFO  org.hibernate.orm.core - HHH000001: Hibernate ORM core version 7.2.1.Final
2026-02-11 20:11:05.864 [main] WARN  o.hibernate.orm.connections.pooling - HHH10001002: Using built-in connection pool (not intended for production use)
2026-02-11 20:11:06.013 [main] WARN  org.hibernate.orm.deprecation - HHH90000025: PostgreSQLDialect does not need to be specified explicitly using 'hibernate.dialect' (remove the property setting and it will be selected by default)
2026-02-11 20:11:06.021 [main] INFO  o.hibernate.orm.connections.pooling - HHH10001005: Database info:
	Database JDBC URL [jdbc:postgresql://localhost:5432/SENLA-11]
	Database driver: PostgreSQL JDBC Driver
	Database dialect: PostgreSQLDialect
	Database version: 18.0
	Default catalog/schema: SENLA-11/public
	Autocommit mode: false
	Isolation level: READ_COMMITTED
	JDBC fetch size: none
	Pool: DriverManagerConnectionProvider
	Minimum pool size: 1
	Maximum pool size: 10
2026-02-11 20:11:06.504 [main] INFO  org.hibernate.orm.core - HHH000489: No JTA platform available (set 'hibernate.transaction.jta.platform' to enable JTA platform integration)
2026-02-11 20:11:06.531 [main] INFO  b.s.hoteladmin.db.HibernateUtil - SessionFactory успешно создана
2026-02-11 20:11:06.731 [main] INFO  b.s.h.controller.RoomController - Комнаты успешно выведены и отсортированы по критерию BY_ID
2026-02-11 20:11:16.355 [main] INFO  b.s.hoteladmin.ui.ConsoleUI - Пользователь выбрал пункт меню: 10 в MainMenu
2026-02-11 20:11:16.356 [main] INFO  b.s.h.controller.GuestController - Начало обработки команды: получить все услуги
2026-02-11 20:11:16.367 [main] INFO  b.s.h.controller.GuestController - Все услуги успешно получены (15 услуг)
2026-02-11 20:11:18.454 [main] INFO  b.s.hoteladmin.ui.ConsoleUI - Пользователь выбрал пункт меню: 11 в MainMenu
2026-02-11 20:11:18.455 [main] INFO  b.s.h.controller.GuestController - Начало обработки команды: получить услуги отсортированные по цене
2026-02-11 20:11:18.492 [main] INFO  b.s.h.controller.GuestController - Услуги отсортированные по цене успешно получены (15 услуг)
2026-02-11 20:11:19.363 [main] INFO  b.s.hoteladmin.ui.ConsoleUI - Пользователь выбрал пункт меню: 12 в MainMenu
2026-02-11 20:11:19.364 [main] INFO  b.s.h.controller.GuestController - Начало обработки команды: получить услуги отсортированные по категории
2026-02-11 20:11:19.426 [main] INFO  b.s.h.controller.GuestController - Услуги отсортированные по категории успешно получены (15 услуг)
2026-02-11 20:11:20.266 [main] INFO  b.s.hoteladmin.ui.ConsoleUI - Пользователь выбрал пункт меню: 13 в MainMenu
2026-02-11 20:11:20.267 [main] INFO  b.s.h.controller.RoomController - Начало обработки команды: получить все комнаты отсортированные по цене
2026-02-11 20:11:20.279 [main] INFO  b.s.h.controller.RoomController - Комнаты отсортированные по цене успешно получены (12 комнат)
2026-02-11 20:11:21.144 [main] INFO  b.s.hoteladmin.ui.ConsoleUI - Пользователь выбрал пункт меню: 14 в MainMenu
2026-02-11 20:11:25.826 [main] INFO  b.s.hoteladmin.ui.ConsoleUI - Пользователь выбрал пункт меню: 21 в MainMenu
2026-02-11 20:11:40.668 [main] INFO  b.s.h.controller.GuestController - Начало обработки команды: добавление услуги Что-то  с ценой 2500.0 и категорией кое-что
2026-02-11 20:11:40.704 [main] INFO  b.s.h.controller.GuestController - Услуга Что-то успешно добавлена
2026-02-11 20:11:42.947 [main] INFO  b.s.hoteladmin.ui.ConsoleUI - Пользователь выбрал пункт меню: 10 в MainMenu
2026-02-11 20:11:42.948 [main] INFO  b.s.h.controller.GuestController - Начало обработки команды: получить все услуги
2026-02-11 20:11:42.961 [main] INFO  b.s.h.controller.GuestController - Все услуги успешно получены (16 услуг)
2026-02-11 20:11:57.391 [main] INFO  b.s.hoteladmin.ui.ConsoleUI - Пользователь выбрал пункт меню: 22 в MainMenu
2026-02-11 20:12:07.813 [main] INFO  b.s.h.controller.GuestController - Начало обработки команды: изменение цены услуги id=16, новая цена 9999.0
2026-02-11 20:12:07.854 [main] INFO  b.s.h.controller.GuestController - Цена услуги id=16 успешно изменена на 9999.0
2026-02-11 20:12:09.266 [main] INFO  b.s.hoteladmin.ui.ConsoleUI - Пользователь выбрал пункт меню: 10 в MainMenu
2026-02-11 20:12:09.267 [main] INFO  b.s.h.controller.GuestController - Начало обработки команды: получить все услуги
2026-02-11 20:12:09.274 [main] INFO  b.s.h.controller.GuestController - Все услуги успешно получены (16 услуг)
2026-02-11 20:12:23.247 [main] INFO  b.s.hoteladmin.ui.ConsoleUI - Пользователь выбрал пункт меню: 0 в MainMenu
2026-02-12 15:15:58.152 [main] INFO  b.s.hoteladmin.ui.ConsoleUI - ConsoleUI инициализирован
2026-02-12 15:15:58.169 [main] INFO  b.s.hoteladmin.ui.ConsoleUI - Запуск приложения с главным меню: MainMenu
2026-02-12 15:15:58.169 [main] INFO  b.s.hoteladmin.ui.ConsoleUI - Начало работы главного цикла меню
2026-02-12 15:16:50.528 [main] INFO  b.s.hoteladmin.ui.ConsoleUI - Пользователь выбрал пункт меню: 1 в MainMenu
2026-02-12 15:16:50.530 [main] INFO  b.s.h.controller.RoomController - Начало обработки команды: вывести все комнаты, критерий сортировки BY_ID
2026-02-12 15:16:50.585 [main] INFO  org.hibernate.orm.core - HHH000001: Hibernate ORM core version 7.2.1.Final
2026-02-12 15:16:50.802 [main] WARN  o.hibernate.orm.connections.pooling - HHH10001002: Using built-in connection pool (not intended for production use)
2026-02-12 15:16:50.844 [main] WARN  org.hibernate.orm.deprecation - HHH90000025: PostgreSQLDialect does not need to be specified explicitly using 'hibernate.dialect' (remove the property setting and it will be selected by default)
2026-02-12 15:16:50.850 [main] INFO  o.hibernate.orm.connections.pooling - HHH10001005: Database info:
	Database JDBC URL [jdbc:postgresql://localhost:5432/SENLA-11]
	Database driver: PostgreSQL JDBC Driver
	Database dialect: PostgreSQLDialect
	Database version: 18.0
	Default catalog/schema: SENLA-11/public
	Autocommit mode: false
	Isolation level: READ_COMMITTED
	JDBC fetch size: none
	Pool: DriverManagerConnectionProvider
	Minimum pool size: 1
	Maximum pool size: 10
2026-02-12 15:16:51.347 [main] INFO  org.hibernate.orm.core - HHH000489: No JTA platform available (set 'hibernate.transaction.jta.platform' to enable JTA platform integration)
2026-02-12 15:16:51.380 [main] INFO  b.s.hoteladmin.db.HibernateUtil - SessionFactory успешно создана
2026-02-12 15:16:51.577 [main] INFO  b.s.h.controller.RoomController - Комнаты успешно выведены и отсортированы по критерию BY_ID
2026-02-12 15:17:05.583 [main] INFO  b.s.hoteladmin.ui.ConsoleUI - Пользователь выбрал пункт меню: 15 в MainMenu
2026-02-12 15:17:07.376 [main] INFO  b.s.h.controller.RoomController - Начало обработки команды: поиск комнаты под номером 301
2026-02-12 15:17:07.408 [main] INFO  b.s.h.controller.RoomController - Комната под номером 301 успешно найдена
2026-02-12 15:17:07.408 [main] INFO  b.s.h.controller.RoomController - Начало обработки команды: вывести детали комнаты id=9
2026-02-12 15:17:07.416 [main] INFO  b.s.h.controller.RoomController - Детали комнаты id=9 успешно выведены
2026-02-12 15:17:15.804 [main] INFO  b.s.hoteladmin.ui.ConsoleUI - Пользователь выбрал пункт меню: 0 в MainMenu
2026-02-12 15:19:17.398 [main] INFO  b.s.hoteladmin.ui.ConsoleUI - ConsoleUI инициализирован
2026-02-12 15:19:17.412 [main] INFO  b.s.hoteladmin.ui.ConsoleUI - Запуск приложения с главным меню: MainMenu
2026-02-12 15:19:17.413 [main] INFO  b.s.hoteladmin.ui.ConsoleUI - Начало работы главного цикла меню
2026-02-12 15:19:22.781 [main] INFO  b.s.hoteladmin.ui.ConsoleUI - Пользователь выбрал пункт меню: 1 в MainMenu
2026-02-12 15:19:22.783 [main] INFO  b.s.h.controller.RoomController - Начало обработки команды: вывести все комнаты, критерий сортировки BY_ID
2026-02-12 15:19:22.831 [main] INFO  org.hibernate.orm.core - HHH000001: Hibernate ORM core version 7.2.1.Final
2026-02-12 15:19:23.022 [main] WARN  o.hibernate.orm.connections.pooling - HHH10001002: Using built-in connection pool (not intended for production use)
2026-02-12 15:19:23.053 [main] WARN  org.hibernate.orm.deprecation - HHH90000025: PostgreSQLDialect does not need to be specified explicitly using 'hibernate.dialect' (remove the property setting and it will be selected by default)
2026-02-12 15:19:23.059 [main] INFO  o.hibernate.orm.connections.pooling - HHH10001005: Database info:
	Database JDBC URL [jdbc:postgresql://localhost:5432/SENLA-11]
	Database driver: PostgreSQL JDBC Driver
	Database dialect: PostgreSQLDialect
	Database version: 18.0
	Default catalog/schema: SENLA-11/public
	Autocommit mode: false
	Isolation level: READ_COMMITTED
	JDBC fetch size: none
	Pool: DriverManagerConnectionProvider
	Minimum pool size: 1
	Maximum pool size: 10
2026-02-12 15:19:23.523 [main] INFO  org.hibernate.orm.core - HHH000489: No JTA platform available (set 'hibernate.transaction.jta.platform' to enable JTA platform integration)
2026-02-12 15:19:23.547 [main] INFO  b.s.hoteladmin.db.HibernateUtil - SessionFactory успешно создана
2026-02-12 15:19:23.746 [main] INFO  b.s.h.controller.RoomController - Комнаты успешно выведены и отсортированы по критерию BY_ID
2026-02-12 15:19:32.111 [main] INFO  b.s.hoteladmin.ui.ConsoleUI - Пользователь выбрал пункт меню: 11 в MainMenu
2026-02-12 15:19:32.112 [main] INFO  b.s.h.controller.GuestController - Начало обработки команды: получить услуги отсортированные по цене
2026-02-12 15:19:32.145 [main] INFO  b.s.h.controller.GuestController - Услуги отсортированные по цене успешно получены (16 услуг)
2026-02-12 15:19:33.067 [main] INFO  b.s.hoteladmin.ui.ConsoleUI - Пользователь выбрал пункт меню: 12 в MainMenu
2026-02-12 15:19:33.069 [main] INFO  b.s.h.controller.GuestController - Начало обработки команды: получить услуги отсортированные по категории
2026-02-12 15:19:33.124 [main] INFO  b.s.h.controller.GuestController - Услуги отсортированные по категории успешно получены (16 услуг)
2026-02-12 15:19:33.938 [main] INFO  b.s.hoteladmin.ui.ConsoleUI - Пользователь выбрал пункт меню: 13 в MainMenu
2026-02-12 15:19:33.939 [main] INFO  b.s.h.controller.RoomController - Начало обработки команды: получить все комнаты отсортированные по цене
2026-02-12 15:19:33.950 [main] INFO  b.s.h.controller.RoomController - Комнаты отсортированные по цене успешно получены (12 комнат)
2026-02-12 15:19:34.808 [main] INFO  b.s.hoteladmin.ui.ConsoleUI - Пользователь выбрал пункт меню: 14 в MainMenu
2026-02-12 15:20:05.453 [main] INFO  b.s.hoteladmin.ui.ConsoleUI - Пользователь выбрал пункт меню: 3 в MainMenu
2026-02-12 15:20:05.455 [main] INFO  b.s.h.controller.GuestController - Начало обработки команды: получить всех гостей
2026-02-12 15:20:05.468 [main] INFO  b.s.h.controller.GuestController - Все гости успешно получены (8 гостей)
2026-02-12 15:20:13.985 [main] INFO  b.s.hoteladmin.ui.ConsoleUI - Пользователь выбрал пункт меню: 7 в MainMenu
2026-02-12 15:20:19.142 [main] INFO  b.s.h.controller.RoomController - Начало обработки команды: поиск комнаты под номером 402
2026-02-12 15:20:19.182 [main] INFO  b.s.h.controller.RoomController - Комната под номером 402 успешно найдена
2026-02-12 15:20:44.678 [main] INFO  b.s.hoteladmin.ui.ConsoleUI - Пользователь выбрал пункт меню: 0 в MainMenu
2026-02-12 15:22:35.918 [main] INFO  b.s.hoteladmin.ui.ConsoleUI - ConsoleUI инициализирован
2026-02-12 15:22:35.938 [main] INFO  b.s.hoteladmin.ui.ConsoleUI - Запуск приложения с главным меню: MainMenu
2026-02-12 15:22:35.939 [main] INFO  b.s.hoteladmin.ui.ConsoleUI - Начало работы главного цикла меню
2026-02-12 15:22:37.208 [main] INFO  b.s.hoteladmin.ui.ConsoleUI - Пользователь выбрал пункт меню: 1 в MainMenu
2026-02-12 15:22:37.209 [main] INFO  b.s.h.controller.RoomController - Начало обработки команды: вывести все комнаты, критерий сортировки BY_ID
2026-02-12 15:22:37.256 [main] INFO  org.hibernate.orm.core - HHH000001: Hibernate ORM core version 7.2.1.Final
2026-02-12 15:22:37.439 [main] WARN  o.hibernate.orm.connections.pooling - HHH10001002: Using built-in connection pool (not intended for production use)
2026-02-12 15:22:37.481 [main] WARN  org.hibernate.orm.deprecation - HHH90000025: PostgreSQLDialect does not need to be specified explicitly using 'hibernate.dialect' (remove the property setting and it will be selected by default)
2026-02-12 15:22:37.489 [main] INFO  o.hibernate.orm.connections.pooling - HHH10001005: Database info:
	Database JDBC URL [jdbc:postgresql://localhost:5432/SENLA-11]
	Database driver: PostgreSQL JDBC Driver
	Database dialect: PostgreSQLDialect
	Database version: 18.0
	Default catalog/schema: SENLA-11/public
	Autocommit mode: false
	Isolation level: READ_COMMITTED
	JDBC fetch size: none
	Pool: DriverManagerConnectionProvider
	Minimum pool size: 1
	Maximum pool size: 10
2026-02-12 15:22:37.959 [main] INFO  org.hibernate.orm.core - HHH000489: No JTA platform available (set 'hibernate.transaction.jta.platform' to enable JTA platform integration)
2026-02-12 15:22:37.982 [main] INFO  b.s.hoteladmin.db.HibernateUtil - SessionFactory успешно создана
2026-02-12 15:22:38.171 [main] INFO  b.s.h.controller.RoomController - Комнаты успешно выведены и отсортированы по критерию BY_ID
2026-02-12 15:22:47.023 [main] INFO  b.s.hoteladmin.ui.ConsoleUI - Пользователь выбрал пункт меню: 19 в MainMenu
2026-02-12 15:22:50.649 [main] INFO  b.s.h.controller.RoomController - Начало обработки команды: изменить цену комнаты под номером 402, новая цена 555.0
2026-02-12 15:22:50.650 [main] INFO  b.s.h.controller.RoomController - Начало обработки команды: поиск комнаты под номером 402
2026-02-12 15:22:50.690 [main] INFO  b.s.h.controller.RoomController - Комната под номером 402 успешно найдена
2026-02-12 15:22:50.723 [main] INFO  b.s.h.controller.RoomController - Цена комнаты под номером 402 успешно обновлена на 555.0
2026-02-12 15:22:53.038 [main] INFO  b.s.hoteladmin.ui.ConsoleUI - Пользователь выбрал пункт меню: 1 в MainMenu
2026-02-12 15:22:53.038 [main] INFO  b.s.h.controller.RoomController - Начало обработки команды: вывести все комнаты, критерий сортировки BY_ID
2026-02-12 15:22:53.054 [main] INFO  b.s.h.controller.RoomController - Комнаты успешно выведены и отсортированы по критерию BY_ID
2026-02-12 15:23:15.739 [main] INFO  b.s.hoteladmin.ui.ConsoleUI - Пользователь выбрал пункт меню: 19 в MainMenu
2026-02-12 15:23:23.188 [main] INFO  b.s.h.controller.RoomController - Начало обработки команды: изменить цену комнаты под номером 402, новая цена 505.0
2026-02-12 15:23:23.189 [main] INFO  b.s.h.controller.RoomController - Начало обработки команды: поиск комнаты под номером 402
2026-02-12 15:23:23.193 [main] INFO  b.s.h.controller.RoomController - Комната под номером 402 успешно найдена
2026-02-12 15:23:23.199 [main] INFO  b.s.h.controller.RoomController - Цена комнаты под номером 402 успешно обновлена на 505.0
2026-02-12 15:23:24.616 [main] INFO  b.s.hoteladmin.ui.ConsoleUI - Пользователь выбрал пункт меню: 1 в MainMenu
2026-02-12 15:23:24.616 [main] INFO  b.s.h.controller.RoomController - Начало обработки команды: вывести все комнаты, критерий сортировки BY_ID
2026-02-12 15:23:24.627 [main] INFO  b.s.h.controller.RoomController - Комнаты успешно выведены и отсортированы по критерию BY_ID
2026-02-12 15:23:31.489 [main] INFO  b.s.hoteladmin.ui.ConsoleUI - Пользователь выбрал пункт меню: 18 в MainMenu
2026-02-12 15:23:32.925 [main] INFO  b.s.h.controller.RoomController - Начало обработки команды: поиск комнаты под номером 402
2026-02-12 15:23:32.930 [main] INFO  b.s.h.controller.RoomController - Комната под номером 402 успешно найдена
2026-02-12 15:23:43.989 [main] INFO  b.s.h.controller.RoomController - Начало обработки команды: установить статус UNDER_MAINTENANCE комнате с id=12
2026-02-12 15:23:44.001 [main] INFO  b.s.h.controller.RoomController - Статус комнаты с id=12 успешно обновлен на UNDER_MAINTENANCE
2026-02-12 15:23:45.371 [main] INFO  b.s.hoteladmin.ui.ConsoleUI - Пользователь выбрал пункт меню: 1 в MainMenu
2026-02-12 15:23:45.372 [main] INFO  b.s.h.controller.RoomController - Начало обработки команды: вывести все комнаты, критерий сортировки BY_ID
2026-02-12 15:23:45.380 [main] INFO  b.s.h.controller.RoomController - Комнаты успешно выведены и отсортированы по критерию BY_ID
2026-02-12 15:24:00.023 [main] INFO  b.s.hoteladmin.ui.ConsoleUI - Пользователь выбрал пункт меню: 0 в MainMenu
2026-02-12 15:24:03.443 [main] INFO  b.s.hoteladmin.ui.ConsoleUI - ConsoleUI инициализирован
2026-02-12 15:24:03.456 [main] INFO  b.s.hoteladmin.ui.ConsoleUI - Запуск приложения с главным меню: MainMenu
2026-02-12 15:24:03.457 [main] INFO  b.s.hoteladmin.ui.ConsoleUI - Начало работы главного цикла меню
2026-02-12 15:24:04.874 [main] INFO  b.s.hoteladmin.ui.ConsoleUI - Пользователь выбрал пункт меню: 1 в MainMenu
2026-02-12 15:24:04.875 [main] INFO  b.s.h.controller.RoomController - Начало обработки команды: вывести все комнаты, критерий сортировки BY_ID
2026-02-12 15:24:04.920 [main] INFO  org.hibernate.orm.core - HHH000001: Hibernate ORM core version 7.2.1.Final
2026-02-12 15:24:05.097 [main] WARN  o.hibernate.orm.connections.pooling - HHH10001002: Using built-in connection pool (not intended for production use)
2026-02-12 15:24:05.140 [main] WARN  org.hibernate.orm.deprecation - HHH90000025: PostgreSQLDialect does not need to be specified explicitly using 'hibernate.dialect' (remove the property setting and it will be selected by default)
2026-02-12 15:24:05.147 [main] INFO  o.hibernate.orm.connections.pooling - HHH10001005: Database info:
	Database JDBC URL [jdbc:postgresql://localhost:5432/SENLA-11]
	Database driver: PostgreSQL JDBC Driver
	Database dialect: PostgreSQLDialect
	Database version: 18.0
	Default catalog/schema: SENLA-11/public
	Autocommit mode: false
	Isolation level: READ_COMMITTED
	JDBC fetch size: none
	Pool: DriverManagerConnectionProvider
	Minimum pool size: 1
	Maximum pool size: 10
2026-02-12 15:24:05.604 [main] INFO  org.hibernate.orm.core - HHH000489: No JTA platform available (set 'hibernate.transaction.jta.platform' to enable JTA platform integration)
2026-02-12 15:24:05.629 [main] INFO  b.s.hoteladmin.db.HibernateUtil - SessionFactory успешно создана
2026-02-12 15:24:05.819 [main] INFO  b.s.h.controller.RoomController - Комнаты успешно выведены и отсортированы по критерию BY_ID
2026-02-14 21:34:28.627 [main] INFO  b.s.hoteladmin.ui.ConsoleUI - ConsoleUI инициализирован
2026-02-14 21:34:28.642 [main] INFO  b.s.hoteladmin.ui.ConsoleUI - Запуск приложения с главным меню: MainMenu
2026-02-14 21:34:28.643 [main] INFO  b.s.hoteladmin.ui.ConsoleUI - Начало работы главного цикла меню
2026-02-14 21:34:30.370 [main] INFO  b.s.hoteladmin.ui.ConsoleUI - Пользователь выбрал пункт меню: 1 в MainMenu
2026-02-14 21:34:30.371 [main] INFO  b.s.h.controller.RoomController - Начало обработки команды: вывести все комнаты, критерий сортировки BY_ID
2026-02-14 21:34:30.423 [main] INFO  org.hibernate.orm.core - HHH000001: Hibernate ORM core version 7.2.1.Final
2026-02-14 21:34:30.622 [main] WARN  o.hibernate.orm.connections.pooling - HHH10001002: Using built-in connection pool (not intended for production use)
2026-02-14 21:34:30.669 [main] WARN  org.hibernate.orm.deprecation - HHH90000025: PostgreSQLDialect does not need to be specified explicitly using 'hibernate.dialect' (remove the property setting and it will be selected by default)
2026-02-14 21:34:30.678 [main] INFO  o.hibernate.orm.connections.pooling - HHH10001005: Database info:
	Database JDBC URL [jdbc:postgresql://localhost:5432/SENLA-11]
	Database driver: PostgreSQL JDBC Driver
	Database dialect: PostgreSQLDialect
	Database version: 18.0
	Default catalog/schema: SENLA-11/public
	Autocommit mode: false
	Isolation level: READ_COMMITTED
	JDBC fetch size: none
	Pool: DriverManagerConnectionProvider
	Minimum pool size: 1
	Maximum pool size: 10
2026-02-14 21:34:31.159 [main] INFO  org.hibernate.orm.core - HHH000489: No JTA platform available (set 'hibernate.transaction.jta.platform' to enable JTA platform integration)
2026-02-14 21:34:31.182 [main] INFO  b.s.hoteladmin.db.HibernateUtil - SessionFactory успешно создана
2026-02-14 21:34:31.380 [main] INFO  b.s.h.controller.RoomController - Комнаты успешно выведены и отсортированы по критерию BY_ID
2026-02-14 21:34:34.127 [main] INFO  b.s.hoteladmin.ui.ConsoleUI - Пользователь выбрал пункт меню: 11 в MainMenu
2026-02-14 21:34:34.128 [main] INFO  b.s.h.controller.GuestController - Начало обработки команды: получить услуги отсортированные по цене
2026-02-14 21:34:34.162 [main] INFO  b.s.h.controller.GuestController - Услуги отсортированные по цене успешно получены (16 услуг)
2026-02-14 21:34:35.861 [main] INFO  b.s.hoteladmin.ui.ConsoleUI - Пользователь выбрал пункт меню: 12 в MainMenu
2026-02-14 21:34:35.862 [main] INFO  b.s.h.controller.GuestController - Начало обработки команды: получить услуги отсортированные по категории
2026-02-14 21:34:35.923 [main] INFO  b.s.h.controller.GuestController - Услуги отсортированные по категории успешно получены (16 услуг)
2026-02-14 21:34:36.855 [main] INFO  b.s.hoteladmin.ui.ConsoleUI - Пользователь выбрал пункт меню: 13 в MainMenu
2026-02-14 21:34:36.856 [main] INFO  b.s.h.controller.RoomController - Начало обработки команды: получить все комнаты отсортированные по цене
2026-02-14 21:34:36.866 [main] INFO  b.s.h.controller.RoomController - Комнаты отсортированные по цене успешно получены (12 комнат)
2026-02-14 21:34:37.743 [main] INFO  b.s.hoteladmin.ui.ConsoleUI - Пользователь выбрал пункт меню: 14 в MainMenu
2026-02-14 21:34:40.470 [main] INFO  b.s.hoteladmin.ui.ConsoleUI - Пользователь выбрал пункт меню: 0 в MainMenu
2026-02-18 20:21:10.249 [main] INFO  b.s.hoteladmin.ui.ConsoleUI - ConsoleUI инициализирован
2026-02-18 20:21:10.269 [main] INFO  b.s.hoteladmin.ui.ConsoleUI - Запуск приложения с главным меню: MainMenu
2026-02-18 20:21:10.269 [main] INFO  b.s.hoteladmin.ui.ConsoleUI - Начало работы главного цикла меню
2026-02-18 20:21:13.570 [main] INFO  b.s.hoteladmin.ui.ConsoleUI - Пользователь выбрал пункт меню: 1 в MainMenu
2026-02-18 20:21:13.570 [main] INFO  b.s.h.controller.RoomController - Начало обработки команды: вывести все комнаты, критерий сортировки BY_ID
2026-02-18 20:21:13.614 [main] INFO  org.hibernate.orm.core - HHH000001: Hibernate ORM core version 7.2.1.Final
2026-02-18 20:21:13.819 [main] WARN  o.hibernate.orm.connections.pooling - HHH10001002: Using built-in connection pool (not intended for production use)
2026-02-18 20:21:13.864 [main] WARN  org.hibernate.orm.deprecation - HHH90000025: PostgreSQLDialect does not need to be specified explicitly using 'hibernate.dialect' (remove the property setting and it will be selected by default)
2026-02-18 20:21:13.877 [main] INFO  o.hibernate.orm.connections.pooling - HHH10001005: Database info:
	Database JDBC URL [jdbc:postgresql://localhost:5432/SENLA-11]
	Database driver: PostgreSQL JDBC Driver
	Database dialect: PostgreSQLDialect
	Database version: 18.0
	Default catalog/schema: SENLA-11/public
	Autocommit mode: false
	Isolation level: READ_COMMITTED
	JDBC fetch size: none
	Pool: DriverManagerConnectionProvider
	Minimum pool size: 1
	Maximum pool size: 10
2026-02-18 20:21:14.358 [main] INFO  org.hibernate.orm.core - HHH000489: No JTA platform available (set 'hibernate.transaction.jta.platform' to enable JTA platform integration)
2026-02-18 20:21:14.384 [main] INFO  b.s.hoteladmin.db.HibernateUtil - SessionFactory успешно создана
2026-02-18 20:21:14.586 [main] INFO  b.s.h.controller.RoomController - Комнаты успешно выведены и отсортированы по критерию BY_ID
2026-02-18 20:21:27.609 [main] INFO  b.s.hoteladmin.ui.ConsoleUI - Пользователь выбрал пункт меню: 0 в MainMenu
2026-02-18 20:27:22.285 [main] INFO  b.s.hoteladmin.ui.ConsoleUI - ConsoleUI инициализирован
2026-02-18 20:27:22.301 [main] INFO  b.s.hoteladmin.ui.ConsoleUI - Запуск приложения с главным меню: MainMenu
2026-02-18 20:27:22.302 [main] INFO  b.s.hoteladmin.ui.ConsoleUI - Начало работы главного цикла меню
2026-02-18 20:27:24.782 [main] INFO  b.s.hoteladmin.ui.ConsoleUI - Пользователь выбрал пункт меню: 1 в MainMenu
2026-02-18 20:27:24.782 [main] INFO  b.s.h.controller.RoomController - Начало обработки команды: вывести все комнаты, критерий сортировки BY_ID
2026-02-18 20:27:24.812 [main] INFO  org.hibernate.orm.core - HHH000001: Hibernate ORM core version 7.2.1.Final
2026-02-18 20:27:24.977 [main] WARN  o.hibernate.orm.connections.pooling - HHH10001002: Using built-in connection pool (not intended for production use)
2026-02-18 20:27:25.027 [main] WARN  org.hibernate.orm.deprecation - HHH90000025: PostgreSQLDialect does not need to be specified explicitly using 'hibernate.dialect' (remove the property setting and it will be selected by default)
2026-02-18 20:27:25.040 [main] INFO  o.hibernate.orm.connections.pooling - HHH10001005: Database info:
	Database JDBC URL [jdbc:postgresql://localhost:5432/SENLA-11]
	Database driver: PostgreSQL JDBC Driver
	Database dialect: PostgreSQLDialect
	Database version: 18.0
	Default catalog/schema: SENLA-11/public
	Autocommit mode: false
	Isolation level: READ_COMMITTED
	JDBC fetch size: none
	Pool: DriverManagerConnectionProvider
	Minimum pool size: 1
	Maximum pool size: 10
2026-02-18 20:27:25.489 [main] INFO  org.hibernate.orm.core - HHH000489: No JTA platform available (set 'hibernate.transaction.jta.platform' to enable JTA platform integration)
2026-02-18 20:27:25.515 [main] INFO  b.s.hoteladmin.db.HibernateUtil - SessionFactory успешно создана
2026-02-18 20:27:25.712 [main] INFO  b.s.h.controller.RoomController - Комнаты успешно выведены и отсортированы по критерию BY_ID
2026-02-19 15:26:24.687 [main] INFO  o.s.web.context.ContextLoader - Root WebApplicationContext: initialization started
2026-02-19 15:26:24.952 [main] WARN  o.s.w.c.s.AnnotationConfigWebApplicationContext - Exception encountered during context initialization - cancelling refresh attempt: org.springframework.beans.factory.BeanCreationException: Error creating bean with name 'liquibaseRunner': Invocation of init method failed
2026-02-19 15:26:24.953 [main] ERROR o.s.web.context.ContextLoader - Context initialization failed
org.springframework.beans.factory.BeanCreationException: Error creating bean with name 'liquibaseRunner': Invocation of init method failed
	at org.springframework.beans.factory.annotation.InitDestroyAnnotationBeanPostProcessor.postProcessBeforeInitialization(InitDestroyAnnotationBeanPostProcessor.java:220)
	at org.springframework.beans.factory.support.AbstractAutowireCapableBeanFactory.applyBeanPostProcessorsBeforeInitialization(AbstractAutowireCapableBeanFactory.java:426)
	at org.springframework.beans.factory.support.AbstractAutowireCapableBeanFactory.initializeBean(AbstractAutowireCapableBeanFactory.java:1809)
	at org.springframework.beans.factory.support.AbstractAutowireCapableBeanFactory.doCreateBean(AbstractAutowireCapableBeanFactory.java:603)
	at org.springframework.beans.factory.support.AbstractAutowireCapableBeanFactory.createBean(AbstractAutowireCapableBeanFactory.java:525)
	at org.springframework.beans.factory.support.AbstractBeanFactory.lambda$doGetBean$0(AbstractBeanFactory.java:333)
	at org.springframework.beans.factory.support.DefaultSingletonBeanRegistry.getSingleton(DefaultSingletonBeanRegistry.java:371)
	at org.springframework.beans.factory.support.AbstractBeanFactory.doGetBean(AbstractBeanFactory.java:331)
	at org.springframework.beans.factory.support.AbstractBeanFactory.getBean(AbstractBeanFactory.java:196)
	at org.springframework.beans.factory.support.DefaultListableBeanFactory.instantiateSingleton(DefaultListableBeanFactory.java:1218)
	at org.springframework.beans.factory.support.DefaultListableBeanFactory.preInstantiateSingleton(DefaultListableBeanFactory.java:1184)
	at org.springframework.beans.factory.support.DefaultListableBeanFactory.preInstantiateSingletons(DefaultListableBeanFactory.java:1121)
	at org.springframework.context.support.AbstractApplicationContext.finishBeanFactoryInitialization(AbstractApplicationContext.java:993)
	at org.springframework.context.support.AbstractApplicationContext.refresh(AbstractApplicationContext.java:620)
	at org.springframework.web.context.ContextLoader.configureAndRefreshWebApplicationContext(ContextLoader.java:391)
	at org.springframework.web.context.ContextLoader.initWebApplicationContext(ContextLoader.java:271)
	at org.springframework.web.context.ContextLoaderListener.contextInitialized(ContextLoaderListener.java:124)
	at org.apache.catalina.core.StandardContext.listenerStart(StandardContext.java:4001)
	at org.apache.catalina.core.StandardContext.startInternal(StandardContext.java:4426)
	at org.apache.catalina.util.LifecycleBase.start(LifecycleBase.java:164)
	at org.apache.catalina.core.ContainerBase.addChild(ContainerBase.java:564)
	at org.apache.catalina.core.StandardHost.addChild(StandardHost.java:663)
	at org.apache.catalina.startup.HostConfig.deployWAR(HostConfig.java:923)
	at org.apache.catalina.startup.HostConfig$DeployWar.run(HostConfig.java:1839)
	at java.base/java.util.concurrent.Executors$RunnableAdapter.call(Executors.java:545)
	at java.base/java.util.concurrent.FutureTask.run(FutureTask.java:328)
	at org.apache.tomcat.util.threads.InlineExecutorService.execute(InlineExecutorService.java:81)
	at java.base/java.util.concurrent.AbstractExecutorService.submit(AbstractExecutorService.java:125)
	at org.apache.catalina.startup.HostConfig.deployWARs(HostConfig.java:727)
	at org.apache.catalina.startup.HostConfig.deployApps(HostConfig.java:378)
	at org.apache.catalina.startup.HostConfig.start(HostConfig.java:1579)
	at org.apache.catalina.startup.HostConfig.lifecycleEvent(HostConfig.java:262)
	at org.apache.catalina.util.LifecycleBase.fireLifecycleEvent(LifecycleBase.java:109)
	at org.apache.catalina.util.LifecycleBase.setStateInternal(LifecycleBase.java:389)
	at org.apache.catalina.util.LifecycleBase.setState(LifecycleBase.java:336)
	at org.apache.catalina.core.ContainerBase.startInternal(ContainerBase.java:741)
	at org.apache.catalina.core.StandardHost.startInternal(StandardHost.java:780)
	at org.apache.catalina.util.LifecycleBase.start(LifecycleBase.java:164)
	at org.apache.catalina.core.ContainerBase$StartChild.call(ContainerBase.java:1162)
	at org.apache.catalina.core.ContainerBase$StartChild.call(ContainerBase.java:1158)
	at java.base/java.util.concurrent.FutureTask.run(FutureTask.java:328)
	at org.apache.tomcat.util.threads.InlineExecutorService.execute(InlineExecutorService.java:81)
	at java.base/java.util.concurrent.AbstractExecutorService.submit(AbstractExecutorService.java:149)
	at org.apache.catalina.core.ContainerBase.startInternal(ContainerBase.java:714)
	at org.apache.catalina.core.StandardEngine.startInternal(StandardEngine.java:201)
	at org.apache.catalina.util.LifecycleBase.start(LifecycleBase.java:164)
	at org.apache.catalina.core.StandardService.startInternal(StandardService.java:410)
	at org.apache.catalina.util.LifecycleBase.start(LifecycleBase.java:164)
	at org.apache.catalina.core.StandardServer.startInternal(StandardServer.java:864)
	at org.apache.catalina.util.LifecycleBase.start(LifecycleBase.java:164)
	at org.apache.catalina.startup.Catalina.start(Catalina.java:756)
	at java.base/jdk.internal.reflect.DirectMethodHandleAccessor.invoke(DirectMethodHandleAccessor.java:104)
	at java.base/java.lang.reflect.Method.invoke(Method.java:565)
	at org.apache.catalina.startup.Bootstrap.start(Bootstrap.java:339)
	at org.apache.catalina.startup.Bootstrap.main(Bootstrap.java:470)
Caused by: java.lang.RuntimeException: Ошибка Liquibase
	at by.slava_borisov.hoteladmin.config.LiquibaseRunner.migrate(LiquibaseRunner.java:47)
	at java.base/jdk.internal.reflect.DirectMethodHandleAccessor.invoke(DirectMethodHandleAccessor.java:104)
	at java.base/java.lang.reflect.Method.invoke(Method.java:565)
	at org.springframework.beans.factory.annotation.InitDestroyAnnotationBeanPostProcessor$LifecycleMethod.invoke(InitDestroyAnnotationBeanPostProcessor.java:453)
	at org.springframework.beans.factory.annotation.InitDestroyAnnotationBeanPostProcessor$LifecycleMetadata.invokeInitMethods(InitDestroyAnnotationBeanPostProcessor.java:397)
	at org.springframework.beans.factory.annotation.InitDestroyAnnotationBeanPostProcessor.postProcessBeforeInitialization(InitDestroyAnnotationBeanPostProcessor.java:217)
	... 54 common frames omitted
Caused by: java.sql.SQLException: No suitable driver found for jdbc:postgresql://localhost:5432/SENLA-11
	at java.sql/java.sql.DriverManager.getConnection(DriverManager.java:638)
	at java.sql/java.sql.DriverManager.getConnection(DriverManager.java:199)
	at by.slava_borisov.hoteladmin.config.LiquibaseRunner.migrate(LiquibaseRunner.java:30)
	... 59 common frames omitted
2026-02-19 15:26:51.428 [main] INFO  o.s.web.context.ContextLoader - Root WebApplicationContext: initialization started
2026-02-19 15:26:51.702 [main] WARN  o.s.w.c.s.AnnotationConfigWebApplicationContext - Exception encountered during context initialization - cancelling refresh attempt: org.springframework.beans.factory.BeanCreationException: Error creating bean with name 'liquibaseRunner': Invocation of init method failed
2026-02-19 15:26:51.703 [main] ERROR o.s.web.context.ContextLoader - Context initialization failed
org.springframework.beans.factory.BeanCreationException: Error creating bean with name 'liquibaseRunner': Invocation of init method failed
	at org.springframework.beans.factory.annotation.InitDestroyAnnotationBeanPostProcessor.postProcessBeforeInitialization(InitDestroyAnnotationBeanPostProcessor.java:220)
	at org.springframework.beans.factory.support.AbstractAutowireCapableBeanFactory.applyBeanPostProcessorsBeforeInitialization(AbstractAutowireCapableBeanFactory.java:426)
	at org.springframework.beans.factory.support.AbstractAutowireCapableBeanFactory.initializeBean(AbstractAutowireCapableBeanFactory.java:1809)
	at org.springframework.beans.factory.support.AbstractAutowireCapableBeanFactory.doCreateBean(AbstractAutowireCapableBeanFactory.java:603)
	at org.springframework.beans.factory.support.AbstractAutowireCapableBeanFactory.createBean(AbstractAutowireCapableBeanFactory.java:525)
	at org.springframework.beans.factory.support.AbstractBeanFactory.lambda$doGetBean$0(AbstractBeanFactory.java:333)
	at org.springframework.beans.factory.support.DefaultSingletonBeanRegistry.getSingleton(DefaultSingletonBeanRegistry.java:371)
	at org.springframework.beans.factory.support.AbstractBeanFactory.doGetBean(AbstractBeanFactory.java:331)
	at org.springframework.beans.factory.support.AbstractBeanFactory.getBean(AbstractBeanFactory.java:196)
	at org.springframework.beans.factory.support.DefaultListableBeanFactory.instantiateSingleton(DefaultListableBeanFactory.java:1218)
	at org.springframework.beans.factory.support.DefaultListableBeanFactory.preInstantiateSingleton(DefaultListableBeanFactory.java:1184)
	at org.springframework.beans.factory.support.DefaultListableBeanFactory.preInstantiateSingletons(DefaultListableBeanFactory.java:1121)
	at org.springframework.context.support.AbstractApplicationContext.finishBeanFactoryInitialization(AbstractApplicationContext.java:993)
	at org.springframework.context.support.AbstractApplicationContext.refresh(AbstractApplicationContext.java:620)
	at org.springframework.web.context.ContextLoader.configureAndRefreshWebApplicationContext(ContextLoader.java:391)
	at org.springframework.web.context.ContextLoader.initWebApplicationContext(ContextLoader.java:271)
	at org.springframework.web.context.ContextLoaderListener.contextInitialized(ContextLoaderListener.java:124)
	at org.apache.catalina.core.StandardContext.listenerStart(StandardContext.java:4001)
	at org.apache.catalina.core.StandardContext.startInternal(StandardContext.java:4426)
	at org.apache.catalina.util.LifecycleBase.start(LifecycleBase.java:164)
	at org.apache.catalina.core.ContainerBase.addChild(ContainerBase.java:564)
	at org.apache.catalina.core.StandardHost.addChild(StandardHost.java:663)
	at org.apache.catalina.startup.HostConfig.deployWAR(HostConfig.java:923)
	at org.apache.catalina.startup.HostConfig$DeployWar.run(HostConfig.java:1839)
	at java.base/java.util.concurrent.Executors$RunnableAdapter.call(Executors.java:545)
	at java.base/java.util.concurrent.FutureTask.run(FutureTask.java:328)
	at org.apache.tomcat.util.threads.InlineExecutorService.execute(InlineExecutorService.java:81)
	at java.base/java.util.concurrent.AbstractExecutorService.submit(AbstractExecutorService.java:125)
	at org.apache.catalina.startup.HostConfig.deployWARs(HostConfig.java:727)
	at org.apache.catalina.startup.HostConfig.deployApps(HostConfig.java:378)
	at org.apache.catalina.startup.HostConfig.start(HostConfig.java:1579)
	at org.apache.catalina.startup.HostConfig.lifecycleEvent(HostConfig.java:262)
	at org.apache.catalina.util.LifecycleBase.fireLifecycleEvent(LifecycleBase.java:109)
	at org.apache.catalina.util.LifecycleBase.setStateInternal(LifecycleBase.java:389)
	at org.apache.catalina.util.LifecycleBase.setState(LifecycleBase.java:336)
	at org.apache.catalina.core.ContainerBase.startInternal(ContainerBase.java:741)
	at org.apache.catalina.core.StandardHost.startInternal(StandardHost.java:780)
	at org.apache.catalina.util.LifecycleBase.start(LifecycleBase.java:164)
	at org.apache.catalina.core.ContainerBase$StartChild.call(ContainerBase.java:1162)
	at org.apache.catalina.core.ContainerBase$StartChild.call(ContainerBase.java:1158)
	at java.base/java.util.concurrent.FutureTask.run(FutureTask.java:328)
	at org.apache.tomcat.util.threads.InlineExecutorService.execute(InlineExecutorService.java:81)
	at java.base/java.util.concurrent.AbstractExecutorService.submit(AbstractExecutorService.java:149)
	at org.apache.catalina.core.ContainerBase.startInternal(ContainerBase.java:714)
	at org.apache.catalina.core.StandardEngine.startInternal(StandardEngine.java:201)
	at org.apache.catalina.util.LifecycleBase.start(LifecycleBase.java:164)
	at org.apache.catalina.core.StandardService.startInternal(StandardService.java:410)
	at org.apache.catalina.util.LifecycleBase.start(LifecycleBase.java:164)
	at org.apache.catalina.core.StandardServer.startInternal(StandardServer.java:864)
	at org.apache.catalina.util.LifecycleBase.start(LifecycleBase.java:164)
	at org.apache.catalina.startup.Catalina.start(Catalina.java:756)
	at java.base/jdk.internal.reflect.DirectMethodHandleAccessor.invoke(DirectMethodHandleAccessor.java:104)
	at java.base/java.lang.reflect.Method.invoke(Method.java:565)
	at org.apache.catalina.startup.Bootstrap.start(Bootstrap.java:339)
	at org.apache.catalina.startup.Bootstrap.main(Bootstrap.java:470)
Caused by: java.lang.RuntimeException: Ошибка Liquibase
	at by.slava_borisov.hoteladmin.config.LiquibaseRunner.migrate(LiquibaseRunner.java:47)
	at java.base/jdk.internal.reflect.DirectMethodHandleAccessor.invoke(DirectMethodHandleAccessor.java:104)
	at java.base/java.lang.reflect.Method.invoke(Method.java:565)
	at org.springframework.beans.factory.annotation.InitDestroyAnnotationBeanPostProcessor$LifecycleMethod.invoke(InitDestroyAnnotationBeanPostProcessor.java:453)
	at org.springframework.beans.factory.annotation.InitDestroyAnnotationBeanPostProcessor$LifecycleMetadata.invokeInitMethods(InitDestroyAnnotationBeanPostProcessor.java:397)
	at org.springframework.beans.factory.annotation.InitDestroyAnnotationBeanPostProcessor.postProcessBeforeInitialization(InitDestroyAnnotationBeanPostProcessor.java:217)
	... 54 common frames omitted
Caused by: java.sql.SQLException: No suitable driver found for jdbc:postgresql://localhost:5432/SENLA-11
	at java.sql/java.sql.DriverManager.getConnection(DriverManager.java:638)
	at java.sql/java.sql.DriverManager.getConnection(DriverManager.java:199)
	at by.slava_borisov.hoteladmin.config.LiquibaseRunner.migrate(LiquibaseRunner.java:30)
	... 59 common frames omitted
2026-02-19 15:28:33.349 [main] INFO  o.s.web.context.ContextLoader - Root WebApplicationContext: initialization started
2026-02-19 15:28:33.642 [main] WARN  o.s.w.c.s.AnnotationConfigWebApplicationContext - Exception encountered during context initialization - cancelling refresh attempt: org.springframework.beans.factory.BeanCreationException: Error creating bean with name 'liquibaseRunner': Invocation of init method failed
2026-02-19 15:28:33.644 [main] ERROR o.s.web.context.ContextLoader - Context initialization failed
org.springframework.beans.factory.BeanCreationException: Error creating bean with name 'liquibaseRunner': Invocation of init method failed
	at org.springframework.beans.factory.annotation.InitDestroyAnnotationBeanPostProcessor.postProcessBeforeInitialization(InitDestroyAnnotationBeanPostProcessor.java:220)
	at org.springframework.beans.factory.support.AbstractAutowireCapableBeanFactory.applyBeanPostProcessorsBeforeInitialization(AbstractAutowireCapableBeanFactory.java:426)
	at org.springframework.beans.factory.support.AbstractAutowireCapableBeanFactory.initializeBean(AbstractAutowireCapableBeanFactory.java:1809)
	at org.springframework.beans.factory.support.AbstractAutowireCapableBeanFactory.doCreateBean(AbstractAutowireCapableBeanFactory.java:603)
	at org.springframework.beans.factory.support.AbstractAutowireCapableBeanFactory.createBean(AbstractAutowireCapableBeanFactory.java:525)
	at org.springframework.beans.factory.support.AbstractBeanFactory.lambda$doGetBean$0(AbstractBeanFactory.java:333)
	at org.springframework.beans.factory.support.DefaultSingletonBeanRegistry.getSingleton(DefaultSingletonBeanRegistry.java:371)
	at org.springframework.beans.factory.support.AbstractBeanFactory.doGetBean(AbstractBeanFactory.java:331)
	at org.springframework.beans.factory.support.AbstractBeanFactory.getBean(AbstractBeanFactory.java:196)
	at org.springframework.beans.factory.support.DefaultListableBeanFactory.instantiateSingleton(DefaultListableBeanFactory.java:1218)
	at org.springframework.beans.factory.support.DefaultListableBeanFactory.preInstantiateSingleton(DefaultListableBeanFactory.java:1184)
	at org.springframework.beans.factory.support.DefaultListableBeanFactory.preInstantiateSingletons(DefaultListableBeanFactory.java:1121)
	at org.springframework.context.support.AbstractApplicationContext.finishBeanFactoryInitialization(AbstractApplicationContext.java:993)
	at org.springframework.context.support.AbstractApplicationContext.refresh(AbstractApplicationContext.java:620)
	at org.springframework.web.context.ContextLoader.configureAndRefreshWebApplicationContext(ContextLoader.java:391)
	at org.springframework.web.context.ContextLoader.initWebApplicationContext(ContextLoader.java:271)
	at org.springframework.web.context.ContextLoaderListener.contextInitialized(ContextLoaderListener.java:124)
	at org.apache.catalina.core.StandardContext.listenerStart(StandardContext.java:4001)
	at org.apache.catalina.core.StandardContext.startInternal(StandardContext.java:4426)
	at org.apache.catalina.util.LifecycleBase.start(LifecycleBase.java:164)
	at org.apache.catalina.core.ContainerBase.addChild(ContainerBase.java:564)
	at org.apache.catalina.core.StandardHost.addChild(StandardHost.java:663)
	at org.apache.catalina.startup.HostConfig.deployWAR(HostConfig.java:923)
	at org.apache.catalina.startup.HostConfig$DeployWar.run(HostConfig.java:1839)
	at java.base/java.util.concurrent.Executors$RunnableAdapter.call(Executors.java:545)
	at java.base/java.util.concurrent.FutureTask.run(FutureTask.java:328)
	at org.apache.tomcat.util.threads.InlineExecutorService.execute(InlineExecutorService.java:81)
	at java.base/java.util.concurrent.AbstractExecutorService.submit(AbstractExecutorService.java:125)
	at org.apache.catalina.startup.HostConfig.deployWARs(HostConfig.java:727)
	at org.apache.catalina.startup.HostConfig.deployApps(HostConfig.java:378)
	at org.apache.catalina.startup.HostConfig.start(HostConfig.java:1579)
	at org.apache.catalina.startup.HostConfig.lifecycleEvent(HostConfig.java:262)
	at org.apache.catalina.util.LifecycleBase.fireLifecycleEvent(LifecycleBase.java:109)
	at org.apache.catalina.util.LifecycleBase.setStateInternal(LifecycleBase.java:389)
	at org.apache.catalina.util.LifecycleBase.setState(LifecycleBase.java:336)
	at org.apache.catalina.core.ContainerBase.startInternal(ContainerBase.java:741)
	at org.apache.catalina.core.StandardHost.startInternal(StandardHost.java:780)
	at org.apache.catalina.util.LifecycleBase.start(LifecycleBase.java:164)
	at org.apache.catalina.core.ContainerBase$StartChild.call(ContainerBase.java:1162)
	at org.apache.catalina.core.ContainerBase$StartChild.call(ContainerBase.java:1158)
	at java.base/java.util.concurrent.FutureTask.run(FutureTask.java:328)
	at org.apache.tomcat.util.threads.InlineExecutorService.execute(InlineExecutorService.java:81)
	at java.base/java.util.concurrent.AbstractExecutorService.submit(AbstractExecutorService.java:149)
	at org.apache.catalina.core.ContainerBase.startInternal(ContainerBase.java:714)
	at org.apache.catalina.core.StandardEngine.startInternal(StandardEngine.java:201)
	at org.apache.catalina.util.LifecycleBase.start(LifecycleBase.java:164)
	at org.apache.catalina.core.StandardService.startInternal(StandardService.java:410)
	at org.apache.catalina.util.LifecycleBase.start(LifecycleBase.java:164)
	at org.apache.catalina.core.StandardServer.startInternal(StandardServer.java:864)
	at org.apache.catalina.util.LifecycleBase.start(LifecycleBase.java:164)
	at org.apache.catalina.startup.Catalina.start(Catalina.java:756)
	at java.base/jdk.internal.reflect.DirectMethodHandleAccessor.invoke(DirectMethodHandleAccessor.java:104)
	at java.base/java.lang.reflect.Method.invoke(Method.java:565)
	at org.apache.catalina.startup.Bootstrap.start(Bootstrap.java:339)
	at org.apache.catalina.startup.Bootstrap.main(Bootstrap.java:470)
Caused by: java.lang.RuntimeException: Ошибка Liquibase
	at by.slava_borisov.hoteladmin.config.LiquibaseRunner.migrate(LiquibaseRunner.java:47)
	at java.base/jdk.internal.reflect.DirectMethodHandleAccessor.invoke(DirectMethodHandleAccessor.java:104)
	at java.base/java.lang.reflect.Method.invoke(Method.java:565)
	at org.springframework.beans.factory.annotation.InitDestroyAnnotationBeanPostProcessor$LifecycleMethod.invoke(InitDestroyAnnotationBeanPostProcessor.java:453)
	at org.springframework.beans.factory.annotation.InitDestroyAnnotationBeanPostProcessor$LifecycleMetadata.invokeInitMethods(InitDestroyAnnotationBeanPostProcessor.java:397)
	at org.springframework.beans.factory.annotation.InitDestroyAnnotationBeanPostProcessor.postProcessBeforeInitialization(InitDestroyAnnotationBeanPostProcessor.java:217)
	... 54 common frames omitted
Caused by: java.sql.SQLException: No suitable driver found for jdbc:postgresql://localhost:5432/SENLA-11
	at java.sql/java.sql.DriverManager.getConnection(DriverManager.java:638)
	at java.sql/java.sql.DriverManager.getConnection(DriverManager.java:199)
	at by.slava_borisov.hoteladmin.config.LiquibaseRunner.migrate(LiquibaseRunner.java:30)
	... 59 common frames omitted
2026-02-19 16:09:37.066 [main] INFO  o.s.web.context.ContextLoader - Root WebApplicationContext: initialization started
2026-02-19 16:09:37.337 [main] WARN  o.s.w.c.s.AnnotationConfigWebApplicationContext - Exception encountered during context initialization - cancelling refresh attempt: org.springframework.beans.factory.BeanCreationException: Error creating bean with name 'liquibaseRunner': Invocation of init method failed
2026-02-19 16:09:37.339 [main] ERROR o.s.web.context.ContextLoader - Context initialization failed
org.springframework.beans.factory.BeanCreationException: Error creating bean with name 'liquibaseRunner': Invocation of init method failed
	at org.springframework.beans.factory.annotation.InitDestroyAnnotationBeanPostProcessor.postProcessBeforeInitialization(InitDestroyAnnotationBeanPostProcessor.java:220)
	at org.springframework.beans.factory.support.AbstractAutowireCapableBeanFactory.applyBeanPostProcessorsBeforeInitialization(AbstractAutowireCapableBeanFactory.java:426)
	at org.springframework.beans.factory.support.AbstractAutowireCapableBeanFactory.initializeBean(AbstractAutowireCapableBeanFactory.java:1809)
	at org.springframework.beans.factory.support.AbstractAutowireCapableBeanFactory.doCreateBean(AbstractAutowireCapableBeanFactory.java:603)
	at org.springframework.beans.factory.support.AbstractAutowireCapableBeanFactory.createBean(AbstractAutowireCapableBeanFactory.java:525)
	at org.springframework.beans.factory.support.AbstractBeanFactory.lambda$doGetBean$0(AbstractBeanFactory.java:333)
	at org.springframework.beans.factory.support.DefaultSingletonBeanRegistry.getSingleton(DefaultSingletonBeanRegistry.java:371)
	at org.springframework.beans.factory.support.AbstractBeanFactory.doGetBean(AbstractBeanFactory.java:331)
	at org.springframework.beans.factory.support.AbstractBeanFactory.getBean(AbstractBeanFactory.java:196)
	at org.springframework.beans.factory.support.DefaultListableBeanFactory.instantiateSingleton(DefaultListableBeanFactory.java:1218)
	at org.springframework.beans.factory.support.DefaultListableBeanFactory.preInstantiateSingleton(DefaultListableBeanFactory.java:1184)
	at org.springframework.beans.factory.support.DefaultListableBeanFactory.preInstantiateSingletons(DefaultListableBeanFactory.java:1121)
	at org.springframework.context.support.AbstractApplicationContext.finishBeanFactoryInitialization(AbstractApplicationContext.java:993)
	at org.springframework.context.support.AbstractApplicationContext.refresh(AbstractApplicationContext.java:620)
	at org.springframework.web.context.ContextLoader.configureAndRefreshWebApplicationContext(ContextLoader.java:391)
	at org.springframework.web.context.ContextLoader.initWebApplicationContext(ContextLoader.java:271)
	at org.springframework.web.context.ContextLoaderListener.contextInitialized(ContextLoaderListener.java:124)
	at org.apache.catalina.core.StandardContext.listenerStart(StandardContext.java:4001)
	at org.apache.catalina.core.StandardContext.startInternal(StandardContext.java:4426)
	at org.apache.catalina.util.LifecycleBase.start(LifecycleBase.java:164)
	at org.apache.catalina.core.ContainerBase.addChild(ContainerBase.java:564)
	at org.apache.catalina.core.StandardHost.addChild(StandardHost.java:663)
	at org.apache.catalina.startup.HostConfig.deployWAR(HostConfig.java:923)
	at org.apache.catalina.startup.HostConfig$DeployWar.run(HostConfig.java:1839)
	at java.base/java.util.concurrent.Executors$RunnableAdapter.call(Executors.java:545)
	at java.base/java.util.concurrent.FutureTask.run(FutureTask.java:328)
	at org.apache.tomcat.util.threads.InlineExecutorService.execute(InlineExecutorService.java:81)
	at java.base/java.util.concurrent.AbstractExecutorService.submit(AbstractExecutorService.java:125)
	at org.apache.catalina.startup.HostConfig.deployWARs(HostConfig.java:727)
	at org.apache.catalina.startup.HostConfig.deployApps(HostConfig.java:378)
	at org.apache.catalina.startup.HostConfig.start(HostConfig.java:1579)
	at org.apache.catalina.startup.HostConfig.lifecycleEvent(HostConfig.java:262)
	at org.apache.catalina.util.LifecycleBase.fireLifecycleEvent(LifecycleBase.java:109)
	at org.apache.catalina.util.LifecycleBase.setStateInternal(LifecycleBase.java:389)
	at org.apache.catalina.util.LifecycleBase.setState(LifecycleBase.java:336)
	at org.apache.catalina.core.ContainerBase.startInternal(ContainerBase.java:741)
	at org.apache.catalina.core.StandardHost.startInternal(StandardHost.java:780)
	at org.apache.catalina.util.LifecycleBase.start(LifecycleBase.java:164)
	at org.apache.catalina.core.ContainerBase$StartChild.call(ContainerBase.java:1162)
	at org.apache.catalina.core.ContainerBase$StartChild.call(ContainerBase.java:1158)
	at java.base/java.util.concurrent.FutureTask.run(FutureTask.java:328)
	at org.apache.tomcat.util.threads.InlineExecutorService.execute(InlineExecutorService.java:81)
	at java.base/java.util.concurrent.AbstractExecutorService.submit(AbstractExecutorService.java:149)
	at org.apache.catalina.core.ContainerBase.startInternal(ContainerBase.java:714)
	at org.apache.catalina.core.StandardEngine.startInternal(StandardEngine.java:201)
	at org.apache.catalina.util.LifecycleBase.start(LifecycleBase.java:164)
	at org.apache.catalina.core.StandardService.startInternal(StandardService.java:410)
	at org.apache.catalina.util.LifecycleBase.start(LifecycleBase.java:164)
	at org.apache.catalina.core.StandardServer.startInternal(StandardServer.java:864)
	at org.apache.catalina.util.LifecycleBase.start(LifecycleBase.java:164)
	at org.apache.catalina.startup.Catalina.start(Catalina.java:756)
	at java.base/jdk.internal.reflect.DirectMethodHandleAccessor.invoke(DirectMethodHandleAccessor.java:104)
	at java.base/java.lang.reflect.Method.invoke(Method.java:565)
	at org.apache.catalina.startup.Bootstrap.start(Bootstrap.java:339)
	at org.apache.catalina.startup.Bootstrap.main(Bootstrap.java:470)
Caused by: java.lang.RuntimeException: Ошибка Liquibase
	at by.slava_borisov.hoteladmin.config.LiquibaseRunner.migrate(LiquibaseRunner.java:47)
	at java.base/jdk.internal.reflect.DirectMethodHandleAccessor.invoke(DirectMethodHandleAccessor.java:104)
	at java.base/java.lang.reflect.Method.invoke(Method.java:565)
	at org.springframework.beans.factory.annotation.InitDestroyAnnotationBeanPostProcessor$LifecycleMethod.invoke(InitDestroyAnnotationBeanPostProcessor.java:453)
	at org.springframework.beans.factory.annotation.InitDestroyAnnotationBeanPostProcessor$LifecycleMetadata.invokeInitMethods(InitDestroyAnnotationBeanPostProcessor.java:397)
	at org.springframework.beans.factory.annotation.InitDestroyAnnotationBeanPostProcessor.postProcessBeforeInitialization(InitDestroyAnnotationBeanPostProcessor.java:217)
	... 54 common frames omitted
Caused by: java.sql.SQLException: No suitable driver found for jdbc:postgresql://localhost:5432/SENLA-11
	at java.sql/java.sql.DriverManager.getConnection(DriverManager.java:638)
	at java.sql/java.sql.DriverManager.getConnection(DriverManager.java:199)
	at by.slava_borisov.hoteladmin.config.LiquibaseRunner.migrate(LiquibaseRunner.java:30)
	... 59 common frames omitted
2026-02-19 16:12:28.990 [main] INFO  o.s.web.context.ContextLoader - Root WebApplicationContext: initialization started
2026-02-19 16:12:29.285 [main] WARN  o.s.w.c.s.AnnotationConfigWebApplicationContext - Exception encountered during context initialization - cancelling refresh attempt: org.springframework.beans.factory.BeanCreationException: Error creating bean with name 'liquibaseRunner': Invocation of init method failed
2026-02-19 16:12:29.286 [main] ERROR o.s.web.context.ContextLoader - Context initialization failed
org.springframework.beans.factory.BeanCreationException: Error creating bean with name 'liquibaseRunner': Invocation of init method failed
	at org.springframework.beans.factory.annotation.InitDestroyAnnotationBeanPostProcessor.postProcessBeforeInitialization(InitDestroyAnnotationBeanPostProcessor.java:220)
	at org.springframework.beans.factory.support.AbstractAutowireCapableBeanFactory.applyBeanPostProcessorsBeforeInitialization(AbstractAutowireCapableBeanFactory.java:426)
	at org.springframework.beans.factory.support.AbstractAutowireCapableBeanFactory.initializeBean(AbstractAutowireCapableBeanFactory.java:1809)
	at org.springframework.beans.factory.support.AbstractAutowireCapableBeanFactory.doCreateBean(AbstractAutowireCapableBeanFactory.java:603)
	at org.springframework.beans.factory.support.AbstractAutowireCapableBeanFactory.createBean(AbstractAutowireCapableBeanFactory.java:525)
	at org.springframework.beans.factory.support.AbstractBeanFactory.lambda$doGetBean$0(AbstractBeanFactory.java:333)
	at org.springframework.beans.factory.support.DefaultSingletonBeanRegistry.getSingleton(DefaultSingletonBeanRegistry.java:371)
	at org.springframework.beans.factory.support.AbstractBeanFactory.doGetBean(AbstractBeanFactory.java:331)
	at org.springframework.beans.factory.support.AbstractBeanFactory.getBean(AbstractBeanFactory.java:196)
	at org.springframework.beans.factory.support.DefaultListableBeanFactory.instantiateSingleton(DefaultListableBeanFactory.java:1218)
	at org.springframework.beans.factory.support.DefaultListableBeanFactory.preInstantiateSingleton(DefaultListableBeanFactory.java:1184)
	at org.springframework.beans.factory.support.DefaultListableBeanFactory.preInstantiateSingletons(DefaultListableBeanFactory.java:1121)
	at org.springframework.context.support.AbstractApplicationContext.finishBeanFactoryInitialization(AbstractApplicationContext.java:993)
	at org.springframework.context.support.AbstractApplicationContext.refresh(AbstractApplicationContext.java:620)
	at org.springframework.web.context.ContextLoader.configureAndRefreshWebApplicationContext(ContextLoader.java:391)
	at org.springframework.web.context.ContextLoader.initWebApplicationContext(ContextLoader.java:271)
	at org.springframework.web.context.ContextLoaderListener.contextInitialized(ContextLoaderListener.java:124)
	at org.apache.catalina.core.StandardContext.listenerStart(StandardContext.java:4001)
	at org.apache.catalina.core.StandardContext.startInternal(StandardContext.java:4426)
	at org.apache.catalina.util.LifecycleBase.start(LifecycleBase.java:164)
	at org.apache.catalina.core.ContainerBase.addChild(ContainerBase.java:564)
	at org.apache.catalina.core.StandardHost.addChild(StandardHost.java:663)
	at org.apache.catalina.startup.HostConfig.deployWAR(HostConfig.java:923)
	at org.apache.catalina.startup.HostConfig$DeployWar.run(HostConfig.java:1839)
	at java.base/java.util.concurrent.Executors$RunnableAdapter.call(Executors.java:545)
	at java.base/java.util.concurrent.FutureTask.run(FutureTask.java:328)
	at org.apache.tomcat.util.threads.InlineExecutorService.execute(InlineExecutorService.java:81)
	at java.base/java.util.concurrent.AbstractExecutorService.submit(AbstractExecutorService.java:125)
	at org.apache.catalina.startup.HostConfig.deployWARs(HostConfig.java:727)
	at org.apache.catalina.startup.HostConfig.deployApps(HostConfig.java:378)
	at org.apache.catalina.startup.HostConfig.start(HostConfig.java:1579)
	at org.apache.catalina.startup.HostConfig.lifecycleEvent(HostConfig.java:262)
	at org.apache.catalina.util.LifecycleBase.fireLifecycleEvent(LifecycleBase.java:109)
	at org.apache.catalina.util.LifecycleBase.setStateInternal(LifecycleBase.java:389)
	at org.apache.catalina.util.LifecycleBase.setState(LifecycleBase.java:336)
	at org.apache.catalina.core.ContainerBase.startInternal(ContainerBase.java:741)
	at org.apache.catalina.core.StandardHost.startInternal(StandardHost.java:780)
	at org.apache.catalina.util.LifecycleBase.start(LifecycleBase.java:164)
	at org.apache.catalina.core.ContainerBase$StartChild.call(ContainerBase.java:1162)
	at org.apache.catalina.core.ContainerBase$StartChild.call(ContainerBase.java:1158)
	at java.base/java.util.concurrent.FutureTask.run(FutureTask.java:328)
	at org.apache.tomcat.util.threads.InlineExecutorService.execute(InlineExecutorService.java:81)
	at java.base/java.util.concurrent.AbstractExecutorService.submit(AbstractExecutorService.java:149)
	at org.apache.catalina.core.ContainerBase.startInternal(ContainerBase.java:714)
	at org.apache.catalina.core.StandardEngine.startInternal(StandardEngine.java:201)
	at org.apache.catalina.util.LifecycleBase.start(LifecycleBase.java:164)
	at org.apache.catalina.core.StandardService.startInternal(StandardService.java:410)
	at org.apache.catalina.util.LifecycleBase.start(LifecycleBase.java:164)
	at org.apache.catalina.core.StandardServer.startInternal(StandardServer.java:864)
	at org.apache.catalina.util.LifecycleBase.start(LifecycleBase.java:164)
	at org.apache.catalina.startup.Catalina.start(Catalina.java:756)
	at java.base/jdk.internal.reflect.DirectMethodHandleAccessor.invoke(DirectMethodHandleAccessor.java:104)
	at java.base/java.lang.reflect.Method.invoke(Method.java:565)
	at org.apache.catalina.startup.Bootstrap.start(Bootstrap.java:339)
	at org.apache.catalina.startup.Bootstrap.main(Bootstrap.java:470)
Caused by: java.lang.RuntimeException: Ошибка Liquibase
	at by.slava_borisov.hoteladmin.config.LiquibaseRunner.migrate(LiquibaseRunner.java:47)
	at java.base/jdk.internal.reflect.DirectMethodHandleAccessor.invoke(DirectMethodHandleAccessor.java:104)
	at java.base/java.lang.reflect.Method.invoke(Method.java:565)
	at org.springframework.beans.factory.annotation.InitDestroyAnnotationBeanPostProcessor$LifecycleMethod.invoke(InitDestroyAnnotationBeanPostProcessor.java:453)
	at org.springframework.beans.factory.annotation.InitDestroyAnnotationBeanPostProcessor$LifecycleMetadata.invokeInitMethods(InitDestroyAnnotationBeanPostProcessor.java:397)
	at org.springframework.beans.factory.annotation.InitDestroyAnnotationBeanPostProcessor.postProcessBeforeInitialization(InitDestroyAnnotationBeanPostProcessor.java:217)
	... 54 common frames omitted
Caused by: java.sql.SQLException: No suitable driver found for jdbc:postgresql://localhost:5432/SENLA-11
	at java.sql/java.sql.DriverManager.getConnection(DriverManager.java:638)
	at java.sql/java.sql.DriverManager.getConnection(DriverManager.java:199)
	at by.slava_borisov.hoteladmin.config.LiquibaseRunner.migrate(LiquibaseRunner.java:30)
	... 59 common frames omitted
2026-02-19 16:14:23.732 [main] INFO  o.s.web.context.ContextLoader - Root WebApplicationContext: initialization started
2026-02-19 16:14:24.538 [main] INFO  org.hibernate.orm.core - HHH000001: Hibernate ORM core version 7.2.1.Final
2026-02-19 16:14:24.776 [main] WARN  org.hibernate.orm.deprecation - HHH90000025: PostgreSQLDialect does not need to be specified explicitly using 'hibernate.dialect' (remove the property setting and it will be selected by default)
2026-02-19 16:14:24.787 [main] INFO  o.hibernate.orm.connections.pooling - HHH10001005: Database info:
	Database JDBC URL [jdbc:postgresql://localhost:5432/SENLA-11]
	Database driver: PostgreSQL JDBC Driver
	Database dialect: PostgreSQLDialect
	Database version: 14.20
	Default catalog/schema: SENLA-11/public
	Autocommit mode: undefined/unknown
	Isolation level: READ_COMMITTED [default READ_COMMITTED]
	JDBC fetch size: none
	Pool: DataSourceConnectionProvider
	Minimum pool size: undefined/unknown
	Maximum pool size: undefined/unknown
2026-02-19 16:14:25.496 [main] INFO  org.hibernate.orm.core - HHH000489: No JTA platform available (set 'hibernate.transaction.jta.platform' to enable JTA platform integration)
2026-02-19 16:14:25.713 [main] INFO  o.s.web.context.ContextLoader - Root WebApplicationContext initialized in 1979 ms
2026-02-19 16:14:25.714 [main] INFO  o.s.web.servlet.DispatcherServlet - Initializing Servlet 'dispatcher'
2026-02-19 16:14:25.739 [main] INFO  o.s.web.servlet.DispatcherServlet - Completed initialization in 25 ms
2026-02-19 16:16:35.759 [main] INFO  o.s.web.context.ContextLoader - Root WebApplicationContext: initialization started
2026-02-19 16:16:36.444 [main] INFO  org.hibernate.orm.core - HHH000001: Hibernate ORM core version 7.2.1.Final
2026-02-19 16:16:36.681 [main] WARN  org.hibernate.orm.deprecation - HHH90000025: PostgreSQLDialect does not need to be specified explicitly using 'hibernate.dialect' (remove the property setting and it will be selected by default)
2026-02-19 16:16:36.693 [main] INFO  o.hibernate.orm.connections.pooling - HHH10001005: Database info:
	Database JDBC URL [jdbc:postgresql://localhost:5432/SENLA-11]
	Database driver: PostgreSQL JDBC Driver
	Database dialect: PostgreSQLDialect
	Database version: 14.20
	Default catalog/schema: SENLA-11/public
	Autocommit mode: undefined/unknown
	Isolation level: READ_COMMITTED [default READ_COMMITTED]
	JDBC fetch size: none
	Pool: DataSourceConnectionProvider
	Minimum pool size: undefined/unknown
	Maximum pool size: undefined/unknown
2026-02-19 16:16:37.403 [main] INFO  org.hibernate.orm.core - HHH000489: No JTA platform available (set 'hibernate.transaction.jta.platform' to enable JTA platform integration)
2026-02-19 16:16:37.606 [main] INFO  o.s.web.context.ContextLoader - Root WebApplicationContext initialized in 1846 ms
2026-02-19 16:16:37.608 [main] INFO  o.s.web.servlet.DispatcherServlet - Initializing Servlet 'dispatcher'
2026-02-19 16:16:37.632 [main] INFO  o.s.web.servlet.DispatcherServlet - Completed initialization in 24 ms
2026-02-19 16:19:36.969 [main] INFO  o.s.web.context.ContextLoader - Root WebApplicationContext: initialization started
2026-02-19 16:19:37.702 [main] INFO  org.hibernate.orm.core - HHH000001: Hibernate ORM core version 7.2.1.Final
2026-02-19 16:19:37.936 [main] WARN  org.hibernate.orm.deprecation - HHH90000025: PostgreSQLDialect does not need to be specified explicitly using 'hibernate.dialect' (remove the property setting and it will be selected by default)
2026-02-19 16:19:37.948 [main] INFO  o.hibernate.orm.connections.pooling - HHH10001005: Database info:
	Database JDBC URL [jdbc:postgresql://localhost:5432/SENLA-11]
	Database driver: PostgreSQL JDBC Driver
	Database dialect: PostgreSQLDialect
	Database version: 14.20
	Default catalog/schema: SENLA-11/public
	Autocommit mode: undefined/unknown
	Isolation level: READ_COMMITTED [default READ_COMMITTED]
	JDBC fetch size: none
	Pool: DataSourceConnectionProvider
	Minimum pool size: undefined/unknown
	Maximum pool size: undefined/unknown
2026-02-19 16:19:38.648 [main] INFO  org.hibernate.orm.core - HHH000489: No JTA platform available (set 'hibernate.transaction.jta.platform' to enable JTA platform integration)
2026-02-19 16:19:38.848 [main] INFO  o.s.web.context.ContextLoader - Root WebApplicationContext initialized in 1877 ms
2026-02-19 16:19:38.850 [main] INFO  o.s.web.servlet.DispatcherServlet - Initializing Servlet 'dispatcher'
2026-02-19 16:19:38.874 [main] INFO  o.s.web.servlet.DispatcherServlet - Completed initialization in 24 ms
2026-02-19 16:21:45.323 [main] INFO  o.s.web.context.ContextLoader - Root WebApplicationContext: initialization started
2026-02-19 16:21:46.011 [main] INFO  org.hibernate.orm.core - HHH000001: Hibernate ORM core version 7.2.1.Final
2026-02-19 16:21:46.250 [main] WARN  org.hibernate.orm.deprecation - HHH90000025: PostgreSQLDialect does not need to be specified explicitly using 'hibernate.dialect' (remove the property setting and it will be selected by default)
2026-02-19 16:21:46.262 [main] INFO  o.hibernate.orm.connections.pooling - HHH10001005: Database info:
	Database JDBC URL [jdbc:postgresql://localhost:5432/SENLA-11]
	Database driver: PostgreSQL JDBC Driver
	Database dialect: PostgreSQLDialect
	Database version: 14.20
	Default catalog/schema: SENLA-11/public
	Autocommit mode: undefined/unknown
	Isolation level: READ_COMMITTED [default READ_COMMITTED]
	JDBC fetch size: none
	Pool: DataSourceConnectionProvider
	Minimum pool size: undefined/unknown
	Maximum pool size: undefined/unknown
2026-02-19 16:21:46.977 [main] INFO  org.hibernate.orm.core - HHH000489: No JTA platform available (set 'hibernate.transaction.jta.platform' to enable JTA platform integration)
2026-02-19 16:21:47.184 [main] INFO  o.s.web.context.ContextLoader - Root WebApplicationContext initialized in 1859 ms
2026-02-19 16:21:47.185 [main] INFO  o.s.web.servlet.DispatcherServlet - Initializing Servlet 'dispatcher'
2026-02-19 16:21:47.211 [main] INFO  o.s.web.servlet.DispatcherServlet - Completed initialization in 25 ms
2026-02-19 16:32:13.827 [main] INFO  o.s.web.context.ContextLoader - Root WebApplicationContext: initialization started
2026-02-19 16:32:14.519 [main] INFO  org.hibernate.orm.core - HHH000001: Hibernate ORM core version 7.2.1.Final
2026-02-19 16:32:14.774 [main] WARN  org.hibernate.orm.deprecation - HHH90000025: PostgreSQLDialect does not need to be specified explicitly using 'hibernate.dialect' (remove the property setting and it will be selected by default)
2026-02-19 16:32:14.787 [main] INFO  o.hibernate.orm.connections.pooling - HHH10001005: Database info:
	Database JDBC URL [jdbc:postgresql://localhost:5432/SENLA-11]
	Database driver: PostgreSQL JDBC Driver
	Database dialect: PostgreSQLDialect
	Database version: 14.20
	Default catalog/schema: SENLA-11/public
	Autocommit mode: undefined/unknown
	Isolation level: READ_COMMITTED [default READ_COMMITTED]
	JDBC fetch size: none
	Pool: DataSourceConnectionProvider
	Minimum pool size: undefined/unknown
	Maximum pool size: undefined/unknown
2026-02-19 16:32:15.541 [main] INFO  org.hibernate.orm.core - HHH000489: No JTA platform available (set 'hibernate.transaction.jta.platform' to enable JTA platform integration)
2026-02-19 16:32:15.746 [main] INFO  o.s.web.context.ContextLoader - Root WebApplicationContext initialized in 1918 ms
2026-02-19 16:32:15.747 [main] INFO  o.s.web.servlet.DispatcherServlet - Initializing Servlet 'dispatcher'
2026-02-19 16:32:15.772 [main] INFO  o.s.web.servlet.DispatcherServlet - Completed initialization in 25 ms
2026-02-19 16:37:57.226 [main] INFO  o.s.web.context.ContextLoader - Root WebApplicationContext: initialization started
2026-02-19 16:37:57.934 [main] INFO  org.hibernate.orm.core - HHH000001: Hibernate ORM core version 7.2.1.Final
2026-02-19 16:37:58.173 [main] WARN  org.hibernate.orm.deprecation - HHH90000025: PostgreSQLDialect does not need to be specified explicitly using 'hibernate.dialect' (remove the property setting and it will be selected by default)
2026-02-19 16:37:58.203 [main] INFO  o.hibernate.orm.connections.pooling - HHH10001005: Database info:
	Database JDBC URL [jdbc:postgresql://localhost:5432/SENLA-11]
	Database driver: PostgreSQL JDBC Driver
	Database dialect: PostgreSQLDialect
	Database version: 14.20
	Default catalog/schema: SENLA-11/public
	Autocommit mode: undefined/unknown
	Isolation level: READ_COMMITTED [default READ_COMMITTED]
	JDBC fetch size: none
	Pool: DataSourceConnectionProvider
	Minimum pool size: undefined/unknown
	Maximum pool size: undefined/unknown
2026-02-19 16:37:58.999 [main] INFO  org.hibernate.orm.core - HHH000489: No JTA platform available (set 'hibernate.transaction.jta.platform' to enable JTA platform integration)
2026-02-19 16:37:59.201 [main] INFO  o.s.web.context.ContextLoader - Root WebApplicationContext initialized in 1973 ms
2026-02-19 16:37:59.203 [main] INFO  o.s.web.servlet.DispatcherServlet - Initializing Servlet 'dispatcher'
2026-02-19 16:37:59.228 [main] INFO  o.s.web.servlet.DispatcherServlet - Completed initialization in 25 ms
2026-02-19 17:24:05.018 [main] INFO  o.s.web.context.ContextLoader - Root WebApplicationContext: initialization started
2026-02-19 17:24:05.768 [main] INFO  org.hibernate.orm.core - HHH000001: Hibernate ORM core version 7.2.1.Final
2026-02-19 17:24:06.036 [main] WARN  org.hibernate.orm.deprecation - HHH90000025: PostgreSQLDialect does not need to be specified explicitly using 'hibernate.dialect' (remove the property setting and it will be selected by default)
2026-02-19 17:24:06.048 [main] INFO  o.hibernate.orm.connections.pooling - HHH10001005: Database info:
	Database JDBC URL [jdbc:postgresql://localhost:5432/SENLA-11]
	Database driver: PostgreSQL JDBC Driver
	Database dialect: PostgreSQLDialect
	Database version: 14.20
	Default catalog/schema: SENLA-11/public
	Autocommit mode: undefined/unknown
	Isolation level: READ_COMMITTED [default READ_COMMITTED]
	JDBC fetch size: none
	Pool: DataSourceConnectionProvider
	Minimum pool size: undefined/unknown
	Maximum pool size: undefined/unknown
2026-02-19 17:24:06.830 [main] INFO  org.hibernate.orm.core - HHH000489: No JTA platform available (set 'hibernate.transaction.jta.platform' to enable JTA platform integration)
2026-02-19 17:24:07.051 [main] INFO  o.s.web.context.ContextLoader - Root WebApplicationContext initialized in 2031 ms
2026-02-19 17:24:07.056 [main] INFO  o.s.web.servlet.DispatcherServlet - Initializing Servlet 'dispatcher'
2026-02-19 17:24:07.087 [main] INFO  o.s.web.servlet.DispatcherServlet - Completed initialization in 31 ms
2026-02-19 17:24:07.909 [main] INFO  o.s.web.context.ContextLoader - Root WebApplicationContext: initialization started
2026-02-19 17:24:08.474 [main] INFO  org.hibernate.orm.core - HHH000001: Hibernate ORM core version 7.2.1.Final
2026-02-19 17:24:08.720 [main] WARN  org.hibernate.orm.deprecation - HHH90000025: PostgreSQLDialect does not need to be specified explicitly using 'hibernate.dialect' (remove the property setting and it will be selected by default)
2026-02-19 17:24:08.732 [main] INFO  o.hibernate.orm.connections.pooling - HHH10001005: Database info:
	Database JDBC URL [jdbc:postgresql://localhost:5432/SENLA-11]
	Database driver: PostgreSQL JDBC Driver
	Database dialect: PostgreSQLDialect
	Database version: 14.20
	Default catalog/schema: SENLA-11/public
	Autocommit mode: undefined/unknown
	Isolation level: READ_COMMITTED [default READ_COMMITTED]
	JDBC fetch size: none
	Pool: DataSourceConnectionProvider
	Minimum pool size: undefined/unknown
	Maximum pool size: undefined/unknown
2026-02-19 17:24:09.546 [main] INFO  org.hibernate.orm.core - HHH000489: No JTA platform available (set 'hibernate.transaction.jta.platform' to enable JTA platform integration)
2026-02-19 17:24:09.755 [main] INFO  o.s.web.context.ContextLoader - Root WebApplicationContext initialized in 1845 ms
2026-02-19 17:24:09.757 [main] INFO  o.s.web.servlet.DispatcherServlet - Initializing Servlet 'dispatcher'
2026-02-19 17:24:09.784 [main] INFO  o.s.web.servlet.DispatcherServlet - Completed initialization in 27 ms
2026-02-19 17:26:07.086 [main] INFO  o.s.web.context.ContextLoader - Root WebApplicationContext: initialization started
2026-02-19 17:26:07.860 [main] INFO  org.hibernate.orm.core - HHH000001: Hibernate ORM core version 7.2.1.Final
2026-02-19 17:26:08.126 [main] WARN  org.hibernate.orm.deprecation - HHH90000025: PostgreSQLDialect does not need to be specified explicitly using 'hibernate.dialect' (remove the property setting and it will be selected by default)
2026-02-19 17:26:08.141 [main] INFO  o.hibernate.orm.connections.pooling - HHH10001005: Database info:
	Database JDBC URL [jdbc:postgresql://localhost:5432/SENLA-11]
	Database driver: PostgreSQL JDBC Driver
	Database dialect: PostgreSQLDialect
	Database version: 14.20
	Default catalog/schema: SENLA-11/public
	Autocommit mode: undefined/unknown
	Isolation level: READ_COMMITTED [default READ_COMMITTED]
	JDBC fetch size: none
	Pool: DataSourceConnectionProvider
	Minimum pool size: undefined/unknown
	Maximum pool size: undefined/unknown
2026-02-19 17:26:08.998 [main] INFO  org.hibernate.orm.core - HHH000489: No JTA platform available (set 'hibernate.transaction.jta.platform' to enable JTA platform integration)
2026-02-19 17:26:09.215 [main] INFO  o.s.web.context.ContextLoader - Root WebApplicationContext initialized in 2127 ms
2026-02-19 17:26:09.220 [main] INFO  o.s.web.servlet.DispatcherServlet - Initializing Servlet 'dispatcher'
2026-02-19 17:26:09.249 [main] INFO  o.s.web.servlet.DispatcherServlet - Completed initialization in 29 ms
2026-02-19 17:26:10.154 [main] INFO  o.s.web.context.ContextLoader - Root WebApplicationContext: initialization started
2026-02-19 17:26:10.749 [main] INFO  org.hibernate.orm.core - HHH000001: Hibernate ORM core version 7.2.1.Final
2026-02-19 17:26:10.999 [main] WARN  org.hibernate.orm.deprecation - HHH90000025: PostgreSQLDialect does not need to be specified explicitly using 'hibernate.dialect' (remove the property setting and it will be selected by default)
2026-02-19 17:26:11.013 [main] INFO  o.hibernate.orm.connections.pooling - HHH10001005: Database info:
	Database JDBC URL [jdbc:postgresql://localhost:5432/SENLA-11]
	Database driver: PostgreSQL JDBC Driver
	Database dialect: PostgreSQLDialect
	Database version: 14.20
	Default catalog/schema: SENLA-11/public
	Autocommit mode: undefined/unknown
	Isolation level: READ_COMMITTED [default READ_COMMITTED]
	JDBC fetch size: none
	Pool: DataSourceConnectionProvider
	Minimum pool size: undefined/unknown
	Maximum pool size: undefined/unknown
2026-02-19 17:26:11.716 [main] INFO  org.hibernate.orm.core - HHH000489: No JTA platform available (set 'hibernate.transaction.jta.platform' to enable JTA platform integration)
2026-02-19 17:26:11.900 [main] INFO  o.s.web.context.ContextLoader - Root WebApplicationContext initialized in 1745 ms
2026-02-19 17:26:11.901 [main] INFO  o.s.web.servlet.DispatcherServlet - Initializing Servlet 'dispatcher'
2026-02-19 17:26:11.927 [main] INFO  o.s.web.servlet.DispatcherServlet - Completed initialization in 26 ms
2026-02-19 17:30:04.092 [main] INFO  o.s.web.context.ContextLoader - Root WebApplicationContext: initialization started
2026-02-19 17:30:04.926 [main] INFO  org.hibernate.orm.core - HHH000001: Hibernate ORM core version 7.2.1.Final
2026-02-19 17:30:05.193 [main] WARN  org.hibernate.orm.deprecation - HHH90000025: PostgreSQLDialect does not need to be specified explicitly using 'hibernate.dialect' (remove the property setting and it will be selected by default)
2026-02-19 17:30:05.205 [main] INFO  o.hibernate.orm.connections.pooling - HHH10001005: Database info:
	Database JDBC URL [jdbc:postgresql://localhost:5432/SENLA-11]
	Database driver: PostgreSQL JDBC Driver
	Database dialect: PostgreSQLDialect
	Database version: 14.20
	Default catalog/schema: SENLA-11/public
	Autocommit mode: undefined/unknown
	Isolation level: READ_COMMITTED [default READ_COMMITTED]
	JDBC fetch size: none
	Pool: DataSourceConnectionProvider
	Minimum pool size: undefined/unknown
	Maximum pool size: undefined/unknown
2026-02-19 17:30:06.024 [main] INFO  org.hibernate.orm.core - HHH000489: No JTA platform available (set 'hibernate.transaction.jta.platform' to enable JTA platform integration)
2026-02-19 17:30:06.263 [main] INFO  o.s.web.context.ContextLoader - Root WebApplicationContext initialized in 2168 ms
2026-02-19 17:30:06.269 [main] INFO  o.s.web.servlet.DispatcherServlet - Initializing Servlet 'dispatcher'
2026-02-19 17:30:06.307 [main] INFO  o.s.web.servlet.DispatcherServlet - Completed initialization in 38 ms
2026-02-19 17:30:07.335 [main] INFO  o.s.web.context.ContextLoader - Root WebApplicationContext: initialization started
2026-02-19 17:30:07.891 [main] INFO  org.hibernate.orm.core - HHH000001: Hibernate ORM core version 7.2.1.Final
2026-02-19 17:30:08.109 [main] WARN  org.hibernate.orm.deprecation - HHH90000025: PostgreSQLDialect does not need to be specified explicitly using 'hibernate.dialect' (remove the property setting and it will be selected by default)
2026-02-19 17:30:08.121 [main] INFO  o.hibernate.orm.connections.pooling - HHH10001005: Database info:
	Database JDBC URL [jdbc:postgresql://localhost:5432/SENLA-11]
	Database driver: PostgreSQL JDBC Driver
	Database dialect: PostgreSQLDialect
	Database version: 14.20
	Default catalog/schema: SENLA-11/public
	Autocommit mode: undefined/unknown
	Isolation level: READ_COMMITTED [default READ_COMMITTED]
	JDBC fetch size: none
	Pool: DataSourceConnectionProvider
	Minimum pool size: undefined/unknown
	Maximum pool size: undefined/unknown
2026-02-19 17:30:08.772 [main] INFO  org.hibernate.orm.core - HHH000489: No JTA platform available (set 'hibernate.transaction.jta.platform' to enable JTA platform integration)
2026-02-19 17:30:08.950 [main] INFO  o.s.web.context.ContextLoader - Root WebApplicationContext initialized in 1614 ms
2026-02-19 17:30:08.951 [main] INFO  o.s.web.servlet.DispatcherServlet - Initializing Servlet 'dispatcher'
2026-02-19 17:30:08.977 [main] INFO  o.s.web.servlet.DispatcherServlet - Completed initialization in 26 ms
2026-02-19 17:34:54.022 [main] INFO  o.s.web.context.ContextLoader - Root WebApplicationContext: initialization started
2026-02-19 17:34:54.805 [main] INFO  org.hibernate.orm.core - HHH000001: Hibernate ORM core version 7.2.1.Final
2026-02-19 17:34:55.048 [main] WARN  org.hibernate.orm.deprecation - HHH90000025: PostgreSQLDialect does not need to be specified explicitly using 'hibernate.dialect' (remove the property setting and it will be selected by default)
2026-02-19 17:34:55.060 [main] INFO  o.hibernate.orm.connections.pooling - HHH10001005: Database info:
	Database JDBC URL [jdbc:postgresql://localhost:5432/SENLA-11]
	Database driver: PostgreSQL JDBC Driver
	Database dialect: PostgreSQLDialect
	Database version: 14.20
	Default catalog/schema: SENLA-11/public
	Autocommit mode: undefined/unknown
	Isolation level: READ_COMMITTED [default READ_COMMITTED]
	JDBC fetch size: none
	Pool: DataSourceConnectionProvider
	Minimum pool size: undefined/unknown
	Maximum pool size: undefined/unknown
2026-02-19 17:34:55.798 [main] INFO  org.hibernate.orm.core - HHH000489: No JTA platform available (set 'hibernate.transaction.jta.platform' to enable JTA platform integration)
2026-02-19 17:34:56.016 [main] INFO  o.s.web.context.ContextLoader - Root WebApplicationContext initialized in 1992 ms
2026-02-19 17:34:56.022 [main] INFO  o.s.web.servlet.DispatcherServlet - Initializing Servlet 'dispatcher'
2026-02-19 17:34:56.056 [main] INFO  o.s.web.servlet.DispatcherServlet - Completed initialization in 34 ms
2026-02-19 17:36:27.405 [Catalina-utility-2] INFO  o.s.web.context.ContextLoader - Root WebApplicationContext: initialization started
2026-02-19 17:36:28.014 [Catalina-utility-2] INFO  org.hibernate.orm.core - HHH000001: Hibernate ORM core version 7.2.1.Final
2026-02-19 17:36:28.238 [Catalina-utility-2] WARN  org.hibernate.orm.deprecation - HHH90000025: PostgreSQLDialect does not need to be specified explicitly using 'hibernate.dialect' (remove the property setting and it will be selected by default)
2026-02-19 17:36:28.251 [Catalina-utility-2] INFO  o.hibernate.orm.connections.pooling - HHH10001005: Database info:
	Database JDBC URL [jdbc:postgresql://localhost:5432/SENLA-11]
	Database driver: PostgreSQL JDBC Driver
	Database dialect: PostgreSQLDialect
	Database version: 14.20
	Default catalog/schema: SENLA-11/public
	Autocommit mode: undefined/unknown
	Isolation level: READ_COMMITTED [default READ_COMMITTED]
	JDBC fetch size: none
	Pool: DataSourceConnectionProvider
	Minimum pool size: undefined/unknown
	Maximum pool size: undefined/unknown
2026-02-19 17:36:28.967 [Catalina-utility-2] INFO  org.hibernate.orm.core - HHH000489: No JTA platform available (set 'hibernate.transaction.jta.platform' to enable JTA platform integration)
2026-02-19 17:36:29.160 [Catalina-utility-2] INFO  o.s.web.context.ContextLoader - Root WebApplicationContext initialized in 1753 ms
2026-02-19 17:36:29.161 [Catalina-utility-2] INFO  o.s.web.servlet.DispatcherServlet - Initializing Servlet 'dispatcher'
2026-02-19 17:36:29.186 [Catalina-utility-2] INFO  o.s.web.servlet.DispatcherServlet - Completed initialization in 25 ms
2026-02-19 17:36:42.009 [main] INFO  o.s.web.context.ContextLoader - Root WebApplicationContext: initialization started
2026-02-19 17:36:42.728 [main] INFO  org.hibernate.orm.core - HHH000001: Hibernate ORM core version 7.2.1.Final
2026-02-19 17:36:43.005 [main] WARN  org.hibernate.orm.deprecation - HHH90000025: PostgreSQLDialect does not need to be specified explicitly using 'hibernate.dialect' (remove the property setting and it will be selected by default)
2026-02-19 17:36:43.017 [main] INFO  o.hibernate.orm.connections.pooling - HHH10001005: Database info:
	Database JDBC URL [jdbc:postgresql://localhost:5432/SENLA-11]
	Database driver: PostgreSQL JDBC Driver
	Database dialect: PostgreSQLDialect
	Database version: 14.20
	Default catalog/schema: SENLA-11/public
	Autocommit mode: undefined/unknown
	Isolation level: READ_COMMITTED [default READ_COMMITTED]
	JDBC fetch size: none
	Pool: DataSourceConnectionProvider
	Minimum pool size: undefined/unknown
	Maximum pool size: undefined/unknown
2026-02-19 17:36:43.812 [main] INFO  org.hibernate.orm.core - HHH000489: No JTA platform available (set 'hibernate.transaction.jta.platform' to enable JTA platform integration)
2026-02-19 17:36:44.037 [main] INFO  o.s.web.context.ContextLoader - Root WebApplicationContext initialized in 2026 ms
2026-02-19 17:36:44.041 [main] INFO  o.s.web.servlet.DispatcherServlet - Initializing Servlet 'dispatcher'
2026-02-19 17:36:44.073 [main] INFO  o.s.web.servlet.DispatcherServlet - Completed initialization in 31 ms
2026-02-19 17:36:44.930 [main] INFO  o.s.web.context.ContextLoader - Root WebApplicationContext: initialization started
2026-02-19 17:36:45.484 [main] INFO  org.hibernate.orm.core - HHH000001: Hibernate ORM core version 7.2.1.Final
2026-02-19 17:36:45.707 [main] WARN  org.hibernate.orm.deprecation - HHH90000025: PostgreSQLDialect does not need to be specified explicitly using 'hibernate.dialect' (remove the property setting and it will be selected by default)
2026-02-19 17:36:45.721 [main] INFO  o.hibernate.orm.connections.pooling - HHH10001005: Database info:
	Database JDBC URL [jdbc:postgresql://localhost:5432/SENLA-11]
	Database driver: PostgreSQL JDBC Driver
	Database dialect: PostgreSQLDialect
	Database version: 14.20
	Default catalog/schema: SENLA-11/public
	Autocommit mode: undefined/unknown
	Isolation level: READ_COMMITTED [default READ_COMMITTED]
	JDBC fetch size: none
	Pool: DataSourceConnectionProvider
	Minimum pool size: undefined/unknown
	Maximum pool size: undefined/unknown
2026-02-19 17:36:46.425 [main] INFO  org.hibernate.orm.core - HHH000489: No JTA platform available (set 'hibernate.transaction.jta.platform' to enable JTA platform integration)
2026-02-19 17:36:46.635 [main] INFO  o.s.web.context.ContextLoader - Root WebApplicationContext initialized in 1704 ms
2026-02-19 17:36:46.637 [main] INFO  o.s.web.servlet.DispatcherServlet - Initializing Servlet 'dispatcher'
2026-02-19 17:36:46.674 [main] INFO  o.s.web.servlet.DispatcherServlet - Completed initialization in 37 ms
2026-02-19 17:38:47.073 [Catalina-utility-1] WARN  o.s.b.f.s.DisposableBeanAdapter - Invocation of destroy method failed on bean with name 'sessionFactory': java.lang.IllegalStateException: java.nio.file.NoSuchFileException: /opt/homebrew/Cellar/tomcat/11.0.15/libexec/webapps/hoteladmin/WEB-INF/lib/commons-logging-1.3.5.jar
2026-02-19 17:38:47.094 [Catalina-utility-1] WARN  o.s.b.f.s.DisposableBeanAdapter - Invocation of destroy method failed on bean with name 'sessionFactory': java.lang.IllegalStateException: java.nio.file.NoSuchFileException: /opt/homebrew/Cellar/tomcat/11.0.15/libexec/webapps/hoteladmin-1.0-SNAPSHOT/WEB-INF/lib/commons-logging-1.3.5.jar
2026-02-19 17:39:48.200 [Catalina-utility-2] INFO  o.s.web.context.ContextLoader - Root WebApplicationContext: initialization started
2026-02-19 17:39:48.747 [Catalina-utility-2] INFO  org.hibernate.orm.core - HHH000001: Hibernate ORM core version 7.2.1.Final
2026-02-19 17:39:48.952 [Catalina-utility-2] WARN  org.hibernate.orm.deprecation - HHH90000025: PostgreSQLDialect does not need to be specified explicitly using 'hibernate.dialect' (remove the property setting and it will be selected by default)
2026-02-19 17:39:48.964 [Catalina-utility-2] INFO  o.hibernate.orm.connections.pooling - HHH10001005: Database info:
	Database JDBC URL [jdbc:postgresql://localhost:5432/SENLA-11]
	Database driver: PostgreSQL JDBC Driver
	Database dialect: PostgreSQLDialect
	Database version: 14.20
	Default catalog/schema: SENLA-11/public
	Autocommit mode: undefined/unknown
	Isolation level: READ_COMMITTED [default READ_COMMITTED]
	JDBC fetch size: none
	Pool: DataSourceConnectionProvider
	Minimum pool size: undefined/unknown
	Maximum pool size: undefined/unknown
2026-02-19 17:39:49.664 [Catalina-utility-2] INFO  org.hibernate.orm.core - HHH000489: No JTA platform available (set 'hibernate.transaction.jta.platform' to enable JTA platform integration)
2026-02-19 17:39:49.861 [Catalina-utility-2] INFO  o.s.web.context.ContextLoader - Root WebApplicationContext initialized in 1660 ms
2026-02-19 17:39:49.862 [Catalina-utility-2] INFO  o.s.web.servlet.DispatcherServlet - Initializing Servlet 'dispatcher'
2026-02-19 17:39:49.888 [Catalina-utility-2] INFO  o.s.web.servlet.DispatcherServlet - Completed initialization in 26 ms
2026-02-19 17:40:01.701 [main] INFO  o.s.web.context.ContextLoader - Root WebApplicationContext: initialization started
2026-02-19 17:40:02.428 [main] INFO  org.hibernate.orm.core - HHH000001: Hibernate ORM core version 7.2.1.Final
2026-02-19 17:40:02.669 [main] WARN  org.hibernate.orm.deprecation - HHH90000025: PostgreSQLDialect does not need to be specified explicitly using 'hibernate.dialect' (remove the property setting and it will be selected by default)
2026-02-19 17:40:02.681 [main] INFO  o.hibernate.orm.connections.pooling - HHH10001005: Database info:
	Database JDBC URL [jdbc:postgresql://localhost:5432/SENLA-11]
	Database driver: PostgreSQL JDBC Driver
	Database dialect: PostgreSQLDialect
	Database version: 14.20
	Default catalog/schema: SENLA-11/public
	Autocommit mode: undefined/unknown
	Isolation level: READ_COMMITTED [default READ_COMMITTED]
	JDBC fetch size: none
	Pool: DataSourceConnectionProvider
	Minimum pool size: undefined/unknown
	Maximum pool size: undefined/unknown
2026-02-19 17:40:03.411 [main] INFO  org.hibernate.orm.core - HHH000489: No JTA platform available (set 'hibernate.transaction.jta.platform' to enable JTA platform integration)
2026-02-19 17:40:03.621 [main] INFO  o.s.web.context.ContextLoader - Root WebApplicationContext initialized in 1919 ms
2026-02-19 17:40:03.626 [main] INFO  o.s.web.servlet.DispatcherServlet - Initializing Servlet 'dispatcher'
2026-02-19 17:40:03.655 [main] INFO  o.s.web.servlet.DispatcherServlet - Completed initialization in 29 ms
2026-02-19 17:44:36.117 [main] INFO  o.s.web.context.ContextLoader - Root WebApplicationContext: initialization started
2026-02-19 17:44:36.845 [main] INFO  org.hibernate.orm.core - HHH000001: Hibernate ORM core version 7.2.1.Final
2026-02-19 17:44:37.114 [main] WARN  org.hibernate.orm.deprecation - HHH90000025: PostgreSQLDialect does not need to be specified explicitly using 'hibernate.dialect' (remove the property setting and it will be selected by default)
2026-02-19 17:44:37.127 [main] INFO  o.hibernate.orm.connections.pooling - HHH10001005: Database info:
	Database JDBC URL [jdbc:postgresql://localhost:5432/SENLA-11]
	Database driver: PostgreSQL JDBC Driver
	Database dialect: PostgreSQLDialect
	Database version: 14.20
	Default catalog/schema: SENLA-11/public
	Autocommit mode: undefined/unknown
	Isolation level: READ_COMMITTED [default READ_COMMITTED]
	JDBC fetch size: none
	Pool: DataSourceConnectionProvider
	Minimum pool size: undefined/unknown
	Maximum pool size: undefined/unknown
2026-02-19 17:44:37.960 [main] INFO  org.hibernate.orm.core - HHH000489: No JTA platform available (set 'hibernate.transaction.jta.platform' to enable JTA platform integration)
2026-02-19 17:44:38.182 [main] INFO  o.s.web.context.ContextLoader - Root WebApplicationContext initialized in 2062 ms
2026-02-19 17:44:38.187 [main] INFO  o.s.web.servlet.DispatcherServlet - Initializing Servlet 'dispatcher'
2026-02-19 17:44:38.217 [main] INFO  o.s.web.servlet.DispatcherServlet - Completed initialization in 30 ms
2026-02-19 17:53:41.813 [main] INFO  o.s.web.context.ContextLoader - Root WebApplicationContext: initialization started
2026-02-19 17:53:42.546 [main] INFO  org.hibernate.orm.core - HHH000001: Hibernate ORM core version 7.2.1.Final
2026-02-19 17:53:42.791 [main] WARN  org.hibernate.orm.deprecation - HHH90000025: PostgreSQLDialect does not need to be specified explicitly using 'hibernate.dialect' (remove the property setting and it will be selected by default)
2026-02-19 17:53:42.803 [main] INFO  o.hibernate.orm.connections.pooling - HHH10001005: Database info:
	Database JDBC URL [jdbc:postgresql://localhost:5432/SENLA-11]
	Database driver: PostgreSQL JDBC Driver
	Database dialect: PostgreSQLDialect
	Database version: 14.20
	Default catalog/schema: SENLA-11/public
	Autocommit mode: undefined/unknown
	Isolation level: READ_COMMITTED [default READ_COMMITTED]
	JDBC fetch size: none
	Pool: DataSourceConnectionProvider
	Minimum pool size: undefined/unknown
	Maximum pool size: undefined/unknown
2026-02-19 17:53:43.597 [main] INFO  org.hibernate.orm.core - HHH000489: No JTA platform available (set 'hibernate.transaction.jta.platform' to enable JTA platform integration)
2026-02-19 17:53:43.817 [main] INFO  o.s.web.context.ContextLoader - Root WebApplicationContext initialized in 2002 ms
2026-02-19 17:53:43.822 [main] INFO  o.s.web.servlet.DispatcherServlet - Initializing Servlet 'dispatcher'
2026-02-19 17:53:43.852 [main] INFO  o.s.web.servlet.DispatcherServlet - Completed initialization in 30 ms
2026-02-19 18:01:25.502 [Catalina-utility-1] INFO  o.s.web.context.ContextLoader - Root WebApplicationContext: initialization started
2026-02-19 18:01:26.051 [Catalina-utility-1] INFO  org.hibernate.orm.core - HHH000001: Hibernate ORM core version 7.2.1.Final
2026-02-19 18:01:26.258 [Catalina-utility-1] WARN  org.hibernate.orm.deprecation - HHH90000025: PostgreSQLDialect does not need to be specified explicitly using 'hibernate.dialect' (remove the property setting and it will be selected by default)
2026-02-19 18:01:26.270 [Catalina-utility-1] INFO  o.hibernate.orm.connections.pooling - HHH10001005: Database info:
	Database JDBC URL [jdbc:postgresql://localhost:5432/SENLA-11]
	Database driver: PostgreSQL JDBC Driver
	Database dialect: PostgreSQLDialect
	Database version: 14.20
	Default catalog/schema: SENLA-11/public
	Autocommit mode: undefined/unknown
	Isolation level: READ_COMMITTED [default READ_COMMITTED]
	JDBC fetch size: none
	Pool: DataSourceConnectionProvider
	Minimum pool size: undefined/unknown
	Maximum pool size: undefined/unknown
2026-02-19 18:01:26.991 [Catalina-utility-1] INFO  org.hibernate.orm.core - HHH000489: No JTA platform available (set 'hibernate.transaction.jta.platform' to enable JTA platform integration)
2026-02-19 18:01:27.200 [Catalina-utility-1] INFO  o.s.web.context.ContextLoader - Root WebApplicationContext initialized in 1697 ms
2026-02-19 18:01:27.201 [Catalina-utility-1] INFO  o.s.web.servlet.DispatcherServlet - Initializing Servlet 'dispatcher'
2026-02-19 18:01:27.229 [Catalina-utility-1] INFO  o.s.web.servlet.DispatcherServlet - Completed initialization in 27 ms
2026-02-19 18:01:36.383 [main] INFO  o.s.web.context.ContextLoader - Root WebApplicationContext: initialization started
2026-02-19 18:01:37.102 [main] INFO  org.hibernate.orm.core - HHH000001: Hibernate ORM core version 7.2.1.Final
2026-02-19 18:01:37.358 [main] WARN  org.hibernate.orm.deprecation - HHH90000025: PostgreSQLDialect does not need to be specified explicitly using 'hibernate.dialect' (remove the property setting and it will be selected by default)
2026-02-19 18:01:37.370 [main] INFO  o.hibernate.orm.connections.pooling - HHH10001005: Database info:
	Database JDBC URL [jdbc:postgresql://localhost:5432/SENLA-11]
	Database driver: PostgreSQL JDBC Driver
	Database dialect: PostgreSQLDialect
	Database version: 14.20
	Default catalog/schema: SENLA-11/public
	Autocommit mode: undefined/unknown
	Isolation level: READ_COMMITTED [default READ_COMMITTED]
	JDBC fetch size: none
	Pool: DataSourceConnectionProvider
	Minimum pool size: undefined/unknown
	Maximum pool size: undefined/unknown
2026-02-19 18:01:38.171 [main] INFO  org.hibernate.orm.core - HHH000489: No JTA platform available (set 'hibernate.transaction.jta.platform' to enable JTA platform integration)
2026-02-19 18:01:38.381 [main] INFO  o.s.web.context.ContextLoader - Root WebApplicationContext initialized in 1997 ms
2026-02-19 18:01:38.386 [main] INFO  o.s.web.servlet.DispatcherServlet - Initializing Servlet 'dispatcher'
2026-02-19 18:01:38.417 [main] INFO  o.s.web.servlet.DispatcherServlet - Completed initialization in 31 ms
2026-02-19 18:13:50.273 [Catalina-utility-1] INFO  o.s.web.context.ContextLoader - Root WebApplicationContext: initialization started
2026-02-19 18:13:50.952 [Catalina-utility-1] INFO  org.hibernate.orm.core - HHH000001: Hibernate ORM core version 7.2.1.Final
2026-02-19 18:13:51.178 [Catalina-utility-1] WARN  org.hibernate.orm.deprecation - HHH90000025: PostgreSQLDialect does not need to be specified explicitly using 'hibernate.dialect' (remove the property setting and it will be selected by default)
2026-02-19 18:13:51.191 [Catalina-utility-1] INFO  o.hibernate.orm.connections.pooling - HHH10001005: Database info:
	Database JDBC URL [jdbc:postgresql://localhost:5432/SENLA-11]
	Database driver: PostgreSQL JDBC Driver
	Database dialect: PostgreSQLDialect
	Database version: 14.20
	Default catalog/schema: SENLA-11/public
	Autocommit mode: undefined/unknown
	Isolation level: READ_COMMITTED [default READ_COMMITTED]
	JDBC fetch size: none
	Pool: DataSourceConnectionProvider
	Minimum pool size: undefined/unknown
	Maximum pool size: undefined/unknown
2026-02-19 18:13:51.700 [main] INFO  o.s.web.context.ContextLoader - Root WebApplicationContext: initialization started
2026-02-19 18:13:52.016 [Catalina-utility-1] INFO  org.hibernate.orm.core - HHH000489: No JTA platform available (set 'hibernate.transaction.jta.platform' to enable JTA platform integration)
2026-02-19 18:13:52.226 [Catalina-utility-1] INFO  o.s.web.context.ContextLoader - Root WebApplicationContext initialized in 1952 ms
2026-02-19 18:13:52.227 [Catalina-utility-1] INFO  o.s.web.servlet.DispatcherServlet - Initializing Servlet 'dispatcher'
2026-02-19 18:13:52.273 [Catalina-utility-1] INFO  o.s.web.servlet.DispatcherServlet - Completed initialization in 46 ms
2026-02-19 18:13:52.633 [main] INFO  org.hibernate.orm.core - HHH000001: Hibernate ORM core version 7.2.1.Final
2026-02-19 18:13:52.928 [main] WARN  org.hibernate.orm.deprecation - HHH90000025: PostgreSQLDialect does not need to be specified explicitly using 'hibernate.dialect' (remove the property setting and it will be selected by default)
2026-02-19 18:13:52.963 [main] INFO  o.hibernate.orm.connections.pooling - HHH10001005: Database info:
	Database JDBC URL [jdbc:postgresql://localhost:5432/SENLA-11]
	Database driver: PostgreSQL JDBC Driver
	Database dialect: PostgreSQLDialect
	Database version: 14.20
	Default catalog/schema: SENLA-11/public
	Autocommit mode: undefined/unknown
	Isolation level: READ_COMMITTED [default READ_COMMITTED]
	JDBC fetch size: none
	Pool: DataSourceConnectionProvider
	Minimum pool size: undefined/unknown
	Maximum pool size: undefined/unknown
2026-02-19 18:13:53.792 [main] INFO  org.hibernate.orm.core - HHH000489: No JTA platform available (set 'hibernate.transaction.jta.platform' to enable JTA platform integration)
2026-02-19 18:13:54.029 [main] INFO  o.s.web.context.ContextLoader - Root WebApplicationContext initialized in 2326 ms
2026-02-19 18:13:54.034 [main] INFO  o.s.web.servlet.DispatcherServlet - Initializing Servlet 'dispatcher'
2026-02-19 18:13:54.069 [main] INFO  o.s.web.servlet.DispatcherServlet - Completed initialization in 35 ms
2026-02-19 18:13:54.945 [main] INFO  o.s.web.context.ContextLoader - Root WebApplicationContext: initialization started
2026-02-19 18:13:55.549 [main] INFO  org.hibernate.orm.core - HHH000001: Hibernate ORM core version 7.2.1.Final
2026-02-19 18:13:55.789 [main] WARN  org.hibernate.orm.deprecation - HHH90000025: PostgreSQLDialect does not need to be specified explicitly using 'hibernate.dialect' (remove the property setting and it will be selected by default)
2026-02-19 18:13:55.802 [main] INFO  o.hibernate.orm.connections.pooling - HHH10001005: Database info:
	Database JDBC URL [jdbc:postgresql://localhost:5432/SENLA-11]
	Database driver: PostgreSQL JDBC Driver
	Database dialect: PostgreSQLDialect
	Database version: 14.20
	Default catalog/schema: SENLA-11/public
	Autocommit mode: undefined/unknown
	Isolation level: READ_COMMITTED [default READ_COMMITTED]
	JDBC fetch size: none
	Pool: DataSourceConnectionProvider
	Minimum pool size: undefined/unknown
	Maximum pool size: undefined/unknown
2026-02-19 18:13:56.596 [main] INFO  org.hibernate.orm.core - HHH000489: No JTA platform available (set 'hibernate.transaction.jta.platform' to enable JTA platform integration)
2026-02-19 18:13:56.776 [main] INFO  o.s.web.context.ContextLoader - Root WebApplicationContext initialized in 1830 ms
2026-02-19 18:13:56.777 [main] INFO  o.s.web.servlet.DispatcherServlet - Initializing Servlet 'dispatcher'
2026-02-19 18:13:56.806 [main] INFO  o.s.web.servlet.DispatcherServlet - Completed initialization in 29 ms
2026-02-19 18:15:27.020 [main] INFO  o.s.web.context.ContextLoader - Root WebApplicationContext: initialization started
2026-02-19 18:15:27.805 [main] INFO  org.hibernate.orm.core - HHH000001: Hibernate ORM core version 7.2.1.Final
2026-02-19 18:15:28.085 [main] WARN  org.hibernate.orm.deprecation - HHH90000025: PostgreSQLDialect does not need to be specified explicitly using 'hibernate.dialect' (remove the property setting and it will be selected by default)
2026-02-19 18:15:28.098 [main] INFO  o.hibernate.orm.connections.pooling - HHH10001005: Database info:
	Database JDBC URL [jdbc:postgresql://localhost:5432/SENLA-11]
	Database driver: PostgreSQL JDBC Driver
	Database dialect: PostgreSQLDialect
	Database version: 14.20
	Default catalog/schema: SENLA-11/public
	Autocommit mode: undefined/unknown
	Isolation level: READ_COMMITTED [default READ_COMMITTED]
	JDBC fetch size: none
	Pool: DataSourceConnectionProvider
	Minimum pool size: undefined/unknown
	Maximum pool size: undefined/unknown
2026-02-19 18:15:28.921 [main] INFO  org.hibernate.orm.core - HHH000489: No JTA platform available (set 'hibernate.transaction.jta.platform' to enable JTA platform integration)
2026-02-19 18:15:29.145 [main] INFO  o.s.web.context.ContextLoader - Root WebApplicationContext initialized in 2124 ms
2026-02-19 18:15:29.150 [main] INFO  o.s.web.servlet.DispatcherServlet - Initializing Servlet 'dispatcher'
2026-02-19 18:15:29.187 [main] INFO  o.s.web.servlet.DispatcherServlet - Completed initialization in 37 ms
2026-02-19 18:15:30.060 [main] INFO  o.s.web.context.ContextLoader - Root WebApplicationContext: initialization started
2026-02-19 18:15:30.689 [main] INFO  org.hibernate.orm.core - HHH000001: Hibernate ORM core version 7.2.1.Final
2026-02-19 18:15:30.940 [main] WARN  org.hibernate.orm.deprecation - HHH90000025: PostgreSQLDialect does not need to be specified explicitly using 'hibernate.dialect' (remove the property setting and it will be selected by default)
2026-02-19 18:15:30.952 [main] INFO  o.hibernate.orm.connections.pooling - HHH10001005: Database info:
	Database JDBC URL [jdbc:postgresql://localhost:5432/SENLA-11]
	Database driver: PostgreSQL JDBC Driver
	Database dialect: PostgreSQLDialect
	Database version: 14.20
	Default catalog/schema: SENLA-11/public
	Autocommit mode: undefined/unknown
	Isolation level: READ_COMMITTED [default READ_COMMITTED]
	JDBC fetch size: none
	Pool: DataSourceConnectionProvider
	Minimum pool size: undefined/unknown
	Maximum pool size: undefined/unknown
2026-02-19 18:15:31.720 [main] INFO  org.hibernate.orm.core - HHH000489: No JTA platform available (set 'hibernate.transaction.jta.platform' to enable JTA platform integration)
2026-02-19 18:15:31.925 [main] INFO  o.s.web.context.ContextLoader - Root WebApplicationContext initialized in 1864 ms
2026-02-19 18:15:31.926 [main] INFO  o.s.web.servlet.DispatcherServlet - Initializing Servlet 'dispatcher'
2026-02-19 18:15:31.954 [main] INFO  o.s.web.servlet.DispatcherServlet - Completed initialization in 28 ms
2026-02-19 18:17:11.726 [http-nio-8080-exec-1] WARN  o.s.web.servlet.PageNotFound - No mapping for GET /
2026-02-19 18:17:11.739 [http-nio-8080-exec-1] ERROR b.s.h.e.GlobalExceptionHandler - Непредвиденная ошибка: 
org.springframework.web.servlet.NoHandlerFoundException: No endpoint GET /.
	at org.springframework.web.servlet.DispatcherServlet.noHandlerFound(DispatcherServlet.java:1177)
	at org.springframework.web.servlet.DispatcherServlet.doDispatch(DispatcherServlet.java:953)
	at org.springframework.web.servlet.DispatcherServlet.doService(DispatcherServlet.java:866)
	at org.springframework.web.servlet.FrameworkServlet.processRequest(FrameworkServlet.java:1003)
	at org.springframework.web.servlet.FrameworkServlet.doGet(FrameworkServlet.java:892)
	at jakarta.servlet.http.HttpServlet.service(HttpServlet.java:622)
	at org.springframework.web.servlet.FrameworkServlet.service(FrameworkServlet.java:874)
	at jakarta.servlet.http.HttpServlet.service(HttpServlet.java:710)
	at org.apache.catalina.core.ApplicationFilterChain.doFilter(ApplicationFilterChain.java:128)
	at org.apache.tomcat.websocket.server.WsFilter.doFilter(WsFilter.java:53)
	at org.apache.catalina.core.ApplicationFilterChain.doFilter(ApplicationFilterChain.java:107)
	at org.apache.catalina.core.StandardWrapperValve.invoke(StandardWrapperValve.java:165)
	at org.apache.catalina.core.StandardContextValve.invoke(StandardContextValve.java:77)
	at org.apache.catalina.authenticator.AuthenticatorBase.invoke(AuthenticatorBase.java:482)
	at org.apache.catalina.core.StandardHostValve.invoke(StandardHostValve.java:113)
	at org.apache.catalina.valves.ErrorReportValve.invoke(ErrorReportValve.java:83)
	at org.apache.catalina.valves.AbstractAccessLogValve.invoke(AbstractAccessLogValve.java:654)
	at org.apache.catalina.core.StandardEngineValve.invoke(StandardEngineValve.java:72)
	at org.apache.catalina.connector.CoyoteAdapter.service(CoyoteAdapter.java:341)
	at org.apache.coyote.http11.Http11Processor.service(Http11Processor.java:397)
	at org.apache.coyote.AbstractProcessorLight.process(AbstractProcessorLight.java:63)
	at org.apache.coyote.AbstractProtocol$ConnectionHandler.process(AbstractProtocol.java:903)
	at org.apache.tomcat.util.net.NioEndpoint$SocketProcessor.doRun(NioEndpoint.java:1778)
	at org.apache.tomcat.util.net.SocketProcessorBase.run(SocketProcessorBase.java:52)
	at org.apache.tomcat.util.threads.ThreadPoolExecutor.runWorker(ThreadPoolExecutor.java:946)
	at org.apache.tomcat.util.threads.ThreadPoolExecutor$Worker.run(ThreadPoolExecutor.java:480)
	at org.apache.tomcat.util.threads.TaskThread$WrappingRunnable.run(TaskThread.java:57)
	at java.base/java.lang.Thread.run(Thread.java:1575)
2026-02-19 18:17:17.225 [http-nio-8080-exec-2] WARN  o.s.web.servlet.PageNotFound - No mapping for GET /apple-touch-icon-precomposed.png
2026-02-19 18:17:17.226 [http-nio-8080-exec-3] WARN  o.s.web.servlet.PageNotFound - No mapping for GET /apple-touch-icon.png
2026-02-19 18:17:17.227 [http-nio-8080-exec-4] WARN  o.s.web.servlet.PageNotFound - No mapping for GET /favicon.ico
2026-02-19 18:17:17.226 [http-nio-8080-exec-2] ERROR b.s.h.e.GlobalExceptionHandler - Непредвиденная ошибка: 
org.springframework.web.servlet.NoHandlerFoundException: No endpoint GET /apple-touch-icon-precomposed.png.
	at org.springframework.web.servlet.DispatcherServlet.noHandlerFound(DispatcherServlet.java:1177)
	at org.springframework.web.servlet.DispatcherServlet.doDispatch(DispatcherServlet.java:953)
	at org.springframework.web.servlet.DispatcherServlet.doService(DispatcherServlet.java:866)
	at org.springframework.web.servlet.FrameworkServlet.processRequest(FrameworkServlet.java:1003)
	at org.springframework.web.servlet.FrameworkServlet.doGet(FrameworkServlet.java:892)
	at jakarta.servlet.http.HttpServlet.service(HttpServlet.java:622)
	at org.springframework.web.servlet.FrameworkServlet.service(FrameworkServlet.java:874)
	at jakarta.servlet.http.HttpServlet.service(HttpServlet.java:710)
	at org.apache.catalina.core.ApplicationFilterChain.doFilter(ApplicationFilterChain.java:128)
	at org.apache.tomcat.websocket.server.WsFilter.doFilter(WsFilter.java:53)
	at org.apache.catalina.core.ApplicationFilterChain.doFilter(ApplicationFilterChain.java:107)
	at org.apache.catalina.core.StandardWrapperValve.invoke(StandardWrapperValve.java:165)
	at org.apache.catalina.core.StandardContextValve.invoke(StandardContextValve.java:77)
	at org.apache.catalina.authenticator.AuthenticatorBase.invoke(AuthenticatorBase.java:482)
	at org.apache.catalina.core.StandardHostValve.invoke(StandardHostValve.java:113)
	at org.apache.catalina.valves.ErrorReportValve.invoke(ErrorReportValve.java:83)
	at org.apache.catalina.valves.AbstractAccessLogValve.invoke(AbstractAccessLogValve.java:654)
	at org.apache.catalina.core.StandardEngineValve.invoke(StandardEngineValve.java:72)
	at org.apache.catalina.connector.CoyoteAdapter.service(CoyoteAdapter.java:341)
	at org.apache.coyote.http11.Http11Processor.service(Http11Processor.java:397)
	at org.apache.coyote.AbstractProcessorLight.process(AbstractProcessorLight.java:63)
	at org.apache.coyote.AbstractProtocol$ConnectionHandler.process(AbstractProtocol.java:903)
	at org.apache.tomcat.util.net.NioEndpoint$SocketProcessor.doRun(NioEndpoint.java:1778)
	at org.apache.tomcat.util.net.SocketProcessorBase.run(SocketProcessorBase.java:52)
	at org.apache.tomcat.util.threads.ThreadPoolExecutor.runWorker(ThreadPoolExecutor.java:946)
	at org.apache.tomcat.util.threads.ThreadPoolExecutor$Worker.run(ThreadPoolExecutor.java:480)
	at org.apache.tomcat.util.threads.TaskThread$WrappingRunnable.run(TaskThread.java:57)
	at java.base/java.lang.Thread.run(Thread.java:1575)
2026-02-19 18:17:17.227 [http-nio-8080-exec-3] ERROR b.s.h.e.GlobalExceptionHandler - Непредвиденная ошибка: 
org.springframework.web.servlet.NoHandlerFoundException: No endpoint GET /apple-touch-icon.png.
	at org.springframework.web.servlet.DispatcherServlet.noHandlerFound(DispatcherServlet.java:1177)
	at org.springframework.web.servlet.DispatcherServlet.doDispatch(DispatcherServlet.java:953)
	at org.springframework.web.servlet.DispatcherServlet.doService(DispatcherServlet.java:866)
	at org.springframework.web.servlet.FrameworkServlet.processRequest(FrameworkServlet.java:1003)
	at org.springframework.web.servlet.FrameworkServlet.doGet(FrameworkServlet.java:892)
	at jakarta.servlet.http.HttpServlet.service(HttpServlet.java:622)
	at org.springframework.web.servlet.FrameworkServlet.service(FrameworkServlet.java:874)
	at jakarta.servlet.http.HttpServlet.service(HttpServlet.java:710)
	at org.apache.catalina.core.ApplicationFilterChain.doFilter(ApplicationFilterChain.java:128)
	at org.apache.tomcat.websocket.server.WsFilter.doFilter(WsFilter.java:53)
	at org.apache.catalina.core.ApplicationFilterChain.doFilter(ApplicationFilterChain.java:107)
	at org.apache.catalina.core.StandardWrapperValve.invoke(StandardWrapperValve.java:165)
	at org.apache.catalina.core.StandardContextValve.invoke(StandardContextValve.java:77)
	at org.apache.catalina.authenticator.AuthenticatorBase.invoke(AuthenticatorBase.java:482)
	at org.apache.catalina.core.StandardHostValve.invoke(StandardHostValve.java:113)
	at org.apache.catalina.valves.ErrorReportValve.invoke(ErrorReportValve.java:83)
	at org.apache.catalina.valves.AbstractAccessLogValve.invoke(AbstractAccessLogValve.java:654)
	at org.apache.catalina.core.StandardEngineValve.invoke(StandardEngineValve.java:72)
	at org.apache.catalina.connector.CoyoteAdapter.service(CoyoteAdapter.java:341)
	at org.apache.coyote.http11.Http11Processor.service(Http11Processor.java:397)
	at org.apache.coyote.AbstractProcessorLight.process(AbstractProcessorLight.java:63)
	at org.apache.coyote.AbstractProtocol$ConnectionHandler.process(AbstractProtocol.java:903)
	at org.apache.tomcat.util.net.NioEndpoint$SocketProcessor.doRun(NioEndpoint.java:1778)
	at org.apache.tomcat.util.net.SocketProcessorBase.run(SocketProcessorBase.java:52)
	at org.apache.tomcat.util.threads.ThreadPoolExecutor.runWorker(ThreadPoolExecutor.java:946)
	at org.apache.tomcat.util.threads.ThreadPoolExecutor$Worker.run(ThreadPoolExecutor.java:480)
	at org.apache.tomcat.util.threads.TaskThread$WrappingRunnable.run(TaskThread.java:57)
	at java.base/java.lang.Thread.run(Thread.java:1575)
2026-02-19 18:17:17.228 [http-nio-8080-exec-4] ERROR b.s.h.e.GlobalExceptionHandler - Непредвиденная ошибка: 
org.springframework.web.servlet.NoHandlerFoundException: No endpoint GET /favicon.ico.
	at org.springframework.web.servlet.DispatcherServlet.noHandlerFound(DispatcherServlet.java:1177)
	at org.springframework.web.servlet.DispatcherServlet.doDispatch(DispatcherServlet.java:953)
	at org.springframework.web.servlet.DispatcherServlet.doService(DispatcherServlet.java:866)
	at org.springframework.web.servlet.FrameworkServlet.processRequest(FrameworkServlet.java:1003)
	at org.springframework.web.servlet.FrameworkServlet.doGet(FrameworkServlet.java:892)
	at jakarta.servlet.http.HttpServlet.service(HttpServlet.java:622)
	at org.springframework.web.servlet.FrameworkServlet.service(FrameworkServlet.java:874)
	at jakarta.servlet.http.HttpServlet.service(HttpServlet.java:710)
	at org.apache.catalina.core.ApplicationFilterChain.doFilter(ApplicationFilterChain.java:128)
	at org.apache.tomcat.websocket.server.WsFilter.doFilter(WsFilter.java:53)
	at org.apache.catalina.core.ApplicationFilterChain.doFilter(ApplicationFilterChain.java:107)
	at org.apache.catalina.core.StandardWrapperValve.invoke(StandardWrapperValve.java:165)
	at org.apache.catalina.core.StandardContextValve.invoke(StandardContextValve.java:77)
	at org.apache.catalina.authenticator.AuthenticatorBase.invoke(AuthenticatorBase.java:482)
	at org.apache.catalina.core.StandardHostValve.invoke(StandardHostValve.java:113)
	at org.apache.catalina.valves.ErrorReportValve.invoke(ErrorReportValve.java:83)
	at org.apache.catalina.valves.AbstractAccessLogValve.invoke(AbstractAccessLogValve.java:654)
	at org.apache.catalina.core.StandardEngineValve.invoke(StandardEngineValve.java:72)
	at org.apache.catalina.connector.CoyoteAdapter.service(CoyoteAdapter.java:341)
	at org.apache.coyote.http11.Http11Processor.service(Http11Processor.java:397)
	at org.apache.coyote.AbstractProcessorLight.process(AbstractProcessorLight.java:63)
	at org.apache.coyote.AbstractProtocol$ConnectionHandler.process(AbstractProtocol.java:903)
	at org.apache.tomcat.util.net.NioEndpoint$SocketProcessor.doRun(NioEndpoint.java:1778)
	at org.apache.tomcat.util.net.SocketProcessorBase.run(SocketProcessorBase.java:52)
	at org.apache.tomcat.util.threads.ThreadPoolExecutor.runWorker(ThreadPoolExecutor.java:946)
	at org.apache.tomcat.util.threads.ThreadPoolExecutor$Worker.run(ThreadPoolExecutor.java:480)
	at org.apache.tomcat.util.threads.TaskThread$WrappingRunnable.run(TaskThread.java:57)
	at java.base/java.lang.Thread.run(Thread.java:1575)
2026-02-19 18:17:56.673 [http-nio-8080-exec-5] WARN  o.s.web.servlet.PageNotFound - No mapping for GET /
2026-02-19 18:17:56.674 [http-nio-8080-exec-5] ERROR b.s.h.e.GlobalExceptionHandler - Непредвиденная ошибка: 
org.springframework.web.servlet.NoHandlerFoundException: No endpoint GET /.
	at org.springframework.web.servlet.DispatcherServlet.noHandlerFound(DispatcherServlet.java:1177)
	at org.springframework.web.servlet.DispatcherServlet.doDispatch(DispatcherServlet.java:953)
	at org.springframework.web.servlet.DispatcherServlet.doService(DispatcherServlet.java:866)
	at org.springframework.web.servlet.FrameworkServlet.processRequest(FrameworkServlet.java:1003)
	at org.springframework.web.servlet.FrameworkServlet.doGet(FrameworkServlet.java:892)
	at jakarta.servlet.http.HttpServlet.service(HttpServlet.java:622)
	at org.springframework.web.servlet.FrameworkServlet.service(FrameworkServlet.java:874)
	at jakarta.servlet.http.HttpServlet.service(HttpServlet.java:710)
	at org.apache.catalina.core.ApplicationFilterChain.doFilter(ApplicationFilterChain.java:128)
	at org.apache.tomcat.websocket.server.WsFilter.doFilter(WsFilter.java:53)
	at org.apache.catalina.core.ApplicationFilterChain.doFilter(ApplicationFilterChain.java:107)
	at org.apache.catalina.core.StandardWrapperValve.invoke(StandardWrapperValve.java:165)
	at org.apache.catalina.core.StandardContextValve.invoke(StandardContextValve.java:77)
	at org.apache.catalina.authenticator.AuthenticatorBase.invoke(AuthenticatorBase.java:482)
	at org.apache.catalina.core.StandardHostValve.invoke(StandardHostValve.java:113)
	at org.apache.catalina.valves.ErrorReportValve.invoke(ErrorReportValve.java:83)
	at org.apache.catalina.valves.AbstractAccessLogValve.invoke(AbstractAccessLogValve.java:654)
	at org.apache.catalina.core.StandardEngineValve.invoke(StandardEngineValve.java:72)
	at org.apache.catalina.connector.CoyoteAdapter.service(CoyoteAdapter.java:341)
	at org.apache.coyote.http11.Http11Processor.service(Http11Processor.java:397)
	at org.apache.coyote.AbstractProcessorLight.process(AbstractProcessorLight.java:63)
	at org.apache.coyote.AbstractProtocol$ConnectionHandler.process(AbstractProtocol.java:903)
	at org.apache.tomcat.util.net.NioEndpoint$SocketProcessor.doRun(NioEndpoint.java:1778)
	at org.apache.tomcat.util.net.SocketProcessorBase.run(SocketProcessorBase.java:52)
	at org.apache.tomcat.util.threads.ThreadPoolExecutor.runWorker(ThreadPoolExecutor.java:946)
	at org.apache.tomcat.util.threads.ThreadPoolExecutor$Worker.run(ThreadPoolExecutor.java:480)
	at org.apache.tomcat.util.threads.TaskThread$WrappingRunnable.run(TaskThread.java:57)
	at java.base/java.lang.Thread.run(Thread.java:1575)
2026-02-19 18:44:43.380 [Catalina-utility-1] WARN  o.s.b.f.s.DisposableBeanAdapter - Invocation of destroy method failed on bean with name 'sessionFactory': java.lang.IllegalStateException: java.nio.file.NoSuchFileException: /opt/homebrew/Cellar/tomcat/11.0.15/libexec/webapps/hoteladmin/WEB-INF/lib/commons-logging-1.3.5.jar
2026-02-19 18:44:54.437 [Catalina-utility-1] INFO  o.s.web.context.ContextLoader - Root WebApplicationContext: initialization started
2026-02-19 18:44:55.025 [Catalina-utility-1] INFO  org.hibernate.Version - HHH000412: Hibernate ORM core version 6.5.2.Final
2026-02-19 18:44:55.060 [Catalina-utility-1] INFO  o.h.c.i.RegionFactoryInitiator - HHH000026: Second-level cache disabled
2026-02-19 18:44:55.159 [Catalina-utility-1] WARN  org.hibernate.orm.deprecation - HHH90000025: PostgreSQLDialect does not need to be specified explicitly using 'hibernate.dialect' (remove the property setting and it will be selected by default)
2026-02-19 18:44:55.748 [http-nio-8080-exec-6] WARN  o.s.web.servlet.PageNotFound - No mapping for GET /hoteladmin/api/rooms
2026-02-19 18:44:55.749 [http-nio-8080-exec-6] ERROR b.s.h.e.GlobalExceptionHandler - Непредвиденная ошибка: 
org.springframework.web.servlet.NoHandlerFoundException: No endpoint GET /hoteladmin/api/rooms.
	at org.springframework.web.servlet.DispatcherServlet.noHandlerFound(DispatcherServlet.java:1177)
	at org.springframework.web.servlet.DispatcherServlet.doDispatch(DispatcherServlet.java:953)
	at org.springframework.web.servlet.DispatcherServlet.doService(DispatcherServlet.java:866)
	at org.springframework.web.servlet.FrameworkServlet.processRequest(FrameworkServlet.java:1003)
	at org.springframework.web.servlet.FrameworkServlet.doGet(FrameworkServlet.java:892)
	at jakarta.servlet.http.HttpServlet.service(HttpServlet.java:622)
	at org.springframework.web.servlet.FrameworkServlet.service(FrameworkServlet.java:874)
	at jakarta.servlet.http.HttpServlet.service(HttpServlet.java:710)
	at org.apache.catalina.core.ApplicationFilterChain.doFilter(ApplicationFilterChain.java:128)
	at org.apache.tomcat.websocket.server.WsFilter.doFilter(WsFilter.java:53)
	at org.apache.catalina.core.ApplicationFilterChain.doFilter(ApplicationFilterChain.java:107)
	at org.apache.catalina.core.StandardWrapperValve.invoke(StandardWrapperValve.java:165)
	at org.apache.catalina.core.StandardContextValve.invoke(StandardContextValve.java:77)
	at org.apache.catalina.authenticator.AuthenticatorBase.invoke(AuthenticatorBase.java:482)
	at org.apache.catalina.core.StandardHostValve.invoke(StandardHostValve.java:113)
	at org.apache.catalina.valves.ErrorReportValve.invoke(ErrorReportValve.java:83)
	at org.apache.catalina.valves.AbstractAccessLogValve.invoke(AbstractAccessLogValve.java:654)
	at org.apache.catalina.core.StandardEngineValve.invoke(StandardEngineValve.java:72)
	at org.apache.catalina.connector.CoyoteAdapter.service(CoyoteAdapter.java:341)
	at org.apache.coyote.http11.Http11Processor.service(Http11Processor.java:397)
	at org.apache.coyote.AbstractProcessorLight.process(AbstractProcessorLight.java:63)
	at org.apache.coyote.AbstractProtocol$ConnectionHandler.process(AbstractProtocol.java:903)
	at org.apache.tomcat.util.net.NioEndpoint$SocketProcessor.doRun(NioEndpoint.java:1778)
	at org.apache.tomcat.util.net.SocketProcessorBase.run(SocketProcessorBase.java:52)
	at org.apache.tomcat.util.threads.ThreadPoolExecutor.runWorker(ThreadPoolExecutor.java:946)
	at org.apache.tomcat.util.threads.ThreadPoolExecutor$Worker.run(ThreadPoolExecutor.java:480)
	at org.apache.tomcat.util.threads.TaskThread$WrappingRunnable.run(TaskThread.java:57)
	at java.base/java.lang.Thread.run(Thread.java:1575)
2026-02-19 18:44:55.923 [Catalina-utility-1] INFO  o.h.e.t.j.p.i.JtaPlatformInitiator - HHH000489: No JTA platform available (set 'hibernate.transaction.jta.platform' to enable JTA platform integration)
2026-02-19 18:44:56.117 [Catalina-utility-1] INFO  o.s.web.context.ContextLoader - Root WebApplicationContext initialized in 1679 ms
2026-02-19 18:44:56.119 [Catalina-utility-1] INFO  o.s.web.servlet.DispatcherServlet - Initializing Servlet 'dispatcher'
2026-02-19 18:44:56.139 [Catalina-utility-1] INFO  o.s.web.servlet.DispatcherServlet - Completed initialization in 20 ms
2026-02-19 18:45:07.838 [http-nio-8080-exec-8] ERROR b.s.h.e.GlobalExceptionHandler - Непредвиденная ошибка: 
java.lang.IllegalArgumentException: Name for argument of type [java.lang.String] not specified, and parameter name information not available via reflection. Ensure that the compiler uses the '-parameters' flag.
	at org.springframework.web.method.annotation.AbstractNamedValueMethodArgumentResolver.updateNamedValueInfo(AbstractNamedValueMethodArgumentResolver.java:187)
	at org.springframework.web.method.annotation.AbstractNamedValueMethodArgumentResolver.getNamedValueInfo(AbstractNamedValueMethodArgumentResolver.java:162)
	at org.springframework.web.method.annotation.AbstractNamedValueMethodArgumentResolver.resolveArgument(AbstractNamedValueMethodArgumentResolver.java:108)
	at org.springframework.web.method.support.HandlerMethodArgumentResolverComposite.resolveArgument(HandlerMethodArgumentResolverComposite.java:122)
	at org.springframework.web.method.support.InvocableHandlerMethod.getMethodArgumentValues(InvocableHandlerMethod.java:224)
	at org.springframework.web.method.support.InvocableHandlerMethod.invokeForRequest(InvocableHandlerMethod.java:178)
	at org.springframework.web.servlet.mvc.method.annotation.ServletInvocableHandlerMethod.invokeAndHandle(ServletInvocableHandlerMethod.java:118)
	at org.springframework.web.servlet.mvc.method.annotation.RequestMappingHandlerAdapter.invokeHandlerMethod(RequestMappingHandlerAdapter.java:926)
	at org.springframework.web.servlet.mvc.method.annotation.RequestMappingHandlerAdapter.handleInternal(RequestMappingHandlerAdapter.java:831)
	at org.springframework.web.servlet.mvc.method.AbstractHandlerMethodAdapter.handle(AbstractHandlerMethodAdapter.java:87)
	at org.springframework.web.servlet.DispatcherServlet.doDispatch(DispatcherServlet.java:1089)
	at org.springframework.web.servlet.DispatcherServlet.doService(DispatcherServlet.java:979)
	at org.springframework.web.servlet.FrameworkServlet.processRequest(FrameworkServlet.java:1014)
	at org.springframework.web.servlet.FrameworkServlet.doGet(FrameworkServlet.java:903)
	at jakarta.servlet.http.HttpServlet.service(HttpServlet.java:622)
	at org.springframework.web.servlet.FrameworkServlet.service(FrameworkServlet.java:885)
	at jakarta.servlet.http.HttpServlet.service(HttpServlet.java:710)
	at org.apache.catalina.core.ApplicationFilterChain.doFilter(ApplicationFilterChain.java:128)
	at org.apache.tomcat.websocket.server.WsFilter.doFilter(WsFilter.java:53)
	at org.apache.catalina.core.ApplicationFilterChain.doFilter(ApplicationFilterChain.java:107)
	at org.apache.catalina.core.StandardWrapperValve.invoke(StandardWrapperValve.java:165)
	at org.apache.catalina.core.StandardContextValve.invoke(StandardContextValve.java:77)
	at org.apache.catalina.authenticator.AuthenticatorBase.invoke(AuthenticatorBase.java:482)
	at org.apache.catalina.core.StandardHostValve.invoke(StandardHostValve.java:113)
	at org.apache.catalina.valves.ErrorReportValve.invoke(ErrorReportValve.java:83)
	at org.apache.catalina.valves.AbstractAccessLogValve.invoke(AbstractAccessLogValve.java:654)
	at org.apache.catalina.core.StandardEngineValve.invoke(StandardEngineValve.java:72)
	at org.apache.catalina.connector.CoyoteAdapter.service(CoyoteAdapter.java:341)
	at org.apache.coyote.http11.Http11Processor.service(Http11Processor.java:397)
	at org.apache.coyote.AbstractProcessorLight.process(AbstractProcessorLight.java:63)
	at org.apache.coyote.AbstractProtocol$ConnectionHandler.process(AbstractProtocol.java:903)
	at org.apache.tomcat.util.net.NioEndpoint$SocketProcessor.doRun(NioEndpoint.java:1778)
	at org.apache.tomcat.util.net.SocketProcessorBase.run(SocketProcessorBase.java:52)
	at org.apache.tomcat.util.threads.ThreadPoolExecutor.runWorker(ThreadPoolExecutor.java:946)
	at org.apache.tomcat.util.threads.ThreadPoolExecutor$Worker.run(ThreadPoolExecutor.java:480)
	at org.apache.tomcat.util.threads.TaskThread$WrappingRunnable.run(TaskThread.java:57)
	at java.base/java.lang.Thread.run(Thread.java:1575)
2026-02-19 18:46:37.351 [http-nio-8080-exec-11] ERROR b.s.h.e.GlobalExceptionHandler - Непредвиденная ошибка: 
java.lang.IllegalArgumentException: Name for argument of type [java.lang.String] not specified, and parameter name information not available via reflection. Ensure that the compiler uses the '-parameters' flag.
	at org.springframework.web.method.annotation.AbstractNamedValueMethodArgumentResolver.updateNamedValueInfo(AbstractNamedValueMethodArgumentResolver.java:187)
	at org.springframework.web.method.annotation.AbstractNamedValueMethodArgumentResolver.getNamedValueInfo(AbstractNamedValueMethodArgumentResolver.java:162)
	at org.springframework.web.method.annotation.AbstractNamedValueMethodArgumentResolver.resolveArgument(AbstractNamedValueMethodArgumentResolver.java:108)
	at org.springframework.web.method.support.HandlerMethodArgumentResolverComposite.resolveArgument(HandlerMethodArgumentResolverComposite.java:122)
	at org.springframework.web.method.support.InvocableHandlerMethod.getMethodArgumentValues(InvocableHandlerMethod.java:224)
	at org.springframework.web.method.support.InvocableHandlerMethod.invokeForRequest(InvocableHandlerMethod.java:178)
	at org.springframework.web.servlet.mvc.method.annotation.ServletInvocableHandlerMethod.invokeAndHandle(ServletInvocableHandlerMethod.java:118)
	at org.springframework.web.servlet.mvc.method.annotation.RequestMappingHandlerAdapter.invokeHandlerMethod(RequestMappingHandlerAdapter.java:926)
	at org.springframework.web.servlet.mvc.method.annotation.RequestMappingHandlerAdapter.handleInternal(RequestMappingHandlerAdapter.java:831)
	at org.springframework.web.servlet.mvc.method.AbstractHandlerMethodAdapter.handle(AbstractHandlerMethodAdapter.java:87)
	at org.springframework.web.servlet.DispatcherServlet.doDispatch(DispatcherServlet.java:1089)
	at org.springframework.web.servlet.DispatcherServlet.doService(DispatcherServlet.java:979)
	at org.springframework.web.servlet.FrameworkServlet.processRequest(FrameworkServlet.java:1014)
	at org.springframework.web.servlet.FrameworkServlet.doGet(FrameworkServlet.java:903)
	at jakarta.servlet.http.HttpServlet.service(HttpServlet.java:622)
	at org.springframework.web.servlet.FrameworkServlet.service(FrameworkServlet.java:885)
	at jakarta.servlet.http.HttpServlet.service(HttpServlet.java:710)
	at org.apache.catalina.core.ApplicationFilterChain.doFilter(ApplicationFilterChain.java:128)
	at org.apache.tomcat.websocket.server.WsFilter.doFilter(WsFilter.java:53)
	at org.apache.catalina.core.ApplicationFilterChain.doFilter(ApplicationFilterChain.java:107)
	at org.apache.catalina.core.StandardWrapperValve.invoke(StandardWrapperValve.java:165)
	at org.apache.catalina.core.StandardContextValve.invoke(StandardContextValve.java:77)
	at org.apache.catalina.authenticator.AuthenticatorBase.invoke(AuthenticatorBase.java:482)
	at org.apache.catalina.core.StandardHostValve.invoke(StandardHostValve.java:113)
	at org.apache.catalina.valves.ErrorReportValve.invoke(ErrorReportValve.java:83)
	at org.apache.catalina.valves.AbstractAccessLogValve.invoke(AbstractAccessLogValve.java:654)
	at org.apache.catalina.core.StandardEngineValve.invoke(StandardEngineValve.java:72)
	at org.apache.catalina.connector.CoyoteAdapter.service(CoyoteAdapter.java:341)
	at org.apache.coyote.http11.Http11Processor.service(Http11Processor.java:397)
	at org.apache.coyote.AbstractProcessorLight.process(AbstractProcessorLight.java:63)
	at org.apache.coyote.AbstractProtocol$ConnectionHandler.process(AbstractProtocol.java:903)
	at org.apache.tomcat.util.net.NioEndpoint$SocketProcessor.doRun(NioEndpoint.java:1778)
	at org.apache.tomcat.util.net.SocketProcessorBase.run(SocketProcessorBase.java:52)
	at org.apache.tomcat.util.threads.ThreadPoolExecutor.runWorker(ThreadPoolExecutor.java:946)
	at org.apache.tomcat.util.threads.ThreadPoolExecutor$Worker.run(ThreadPoolExecutor.java:480)
	at org.apache.tomcat.util.threads.TaskThread$WrappingRunnable.run(TaskThread.java:57)
	at java.base/java.lang.Thread.run(Thread.java:1575)
2026-02-19 18:49:07.355 [Catalina-utility-2] INFO  o.s.web.context.ContextLoader - Root WebApplicationContext: initialization started
2026-02-19 18:49:07.936 [Catalina-utility-2] INFO  org.hibernate.Version - HHH000412: Hibernate ORM core version 6.5.2.Final
2026-02-19 18:49:07.964 [Catalina-utility-2] INFO  o.h.c.i.RegionFactoryInitiator - HHH000026: Second-level cache disabled
2026-02-19 18:49:08.050 [Catalina-utility-2] WARN  org.hibernate.orm.deprecation - HHH90000025: PostgreSQLDialect does not need to be specified explicitly using 'hibernate.dialect' (remove the property setting and it will be selected by default)
2026-02-19 18:49:08.816 [Catalina-utility-2] INFO  o.h.e.t.j.p.i.JtaPlatformInitiator - HHH000489: No JTA platform available (set 'hibernate.transaction.jta.platform' to enable JTA platform integration)
2026-02-19 18:49:09.018 [Catalina-utility-2] INFO  o.s.web.context.ContextLoader - Root WebApplicationContext initialized in 1662 ms
2026-02-19 18:49:09.020 [Catalina-utility-2] INFO  o.s.web.servlet.DispatcherServlet - Initializing Servlet 'dispatcher'
2026-02-19 18:49:09.047 [Catalina-utility-2] INFO  o.s.web.servlet.DispatcherServlet - Completed initialization in 27 ms
2026-02-19 18:49:26.225 [http-nio-8080-exec-10] ERROR b.s.h.e.GlobalExceptionHandler - Непредвиденная ошибка: 
java.lang.IllegalArgumentException: Name for argument of type [java.lang.String] not specified, and parameter name information not available via reflection. Ensure that the compiler uses the '-parameters' flag.
	at org.springframework.web.method.annotation.AbstractNamedValueMethodArgumentResolver.updateNamedValueInfo(AbstractNamedValueMethodArgumentResolver.java:187)
	at org.springframework.web.method.annotation.AbstractNamedValueMethodArgumentResolver.getNamedValueInfo(AbstractNamedValueMethodArgumentResolver.java:162)
	at org.springframework.web.method.annotation.AbstractNamedValueMethodArgumentResolver.resolveArgument(AbstractNamedValueMethodArgumentResolver.java:108)
	at org.springframework.web.method.support.HandlerMethodArgumentResolverComposite.resolveArgument(HandlerMethodArgumentResolverComposite.java:122)
	at org.springframework.web.method.support.InvocableHandlerMethod.getMethodArgumentValues(InvocableHandlerMethod.java:224)
	at org.springframework.web.method.support.InvocableHandlerMethod.invokeForRequest(InvocableHandlerMethod.java:178)
	at org.springframework.web.servlet.mvc.method.annotation.ServletInvocableHandlerMethod.invokeAndHandle(ServletInvocableHandlerMethod.java:118)
	at org.springframework.web.servlet.mvc.method.annotation.RequestMappingHandlerAdapter.invokeHandlerMethod(RequestMappingHandlerAdapter.java:926)
	at org.springframework.web.servlet.mvc.method.annotation.RequestMappingHandlerAdapter.handleInternal(RequestMappingHandlerAdapter.java:831)
	at org.springframework.web.servlet.mvc.method.AbstractHandlerMethodAdapter.handle(AbstractHandlerMethodAdapter.java:87)
	at org.springframework.web.servlet.DispatcherServlet.doDispatch(DispatcherServlet.java:1089)
	at org.springframework.web.servlet.DispatcherServlet.doService(DispatcherServlet.java:979)
	at org.springframework.web.servlet.FrameworkServlet.processRequest(FrameworkServlet.java:1014)
	at org.springframework.web.servlet.FrameworkServlet.doGet(FrameworkServlet.java:903)
	at jakarta.servlet.http.HttpServlet.service(HttpServlet.java:622)
	at org.springframework.web.servlet.FrameworkServlet.service(FrameworkServlet.java:885)
	at jakarta.servlet.http.HttpServlet.service(HttpServlet.java:710)
	at org.apache.catalina.core.ApplicationFilterChain.doFilter(ApplicationFilterChain.java:128)
	at org.apache.tomcat.websocket.server.WsFilter.doFilter(WsFilter.java:53)
	at org.apache.catalina.core.ApplicationFilterChain.doFilter(ApplicationFilterChain.java:107)
	at org.apache.catalina.core.StandardWrapperValve.invoke(StandardWrapperValve.java:165)
	at org.apache.catalina.core.StandardContextValve.invoke(StandardContextValve.java:77)
	at org.apache.catalina.authenticator.AuthenticatorBase.invoke(AuthenticatorBase.java:482)
	at org.apache.catalina.core.StandardHostValve.invoke(StandardHostValve.java:113)
	at org.apache.catalina.valves.ErrorReportValve.invoke(ErrorReportValve.java:83)
	at org.apache.catalina.valves.AbstractAccessLogValve.invoke(AbstractAccessLogValve.java:654)
	at org.apache.catalina.core.StandardEngineValve.invoke(StandardEngineValve.java:72)
	at org.apache.catalina.connector.CoyoteAdapter.service(CoyoteAdapter.java:341)
	at org.apache.coyote.http11.Http11Processor.service(Http11Processor.java:397)
	at org.apache.coyote.AbstractProcessorLight.process(AbstractProcessorLight.java:63)
	at org.apache.coyote.AbstractProtocol$ConnectionHandler.process(AbstractProtocol.java:903)
	at org.apache.tomcat.util.net.NioEndpoint$SocketProcessor.doRun(NioEndpoint.java:1778)
	at org.apache.tomcat.util.net.SocketProcessorBase.run(SocketProcessorBase.java:52)
	at org.apache.tomcat.util.threads.ThreadPoolExecutor.runWorker(ThreadPoolExecutor.java:946)
	at org.apache.tomcat.util.threads.ThreadPoolExecutor$Worker.run(ThreadPoolExecutor.java:480)
	at org.apache.tomcat.util.threads.TaskThread$WrappingRunnable.run(TaskThread.java:57)
	at java.base/java.lang.Thread.run(Thread.java:1575)
2026-02-19 18:52:00.206 [Catalina-utility-2] INFO  o.s.web.context.ContextLoader - Root WebApplicationContext: initialization started
2026-02-19 18:52:00.760 [Catalina-utility-2] INFO  org.hibernate.Version - HHH000412: Hibernate ORM core version 6.5.2.Final
2026-02-19 18:52:00.790 [Catalina-utility-2] INFO  o.h.c.i.RegionFactoryInitiator - HHH000026: Second-level cache disabled
2026-02-19 18:52:00.881 [Catalina-utility-2] WARN  org.hibernate.orm.deprecation - HHH90000025: PostgreSQLDialect does not need to be specified explicitly using 'hibernate.dialect' (remove the property setting and it will be selected by default)
2026-02-19 18:52:01.586 [Catalina-utility-2] INFO  o.h.e.t.j.p.i.JtaPlatformInitiator - HHH000489: No JTA platform available (set 'hibernate.transaction.jta.platform' to enable JTA platform integration)
2026-02-19 18:52:01.768 [Catalina-utility-2] INFO  o.s.web.context.ContextLoader - Root WebApplicationContext initialized in 1561 ms
2026-02-19 18:52:01.770 [Catalina-utility-2] INFO  o.s.web.servlet.DispatcherServlet - Initializing Servlet 'dispatcher'
2026-02-19 18:52:01.788 [Catalina-utility-2] INFO  o.s.web.servlet.DispatcherServlet - Completed initialization in 18 ms
2026-02-19 18:52:07.892 [http-nio-8080-exec-13] ERROR b.s.h.e.GlobalExceptionHandler - Непредвиденная ошибка: 
java.lang.IllegalArgumentException: Name for argument of type [java.lang.String] not specified, and parameter name information not available via reflection. Ensure that the compiler uses the '-parameters' flag.
	at org.springframework.web.method.annotation.AbstractNamedValueMethodArgumentResolver.updateNamedValueInfo(AbstractNamedValueMethodArgumentResolver.java:187)
	at org.springframework.web.method.annotation.AbstractNamedValueMethodArgumentResolver.getNamedValueInfo(AbstractNamedValueMethodArgumentResolver.java:162)
	at org.springframework.web.method.annotation.AbstractNamedValueMethodArgumentResolver.resolveArgument(AbstractNamedValueMethodArgumentResolver.java:108)
	at org.springframework.web.method.support.HandlerMethodArgumentResolverComposite.resolveArgument(HandlerMethodArgumentResolverComposite.java:122)
	at org.springframework.web.method.support.InvocableHandlerMethod.getMethodArgumentValues(InvocableHandlerMethod.java:224)
	at org.springframework.web.method.support.InvocableHandlerMethod.invokeForRequest(InvocableHandlerMethod.java:178)
	at org.springframework.web.servlet.mvc.method.annotation.ServletInvocableHandlerMethod.invokeAndHandle(ServletInvocableHandlerMethod.java:118)
	at org.springframework.web.servlet.mvc.method.annotation.RequestMappingHandlerAdapter.invokeHandlerMethod(RequestMappingHandlerAdapter.java:926)
	at org.springframework.web.servlet.mvc.method.annotation.RequestMappingHandlerAdapter.handleInternal(RequestMappingHandlerAdapter.java:831)
	at org.springframework.web.servlet.mvc.method.AbstractHandlerMethodAdapter.handle(AbstractHandlerMethodAdapter.java:87)
	at org.springframework.web.servlet.DispatcherServlet.doDispatch(DispatcherServlet.java:1089)
	at org.springframework.web.servlet.DispatcherServlet.doService(DispatcherServlet.java:979)
	at org.springframework.web.servlet.FrameworkServlet.processRequest(FrameworkServlet.java:1014)
	at org.springframework.web.servlet.FrameworkServlet.doGet(FrameworkServlet.java:903)
	at jakarta.servlet.http.HttpServlet.service(HttpServlet.java:622)
	at org.springframework.web.servlet.FrameworkServlet.service(FrameworkServlet.java:885)
	at jakarta.servlet.http.HttpServlet.service(HttpServlet.java:710)
	at org.apache.catalina.core.ApplicationFilterChain.doFilter(ApplicationFilterChain.java:128)
	at org.apache.tomcat.websocket.server.WsFilter.doFilter(WsFilter.java:53)
	at org.apache.catalina.core.ApplicationFilterChain.doFilter(ApplicationFilterChain.java:107)
	at org.apache.catalina.core.StandardWrapperValve.invoke(StandardWrapperValve.java:165)
	at org.apache.catalina.core.StandardContextValve.invoke(StandardContextValve.java:77)
	at org.apache.catalina.authenticator.AuthenticatorBase.invoke(AuthenticatorBase.java:482)
	at org.apache.catalina.core.StandardHostValve.invoke(StandardHostValve.java:113)
	at org.apache.catalina.valves.ErrorReportValve.invoke(ErrorReportValve.java:83)
	at org.apache.catalina.valves.AbstractAccessLogValve.invoke(AbstractAccessLogValve.java:654)
	at org.apache.catalina.core.StandardEngineValve.invoke(StandardEngineValve.java:72)
	at org.apache.catalina.connector.CoyoteAdapter.service(CoyoteAdapter.java:341)
	at org.apache.coyote.http11.Http11Processor.service(Http11Processor.java:397)
	at org.apache.coyote.AbstractProcessorLight.process(AbstractProcessorLight.java:63)
	at org.apache.coyote.AbstractProtocol$ConnectionHandler.process(AbstractProtocol.java:903)
	at org.apache.tomcat.util.net.NioEndpoint$SocketProcessor.doRun(NioEndpoint.java:1778)
	at org.apache.tomcat.util.net.SocketProcessorBase.run(SocketProcessorBase.java:52)
	at org.apache.tomcat.util.threads.ThreadPoolExecutor.runWorker(ThreadPoolExecutor.java:946)
	at org.apache.tomcat.util.threads.ThreadPoolExecutor$Worker.run(ThreadPoolExecutor.java:480)
	at org.apache.tomcat.util.threads.TaskThread$WrappingRunnable.run(TaskThread.java:57)
	at java.base/java.lang.Thread.run(Thread.java:1575)
2026-02-19 18:57:23.034 [Catalina-utility-1] INFO  o.s.web.context.ContextLoader - Root WebApplicationContext: initialization started
2026-02-19 18:57:23.590 [Catalina-utility-1] INFO  org.hibernate.Version - HHH000412: Hibernate ORM core version 6.5.2.Final
2026-02-19 18:57:23.617 [Catalina-utility-1] INFO  o.h.c.i.RegionFactoryInitiator - HHH000026: Second-level cache disabled
2026-02-19 18:57:23.701 [Catalina-utility-1] WARN  org.hibernate.orm.deprecation - HHH90000025: PostgreSQLDialect does not need to be specified explicitly using 'hibernate.dialect' (remove the property setting and it will be selected by default)
2026-02-19 18:57:24.486 [Catalina-utility-1] INFO  o.h.e.t.j.p.i.JtaPlatformInitiator - HHH000489: No JTA platform available (set 'hibernate.transaction.jta.platform' to enable JTA platform integration)
2026-02-19 18:57:24.704 [Catalina-utility-1] INFO  o.s.web.context.ContextLoader - Root WebApplicationContext initialized in 1669 ms
2026-02-19 18:57:24.706 [Catalina-utility-1] INFO  o.s.web.servlet.DispatcherServlet - Initializing Servlet 'dispatcher'
2026-02-19 18:57:24.783 [Catalina-utility-1] INFO  o.h.c.i.RegionFactoryInitiator - HHH000026: Second-level cache disabled
2026-02-19 18:57:24.792 [Catalina-utility-1] WARN  org.hibernate.orm.deprecation - HHH90000025: PostgreSQLDialect does not need to be specified explicitly using 'hibernate.dialect' (remove the property setting and it will be selected by default)
2026-02-19 18:57:24.863 [Catalina-utility-1] INFO  o.h.e.t.j.p.i.JtaPlatformInitiator - HHH000489: No JTA platform available (set 'hibernate.transaction.jta.platform' to enable JTA platform integration)
2026-02-19 18:57:24.911 [Catalina-utility-1] INFO  o.s.web.servlet.DispatcherServlet - Completed initialization in 205 ms
2026-02-19 18:57:36.840 [http-nio-8080-exec-5] ERROR b.s.h.e.GlobalExceptionHandler - Непредвиденная ошибка: 
java.lang.IllegalArgumentException: Name for argument of type [java.lang.String] not specified, and parameter name information not available via reflection. Ensure that the compiler uses the '-parameters' flag.
	at org.springframework.web.method.annotation.AbstractNamedValueMethodArgumentResolver.updateNamedValueInfo(AbstractNamedValueMethodArgumentResolver.java:187)
	at org.springframework.web.method.annotation.AbstractNamedValueMethodArgumentResolver.getNamedValueInfo(AbstractNamedValueMethodArgumentResolver.java:162)
	at org.springframework.web.method.annotation.AbstractNamedValueMethodArgumentResolver.resolveArgument(AbstractNamedValueMethodArgumentResolver.java:108)
	at org.springframework.web.method.support.HandlerMethodArgumentResolverComposite.resolveArgument(HandlerMethodArgumentResolverComposite.java:122)
	at org.springframework.web.method.support.InvocableHandlerMethod.getMethodArgumentValues(InvocableHandlerMethod.java:224)
	at org.springframework.web.method.support.InvocableHandlerMethod.invokeForRequest(InvocableHandlerMethod.java:178)
	at org.springframework.web.servlet.mvc.method.annotation.ServletInvocableHandlerMethod.invokeAndHandle(ServletInvocableHandlerMethod.java:118)
	at org.springframework.web.servlet.mvc.method.annotation.RequestMappingHandlerAdapter.invokeHandlerMethod(RequestMappingHandlerAdapter.java:926)
	at org.springframework.web.servlet.mvc.method.annotation.RequestMappingHandlerAdapter.handleInternal(RequestMappingHandlerAdapter.java:831)
	at org.springframework.web.servlet.mvc.method.AbstractHandlerMethodAdapter.handle(AbstractHandlerMethodAdapter.java:87)
	at org.springframework.web.servlet.DispatcherServlet.doDispatch(DispatcherServlet.java:1089)
	at org.springframework.web.servlet.DispatcherServlet.doService(DispatcherServlet.java:979)
	at org.springframework.web.servlet.FrameworkServlet.processRequest(FrameworkServlet.java:1014)
	at org.springframework.web.servlet.FrameworkServlet.doGet(FrameworkServlet.java:903)
	at jakarta.servlet.http.HttpServlet.service(HttpServlet.java:622)
	at org.springframework.web.servlet.FrameworkServlet.service(FrameworkServlet.java:885)
	at jakarta.servlet.http.HttpServlet.service(HttpServlet.java:710)
	at org.apache.catalina.core.ApplicationFilterChain.doFilter(ApplicationFilterChain.java:128)
	at org.apache.tomcat.websocket.server.WsFilter.doFilter(WsFilter.java:53)
	at org.apache.catalina.core.ApplicationFilterChain.doFilter(ApplicationFilterChain.java:107)
	at org.apache.catalina.core.StandardWrapperValve.invoke(StandardWrapperValve.java:165)
	at org.apache.catalina.core.StandardContextValve.invoke(StandardContextValve.java:77)
	at org.apache.catalina.authenticator.AuthenticatorBase.invoke(AuthenticatorBase.java:482)
	at org.apache.catalina.core.StandardHostValve.invoke(StandardHostValve.java:113)
	at org.apache.catalina.valves.ErrorReportValve.invoke(ErrorReportValve.java:83)
	at org.apache.catalina.valves.AbstractAccessLogValve.invoke(AbstractAccessLogValve.java:654)
	at org.apache.catalina.core.StandardEngineValve.invoke(StandardEngineValve.java:72)
	at org.apache.catalina.connector.CoyoteAdapter.service(CoyoteAdapter.java:341)
	at org.apache.coyote.http11.Http11Processor.service(Http11Processor.java:397)
	at org.apache.coyote.AbstractProcessorLight.process(AbstractProcessorLight.java:63)
	at org.apache.coyote.AbstractProtocol$ConnectionHandler.process(AbstractProtocol.java:903)
	at org.apache.tomcat.util.net.NioEndpoint$SocketProcessor.doRun(NioEndpoint.java:1778)
	at org.apache.tomcat.util.net.SocketProcessorBase.run(SocketProcessorBase.java:52)
	at org.apache.tomcat.util.threads.ThreadPoolExecutor.runWorker(ThreadPoolExecutor.java:946)
	at org.apache.tomcat.util.threads.ThreadPoolExecutor$Worker.run(ThreadPoolExecutor.java:480)
	at org.apache.tomcat.util.threads.TaskThread$WrappingRunnable.run(TaskThread.java:57)
	at java.base/java.lang.Thread.run(Thread.java:1575)
2026-02-19 19:10:56.544 [Catalina-utility-1] INFO  o.s.web.context.ContextLoader - Root WebApplicationContext: initialization started
2026-02-19 19:10:57.090 [Catalina-utility-1] INFO  org.hibernate.Version - HHH000412: Hibernate ORM core version 6.5.2.Final
2026-02-19 19:10:57.119 [Catalina-utility-1] INFO  o.h.c.i.RegionFactoryInitiator - HHH000026: Second-level cache disabled
2026-02-19 19:10:57.206 [Catalina-utility-1] WARN  org.hibernate.orm.deprecation - HHH90000025: PostgreSQLDialect does not need to be specified explicitly using 'hibernate.dialect' (remove the property setting and it will be selected by default)
2026-02-19 19:10:57.912 [Catalina-utility-1] INFO  o.h.e.t.j.p.i.JtaPlatformInitiator - HHH000489: No JTA platform available (set 'hibernate.transaction.jta.platform' to enable JTA platform integration)
2026-02-19 19:10:58.094 [Catalina-utility-1] INFO  o.s.web.context.ContextLoader - Root WebApplicationContext initialized in 1549 ms
2026-02-19 19:10:58.095 [Catalina-utility-1] INFO  o.s.web.servlet.DispatcherServlet - Initializing Servlet 'dispatcher'
2026-02-19 19:10:58.145 [Catalina-utility-1] INFO  o.h.c.i.RegionFactoryInitiator - HHH000026: Second-level cache disabled
2026-02-19 19:10:58.153 [Catalina-utility-1] WARN  org.hibernate.orm.deprecation - HHH90000025: PostgreSQLDialect does not need to be specified explicitly using 'hibernate.dialect' (remove the property setting and it will be selected by default)
2026-02-19 19:10:58.188 [Catalina-utility-1] INFO  o.h.e.t.j.p.i.JtaPlatformInitiator - HHH000489: No JTA platform available (set 'hibernate.transaction.jta.platform' to enable JTA platform integration)
2026-02-19 19:10:58.231 [Catalina-utility-1] INFO  o.s.web.servlet.DispatcherServlet - Completed initialization in 135 ms
2026-02-19 19:11:40.963 [http-nio-8080-exec-28] ERROR b.s.h.e.GlobalExceptionHandler - Непредвиденная ошибка: 
java.lang.IllegalArgumentException: Name for argument of type [java.lang.String] not specified, and parameter name information not available via reflection. Ensure that the compiler uses the '-parameters' flag.
	at org.springframework.web.method.annotation.AbstractNamedValueMethodArgumentResolver.updateNamedValueInfo(AbstractNamedValueMethodArgumentResolver.java:187)
	at org.springframework.web.method.annotation.AbstractNamedValueMethodArgumentResolver.getNamedValueInfo(AbstractNamedValueMethodArgumentResolver.java:162)
	at org.springframework.web.method.annotation.AbstractNamedValueMethodArgumentResolver.resolveArgument(AbstractNamedValueMethodArgumentResolver.java:108)
	at org.springframework.web.method.support.HandlerMethodArgumentResolverComposite.resolveArgument(HandlerMethodArgumentResolverComposite.java:122)
	at org.springframework.web.method.support.InvocableHandlerMethod.getMethodArgumentValues(InvocableHandlerMethod.java:224)
	at org.springframework.web.method.support.InvocableHandlerMethod.invokeForRequest(InvocableHandlerMethod.java:178)
	at org.springframework.web.servlet.mvc.method.annotation.ServletInvocableHandlerMethod.invokeAndHandle(ServletInvocableHandlerMethod.java:118)
	at org.springframework.web.servlet.mvc.method.annotation.RequestMappingHandlerAdapter.invokeHandlerMethod(RequestMappingHandlerAdapter.java:926)
	at org.springframework.web.servlet.mvc.method.annotation.RequestMappingHandlerAdapter.handleInternal(RequestMappingHandlerAdapter.java:831)
	at org.springframework.web.servlet.mvc.method.AbstractHandlerMethodAdapter.handle(AbstractHandlerMethodAdapter.java:87)
	at org.springframework.web.servlet.DispatcherServlet.doDispatch(DispatcherServlet.java:1089)
	at org.springframework.web.servlet.DispatcherServlet.doService(DispatcherServlet.java:979)
	at org.springframework.web.servlet.FrameworkServlet.processRequest(FrameworkServlet.java:1014)
	at org.springframework.web.servlet.FrameworkServlet.doGet(FrameworkServlet.java:903)
	at jakarta.servlet.http.HttpServlet.service(HttpServlet.java:622)
	at org.springframework.web.servlet.FrameworkServlet.service(FrameworkServlet.java:885)
	at jakarta.servlet.http.HttpServlet.service(HttpServlet.java:710)
	at org.apache.catalina.core.ApplicationFilterChain.doFilter(ApplicationFilterChain.java:128)
	at org.apache.tomcat.websocket.server.WsFilter.doFilter(WsFilter.java:53)
	at org.apache.catalina.core.ApplicationFilterChain.doFilter(ApplicationFilterChain.java:107)
	at org.apache.catalina.core.StandardWrapperValve.invoke(StandardWrapperValve.java:165)
	at org.apache.catalina.core.StandardContextValve.invoke(StandardContextValve.java:77)
	at org.apache.catalina.authenticator.AuthenticatorBase.invoke(AuthenticatorBase.java:482)
	at org.apache.catalina.core.StandardHostValve.invoke(StandardHostValve.java:113)
	at org.apache.catalina.valves.ErrorReportValve.invoke(ErrorReportValve.java:83)
	at org.apache.catalina.valves.AbstractAccessLogValve.invoke(AbstractAccessLogValve.java:654)
	at org.apache.catalina.core.StandardEngineValve.invoke(StandardEngineValve.java:72)
	at org.apache.catalina.connector.CoyoteAdapter.service(CoyoteAdapter.java:341)
	at org.apache.coyote.http11.Http11Processor.service(Http11Processor.java:397)
	at org.apache.coyote.AbstractProcessorLight.process(AbstractProcessorLight.java:63)
	at org.apache.coyote.AbstractProtocol$ConnectionHandler.process(AbstractProtocol.java:903)
	at org.apache.tomcat.util.net.NioEndpoint$SocketProcessor.doRun(NioEndpoint.java:1778)
	at org.apache.tomcat.util.net.SocketProcessorBase.run(SocketProcessorBase.java:52)
	at org.apache.tomcat.util.threads.ThreadPoolExecutor.runWorker(ThreadPoolExecutor.java:946)
	at org.apache.tomcat.util.threads.ThreadPoolExecutor$Worker.run(ThreadPoolExecutor.java:480)
	at org.apache.tomcat.util.threads.TaskThread$WrappingRunnable.run(TaskThread.java:57)
	at java.base/java.lang.Thread.run(Thread.java:1575)
2026-02-19 19:14:08.166 [http-nio-8080-exec-36] ERROR b.s.h.e.GlobalExceptionHandler - Непредвиденная ошибка: 
java.lang.IllegalArgumentException: Name for argument of type [java.lang.String] not specified, and parameter name information not available via reflection. Ensure that the compiler uses the '-parameters' flag.
	at org.springframework.web.method.annotation.AbstractNamedValueMethodArgumentResolver.updateNamedValueInfo(AbstractNamedValueMethodArgumentResolver.java:187)
	at org.springframework.web.method.annotation.AbstractNamedValueMethodArgumentResolver.getNamedValueInfo(AbstractNamedValueMethodArgumentResolver.java:162)
	at org.springframework.web.method.annotation.AbstractNamedValueMethodArgumentResolver.resolveArgument(AbstractNamedValueMethodArgumentResolver.java:108)
	at org.springframework.web.method.support.HandlerMethodArgumentResolverComposite.resolveArgument(HandlerMethodArgumentResolverComposite.java:122)
	at org.springframework.web.method.support.InvocableHandlerMethod.getMethodArgumentValues(InvocableHandlerMethod.java:224)
	at org.springframework.web.method.support.InvocableHandlerMethod.invokeForRequest(InvocableHandlerMethod.java:178)
	at org.springframework.web.servlet.mvc.method.annotation.ServletInvocableHandlerMethod.invokeAndHandle(ServletInvocableHandlerMethod.java:118)
	at org.springframework.web.servlet.mvc.method.annotation.RequestMappingHandlerAdapter.invokeHandlerMethod(RequestMappingHandlerAdapter.java:926)
	at org.springframework.web.servlet.mvc.method.annotation.RequestMappingHandlerAdapter.handleInternal(RequestMappingHandlerAdapter.java:831)
	at org.springframework.web.servlet.mvc.method.AbstractHandlerMethodAdapter.handle(AbstractHandlerMethodAdapter.java:87)
	at org.springframework.web.servlet.DispatcherServlet.doDispatch(DispatcherServlet.java:1089)
	at org.springframework.web.servlet.DispatcherServlet.doService(DispatcherServlet.java:979)
	at org.springframework.web.servlet.FrameworkServlet.processRequest(FrameworkServlet.java:1014)
	at org.springframework.web.servlet.FrameworkServlet.doGet(FrameworkServlet.java:903)
	at jakarta.servlet.http.HttpServlet.service(HttpServlet.java:622)
	at org.springframework.web.servlet.FrameworkServlet.service(FrameworkServlet.java:885)
	at jakarta.servlet.http.HttpServlet.service(HttpServlet.java:710)
	at org.apache.catalina.core.ApplicationFilterChain.doFilter(ApplicationFilterChain.java:128)
	at org.apache.tomcat.websocket.server.WsFilter.doFilter(WsFilter.java:53)
	at org.apache.catalina.core.ApplicationFilterChain.doFilter(ApplicationFilterChain.java:107)
	at org.apache.catalina.core.StandardWrapperValve.invoke(StandardWrapperValve.java:165)
	at org.apache.catalina.core.StandardContextValve.invoke(StandardContextValve.java:77)
	at org.apache.catalina.authenticator.AuthenticatorBase.invoke(AuthenticatorBase.java:482)
	at org.apache.catalina.core.StandardHostValve.invoke(StandardHostValve.java:113)
	at org.apache.catalina.valves.ErrorReportValve.invoke(ErrorReportValve.java:83)
	at org.apache.catalina.valves.AbstractAccessLogValve.invoke(AbstractAccessLogValve.java:654)
	at org.apache.catalina.core.StandardEngineValve.invoke(StandardEngineValve.java:72)
	at org.apache.catalina.connector.CoyoteAdapter.service(CoyoteAdapter.java:341)
	at org.apache.coyote.http11.Http11Processor.service(Http11Processor.java:397)
	at org.apache.coyote.AbstractProcessorLight.process(AbstractProcessorLight.java:63)
	at org.apache.coyote.AbstractProtocol$ConnectionHandler.process(AbstractProtocol.java:903)
	at org.apache.tomcat.util.net.NioEndpoint$SocketProcessor.doRun(NioEndpoint.java:1778)
	at org.apache.tomcat.util.net.SocketProcessorBase.run(SocketProcessorBase.java:52)
	at org.apache.tomcat.util.threads.ThreadPoolExecutor.runWorker(ThreadPoolExecutor.java:946)
	at org.apache.tomcat.util.threads.ThreadPoolExecutor$Worker.run(ThreadPoolExecutor.java:480)
	at org.apache.tomcat.util.threads.TaskThread$WrappingRunnable.run(TaskThread.java:57)
	at java.base/java.lang.Thread.run(Thread.java:1575)
2026-02-19 19:14:22.882 [http-nio-8080-exec-37] ERROR b.s.h.e.GlobalExceptionHandler - Непредвиденная ошибка: 
java.lang.IllegalArgumentException: Name for argument of type [java.lang.String] not specified, and parameter name information not available via reflection. Ensure that the compiler uses the '-parameters' flag.
	at org.springframework.web.method.annotation.AbstractNamedValueMethodArgumentResolver.updateNamedValueInfo(AbstractNamedValueMethodArgumentResolver.java:187)
	at org.springframework.web.method.annotation.AbstractNamedValueMethodArgumentResolver.getNamedValueInfo(AbstractNamedValueMethodArgumentResolver.java:162)
	at org.springframework.web.method.annotation.AbstractNamedValueMethodArgumentResolver.resolveArgument(AbstractNamedValueMethodArgumentResolver.java:108)
	at org.springframework.web.method.support.HandlerMethodArgumentResolverComposite.resolveArgument(HandlerMethodArgumentResolverComposite.java:122)
	at org.springframework.web.method.support.InvocableHandlerMethod.getMethodArgumentValues(InvocableHandlerMethod.java:224)
	at org.springframework.web.method.support.InvocableHandlerMethod.invokeForRequest(InvocableHandlerMethod.java:178)
	at org.springframework.web.servlet.mvc.method.annotation.ServletInvocableHandlerMethod.invokeAndHandle(ServletInvocableHandlerMethod.java:118)
	at org.springframework.web.servlet.mvc.method.annotation.RequestMappingHandlerAdapter.invokeHandlerMethod(RequestMappingHandlerAdapter.java:926)
	at org.springframework.web.servlet.mvc.method.annotation.RequestMappingHandlerAdapter.handleInternal(RequestMappingHandlerAdapter.java:831)
	at org.springframework.web.servlet.mvc.method.AbstractHandlerMethodAdapter.handle(AbstractHandlerMethodAdapter.java:87)
	at org.springframework.web.servlet.DispatcherServlet.doDispatch(DispatcherServlet.java:1089)
	at org.springframework.web.servlet.DispatcherServlet.doService(DispatcherServlet.java:979)
	at org.springframework.web.servlet.FrameworkServlet.processRequest(FrameworkServlet.java:1014)
	at org.springframework.web.servlet.FrameworkServlet.doGet(FrameworkServlet.java:903)
	at jakarta.servlet.http.HttpServlet.service(HttpServlet.java:622)
	at org.springframework.web.servlet.FrameworkServlet.service(FrameworkServlet.java:885)
	at jakarta.servlet.http.HttpServlet.service(HttpServlet.java:710)
	at org.apache.catalina.core.ApplicationFilterChain.doFilter(ApplicationFilterChain.java:128)
	at org.apache.tomcat.websocket.server.WsFilter.doFilter(WsFilter.java:53)
	at org.apache.catalina.core.ApplicationFilterChain.doFilter(ApplicationFilterChain.java:107)
	at org.apache.catalina.core.StandardWrapperValve.invoke(StandardWrapperValve.java:165)
	at org.apache.catalina.core.StandardContextValve.invoke(StandardContextValve.java:77)
	at org.apache.catalina.authenticator.AuthenticatorBase.invoke(AuthenticatorBase.java:482)
	at org.apache.catalina.core.StandardHostValve.invoke(StandardHostValve.java:113)
	at org.apache.catalina.valves.ErrorReportValve.invoke(ErrorReportValve.java:83)
	at org.apache.catalina.valves.AbstractAccessLogValve.invoke(AbstractAccessLogValve.java:654)
	at org.apache.catalina.core.StandardEngineValve.invoke(StandardEngineValve.java:72)
	at org.apache.catalina.connector.CoyoteAdapter.service(CoyoteAdapter.java:341)
	at org.apache.coyote.http11.Http11Processor.service(Http11Processor.java:397)
	at org.apache.coyote.AbstractProcessorLight.process(AbstractProcessorLight.java:63)
	at org.apache.coyote.AbstractProtocol$ConnectionHandler.process(AbstractProtocol.java:903)
	at org.apache.tomcat.util.net.NioEndpoint$SocketProcessor.doRun(NioEndpoint.java:1778)
	at org.apache.tomcat.util.net.SocketProcessorBase.run(SocketProcessorBase.java:52)
	at org.apache.tomcat.util.threads.ThreadPoolExecutor.runWorker(ThreadPoolExecutor.java:946)
	at org.apache.tomcat.util.threads.ThreadPoolExecutor$Worker.run(ThreadPoolExecutor.java:480)
	at org.apache.tomcat.util.threads.TaskThread$WrappingRunnable.run(TaskThread.java:57)
	at java.base/java.lang.Thread.run(Thread.java:1575)
2026-02-19 19:16:06.644 [http-nio-8080-exec-38] ERROR b.s.h.e.GlobalExceptionHandler - Непредвиденная ошибка: 
java.lang.IllegalArgumentException: Name for argument of type [java.lang.String] not specified, and parameter name information not available via reflection. Ensure that the compiler uses the '-parameters' flag.
	at org.springframework.web.method.annotation.AbstractNamedValueMethodArgumentResolver.updateNamedValueInfo(AbstractNamedValueMethodArgumentResolver.java:187)
	at org.springframework.web.method.annotation.AbstractNamedValueMethodArgumentResolver.getNamedValueInfo(AbstractNamedValueMethodArgumentResolver.java:162)
	at org.springframework.web.method.annotation.AbstractNamedValueMethodArgumentResolver.resolveArgument(AbstractNamedValueMethodArgumentResolver.java:108)
	at org.springframework.web.method.support.HandlerMethodArgumentResolverComposite.resolveArgument(HandlerMethodArgumentResolverComposite.java:122)
	at org.springframework.web.method.support.InvocableHandlerMethod.getMethodArgumentValues(InvocableHandlerMethod.java:224)
	at org.springframework.web.method.support.InvocableHandlerMethod.invokeForRequest(InvocableHandlerMethod.java:178)
	at org.springframework.web.servlet.mvc.method.annotation.ServletInvocableHandlerMethod.invokeAndHandle(ServletInvocableHandlerMethod.java:118)
	at org.springframework.web.servlet.mvc.method.annotation.RequestMappingHandlerAdapter.invokeHandlerMethod(RequestMappingHandlerAdapter.java:926)
	at org.springframework.web.servlet.mvc.method.annotation.RequestMappingHandlerAdapter.handleInternal(RequestMappingHandlerAdapter.java:831)
	at org.springframework.web.servlet.mvc.method.AbstractHandlerMethodAdapter.handle(AbstractHandlerMethodAdapter.java:87)
	at org.springframework.web.servlet.DispatcherServlet.doDispatch(DispatcherServlet.java:1089)
	at org.springframework.web.servlet.DispatcherServlet.doService(DispatcherServlet.java:979)
	at org.springframework.web.servlet.FrameworkServlet.processRequest(FrameworkServlet.java:1014)
	at org.springframework.web.servlet.FrameworkServlet.doGet(FrameworkServlet.java:903)
	at jakarta.servlet.http.HttpServlet.service(HttpServlet.java:622)
	at org.springframework.web.servlet.FrameworkServlet.service(FrameworkServlet.java:885)
	at jakarta.servlet.http.HttpServlet.service(HttpServlet.java:710)
	at org.apache.catalina.core.ApplicationFilterChain.doFilter(ApplicationFilterChain.java:128)
	at org.apache.tomcat.websocket.server.WsFilter.doFilter(WsFilter.java:53)
	at org.apache.catalina.core.ApplicationFilterChain.doFilter(ApplicationFilterChain.java:107)
	at org.apache.catalina.core.StandardWrapperValve.invoke(StandardWrapperValve.java:165)
	at org.apache.catalina.core.StandardContextValve.invoke(StandardContextValve.java:77)
	at org.apache.catalina.authenticator.AuthenticatorBase.invoke(AuthenticatorBase.java:482)
	at org.apache.catalina.core.StandardHostValve.invoke(StandardHostValve.java:113)
	at org.apache.catalina.valves.ErrorReportValve.invoke(ErrorReportValve.java:83)
	at org.apache.catalina.valves.AbstractAccessLogValve.invoke(AbstractAccessLogValve.java:654)
	at org.apache.catalina.core.StandardEngineValve.invoke(StandardEngineValve.java:72)
	at org.apache.catalina.connector.CoyoteAdapter.service(CoyoteAdapter.java:341)
	at org.apache.coyote.http11.Http11Processor.service(Http11Processor.java:397)
	at org.apache.coyote.AbstractProcessorLight.process(AbstractProcessorLight.java:63)
	at org.apache.coyote.AbstractProtocol$ConnectionHandler.process(AbstractProtocol.java:903)
	at org.apache.tomcat.util.net.NioEndpoint$SocketProcessor.doRun(NioEndpoint.java:1778)
	at org.apache.tomcat.util.net.SocketProcessorBase.run(SocketProcessorBase.java:52)
	at org.apache.tomcat.util.threads.ThreadPoolExecutor.runWorker(ThreadPoolExecutor.java:946)
	at org.apache.tomcat.util.threads.ThreadPoolExecutor$Worker.run(ThreadPoolExecutor.java:480)
	at org.apache.tomcat.util.threads.TaskThread$WrappingRunnable.run(TaskThread.java:57)
	at java.base/java.lang.Thread.run(Thread.java:1575)
2026-02-19 19:19:39.679 [Catalina-utility-1] INFO  o.s.web.context.ContextLoader - Root WebApplicationContext: initialization started
2026-02-19 19:19:40.233 [Catalina-utility-1] INFO  org.hibernate.Version - HHH000412: Hibernate ORM core version 6.5.2.Final
2026-02-19 19:19:40.263 [Catalina-utility-1] INFO  o.h.c.i.RegionFactoryInitiator - HHH000026: Second-level cache disabled
2026-02-19 19:19:40.350 [Catalina-utility-1] WARN  org.hibernate.orm.deprecation - HHH90000025: PostgreSQLDialect does not need to be specified explicitly using 'hibernate.dialect' (remove the property setting and it will be selected by default)
2026-02-19 19:19:41.051 [Catalina-utility-1] INFO  o.h.e.t.j.p.i.JtaPlatformInitiator - HHH000489: No JTA platform available (set 'hibernate.transaction.jta.platform' to enable JTA platform integration)
2026-02-19 19:19:41.222 [Catalina-utility-1] INFO  o.s.web.context.ContextLoader - Root WebApplicationContext initialized in 1542 ms
2026-02-19 19:19:41.224 [Catalina-utility-1] INFO  o.s.web.servlet.DispatcherServlet - Initializing Servlet 'dispatcher'
2026-02-19 19:19:41.278 [Catalina-utility-1] INFO  o.h.c.i.RegionFactoryInitiator - HHH000026: Second-level cache disabled
2026-02-19 19:19:41.286 [Catalina-utility-1] WARN  org.hibernate.orm.deprecation - HHH90000025: PostgreSQLDialect does not need to be specified explicitly using 'hibernate.dialect' (remove the property setting and it will be selected by default)
2026-02-19 19:19:41.321 [Catalina-utility-1] INFO  o.h.e.t.j.p.i.JtaPlatformInitiator - HHH000489: No JTA platform available (set 'hibernate.transaction.jta.platform' to enable JTA platform integration)
2026-02-19 19:19:41.352 [Catalina-utility-1] INFO  o.s.web.servlet.DispatcherServlet - Completed initialization in 128 ms
2026-02-19 19:19:45.703 [http-nio-8080-exec-39] ERROR b.s.h.e.GlobalExceptionHandler - Непредвиденная ошибка: 
java.lang.IllegalArgumentException: Name for argument of type [java.lang.String] not specified, and parameter name information not available via reflection. Ensure that the compiler uses the '-parameters' flag.
	at org.springframework.web.method.annotation.AbstractNamedValueMethodArgumentResolver.updateNamedValueInfo(AbstractNamedValueMethodArgumentResolver.java:187)
	at org.springframework.web.method.annotation.AbstractNamedValueMethodArgumentResolver.getNamedValueInfo(AbstractNamedValueMethodArgumentResolver.java:162)
	at org.springframework.web.method.annotation.AbstractNamedValueMethodArgumentResolver.resolveArgument(AbstractNamedValueMethodArgumentResolver.java:108)
	at org.springframework.web.method.support.HandlerMethodArgumentResolverComposite.resolveArgument(HandlerMethodArgumentResolverComposite.java:122)
	at org.springframework.web.method.support.InvocableHandlerMethod.getMethodArgumentValues(InvocableHandlerMethod.java:224)
	at org.springframework.web.method.support.InvocableHandlerMethod.invokeForRequest(InvocableHandlerMethod.java:178)
	at org.springframework.web.servlet.mvc.method.annotation.ServletInvocableHandlerMethod.invokeAndHandle(ServletInvocableHandlerMethod.java:118)
	at org.springframework.web.servlet.mvc.method.annotation.RequestMappingHandlerAdapter.invokeHandlerMethod(RequestMappingHandlerAdapter.java:926)
	at org.springframework.web.servlet.mvc.method.annotation.RequestMappingHandlerAdapter.handleInternal(RequestMappingHandlerAdapter.java:831)
	at org.springframework.web.servlet.mvc.method.AbstractHandlerMethodAdapter.handle(AbstractHandlerMethodAdapter.java:87)
	at org.springframework.web.servlet.DispatcherServlet.doDispatch(DispatcherServlet.java:1089)
	at org.springframework.web.servlet.DispatcherServlet.doService(DispatcherServlet.java:979)
	at org.springframework.web.servlet.FrameworkServlet.processRequest(FrameworkServlet.java:1014)
	at org.springframework.web.servlet.FrameworkServlet.doGet(FrameworkServlet.java:903)
	at jakarta.servlet.http.HttpServlet.service(HttpServlet.java:622)
	at org.springframework.web.servlet.FrameworkServlet.service(FrameworkServlet.java:885)
	at jakarta.servlet.http.HttpServlet.service(HttpServlet.java:710)
	at org.apache.catalina.core.ApplicationFilterChain.doFilter(ApplicationFilterChain.java:128)
	at org.apache.tomcat.websocket.server.WsFilter.doFilter(WsFilter.java:53)
	at org.apache.catalina.core.ApplicationFilterChain.doFilter(ApplicationFilterChain.java:107)
	at org.apache.catalina.core.StandardWrapperValve.invoke(StandardWrapperValve.java:165)
	at org.apache.catalina.core.StandardContextValve.invoke(StandardContextValve.java:77)
	at org.apache.catalina.authenticator.AuthenticatorBase.invoke(AuthenticatorBase.java:482)
	at org.apache.catalina.core.StandardHostValve.invoke(StandardHostValve.java:113)
	at org.apache.catalina.valves.ErrorReportValve.invoke(ErrorReportValve.java:83)
	at org.apache.catalina.valves.AbstractAccessLogValve.invoke(AbstractAccessLogValve.java:654)
	at org.apache.catalina.core.StandardEngineValve.invoke(StandardEngineValve.java:72)
	at org.apache.catalina.connector.CoyoteAdapter.service(CoyoteAdapter.java:341)
	at org.apache.coyote.http11.Http11Processor.service(Http11Processor.java:397)
	at org.apache.coyote.AbstractProcessorLight.process(AbstractProcessorLight.java:63)
	at org.apache.coyote.AbstractProtocol$ConnectionHandler.process(AbstractProtocol.java:903)
	at org.apache.tomcat.util.net.NioEndpoint$SocketProcessor.doRun(NioEndpoint.java:1778)
	at org.apache.tomcat.util.net.SocketProcessorBase.run(SocketProcessorBase.java:52)
	at org.apache.tomcat.util.threads.ThreadPoolExecutor.runWorker(ThreadPoolExecutor.java:946)
	at org.apache.tomcat.util.threads.ThreadPoolExecutor$Worker.run(ThreadPoolExecutor.java:480)
	at org.apache.tomcat.util.threads.TaskThread$WrappingRunnable.run(TaskThread.java:57)
	at java.base/java.lang.Thread.run(Thread.java:1575)
2026-02-19 19:24:12.596 [Catalina-utility-1] INFO  o.s.web.context.ContextLoader - Root WebApplicationContext: initialization started
2026-02-19 19:24:13.156 [Catalina-utility-1] INFO  org.hibernate.Version - HHH000412: Hibernate ORM core version 6.5.2.Final
2026-02-19 19:24:13.189 [Catalina-utility-1] INFO  o.h.c.i.RegionFactoryInitiator - HHH000026: Second-level cache disabled
2026-02-19 19:24:13.283 [Catalina-utility-1] WARN  org.hibernate.orm.deprecation - HHH90000025: PostgreSQLDialect does not need to be specified explicitly using 'hibernate.dialect' (remove the property setting and it will be selected by default)
2026-02-19 19:24:13.985 [Catalina-utility-1] INFO  o.h.e.t.j.p.i.JtaPlatformInitiator - HHH000489: No JTA platform available (set 'hibernate.transaction.jta.platform' to enable JTA platform integration)
2026-02-19 19:24:14.218 [Catalina-utility-1] INFO  o.s.web.context.ContextLoader - Root WebApplicationContext initialized in 1622 ms
2026-02-19 19:24:14.220 [Catalina-utility-1] INFO  o.s.web.servlet.DispatcherServlet - Initializing Servlet 'dispatcher'
2026-02-19 19:24:14.290 [Catalina-utility-1] INFO  o.h.c.i.RegionFactoryInitiator - HHH000026: Second-level cache disabled
2026-02-19 19:24:14.301 [Catalina-utility-1] WARN  org.hibernate.orm.deprecation - HHH90000025: PostgreSQLDialect does not need to be specified explicitly using 'hibernate.dialect' (remove the property setting and it will be selected by default)
2026-02-19 19:24:14.338 [Catalina-utility-1] INFO  o.h.e.t.j.p.i.JtaPlatformInitiator - HHH000489: No JTA platform available (set 'hibernate.transaction.jta.platform' to enable JTA platform integration)
2026-02-19 19:24:14.384 [Catalina-utility-1] INFO  o.s.web.servlet.DispatcherServlet - Completed initialization in 164 ms
2026-02-19 19:28:35.940 [Catalina-utility-1] INFO  o.s.web.context.ContextLoader - Root WebApplicationContext: initialization started
2026-02-19 19:28:36.532 [Catalina-utility-1] INFO  org.hibernate.Version - HHH000412: Hibernate ORM core version 6.5.2.Final
2026-02-19 19:28:36.562 [Catalina-utility-1] INFO  o.h.c.i.RegionFactoryInitiator - HHH000026: Second-level cache disabled
2026-02-19 19:28:36.655 [Catalina-utility-1] WARN  org.hibernate.orm.deprecation - HHH90000025: PostgreSQLDialect does not need to be specified explicitly using 'hibernate.dialect' (remove the property setting and it will be selected by default)
2026-02-19 19:28:37.388 [Catalina-utility-1] INFO  o.h.e.t.j.p.i.JtaPlatformInitiator - HHH000489: No JTA platform available (set 'hibernate.transaction.jta.platform' to enable JTA platform integration)
2026-02-19 19:28:37.576 [Catalina-utility-1] INFO  o.s.web.context.ContextLoader - Root WebApplicationContext initialized in 1635 ms
2026-02-19 19:28:37.578 [Catalina-utility-1] INFO  o.s.web.servlet.DispatcherServlet - Initializing Servlet 'dispatcher'
2026-02-19 19:28:37.631 [Catalina-utility-1] INFO  o.h.c.i.RegionFactoryInitiator - HHH000026: Second-level cache disabled
2026-02-19 19:28:37.644 [Catalina-utility-1] WARN  org.hibernate.orm.deprecation - HHH90000025: PostgreSQLDialect does not need to be specified explicitly using 'hibernate.dialect' (remove the property setting and it will be selected by default)
2026-02-19 19:28:37.679 [Catalina-utility-1] INFO  o.h.e.t.j.p.i.JtaPlatformInitiator - HHH000489: No JTA platform available (set 'hibernate.transaction.jta.platform' to enable JTA platform integration)
2026-02-19 19:28:37.710 [Catalina-utility-1] INFO  o.s.web.servlet.DispatcherServlet - Completed initialization in 132 ms
2026-02-19 19:33:28.936 [Catalina-utility-2] INFO  o.s.web.context.ContextLoader - Root WebApplicationContext: initialization started
2026-02-19 19:33:29.520 [Catalina-utility-2] INFO  org.hibernate.Version - HHH000412: Hibernate ORM core version 6.5.2.Final
2026-02-19 19:33:29.552 [Catalina-utility-2] INFO  o.h.c.i.RegionFactoryInitiator - HHH000026: Second-level cache disabled
2026-02-19 19:33:29.654 [Catalina-utility-2] WARN  org.hibernate.orm.deprecation - HHH90000025: PostgreSQLDialect does not need to be specified explicitly using 'hibernate.dialect' (remove the property setting and it will be selected by default)
2026-02-19 19:33:30.919 [Catalina-utility-2] INFO  o.h.e.t.j.p.i.JtaPlatformInitiator - HHH000489: No JTA platform available (set 'hibernate.transaction.jta.platform' to enable JTA platform integration)
2026-02-19 19:33:31.182 [Catalina-utility-2] INFO  o.s.web.context.ContextLoader - Root WebApplicationContext initialized in 2246 ms
2026-02-19 19:33:31.184 [Catalina-utility-2] INFO  o.s.web.servlet.DispatcherServlet - Initializing Servlet 'dispatcher'
2026-02-19 19:33:31.245 [Catalina-utility-2] INFO  o.h.c.i.RegionFactoryInitiator - HHH000026: Second-level cache disabled
2026-02-19 19:33:31.256 [Catalina-utility-2] WARN  org.hibernate.orm.deprecation - HHH90000025: PostgreSQLDialect does not need to be specified explicitly using 'hibernate.dialect' (remove the property setting and it will be selected by default)
2026-02-19 19:33:31.298 [Catalina-utility-2] INFO  o.h.e.t.j.p.i.JtaPlatformInitiator - HHH000489: No JTA platform available (set 'hibernate.transaction.jta.platform' to enable JTA platform integration)
2026-02-19 19:33:31.336 [Catalina-utility-2] INFO  o.s.web.servlet.DispatcherServlet - Completed initialization in 152 ms
2026-02-19 19:35:12.594 [Catalina-utility-2] INFO  o.s.web.context.ContextLoader - Root WebApplicationContext: initialization started
2026-02-19 19:35:13.162 [Catalina-utility-2] INFO  org.hibernate.Version - HHH000412: Hibernate ORM core version 6.5.2.Final
2026-02-19 19:35:13.192 [Catalina-utility-2] INFO  o.h.c.i.RegionFactoryInitiator - HHH000026: Second-level cache disabled
2026-02-19 19:35:13.287 [Catalina-utility-2] WARN  org.hibernate.orm.deprecation - HHH90000025: PostgreSQLDialect does not need to be specified explicitly using 'hibernate.dialect' (remove the property setting and it will be selected by default)
2026-02-19 19:35:14.008 [Catalina-utility-2] INFO  o.h.e.t.j.p.i.JtaPlatformInitiator - HHH000489: No JTA platform available (set 'hibernate.transaction.jta.platform' to enable JTA platform integration)
2026-02-19 19:35:14.185 [Catalina-utility-2] INFO  o.s.web.context.ContextLoader - Root WebApplicationContext initialized in 1591 ms
2026-02-19 19:35:14.187 [Catalina-utility-2] INFO  o.s.web.servlet.DispatcherServlet - Initializing Servlet 'dispatcher'
2026-02-19 19:35:14.241 [Catalina-utility-2] INFO  o.h.c.i.RegionFactoryInitiator - HHH000026: Second-level cache disabled
2026-02-19 19:35:14.251 [Catalina-utility-2] WARN  org.hibernate.orm.deprecation - HHH90000025: PostgreSQLDialect does not need to be specified explicitly using 'hibernate.dialect' (remove the property setting and it will be selected by default)
2026-02-19 19:35:14.286 [Catalina-utility-2] INFO  o.h.e.t.j.p.i.JtaPlatformInitiator - HHH000489: No JTA platform available (set 'hibernate.transaction.jta.platform' to enable JTA platform integration)
2026-02-19 19:35:14.318 [Catalina-utility-2] INFO  o.s.web.servlet.DispatcherServlet - Completed initialization in 131 ms
2026-02-19 19:37:15.531 [Catalina-utility-2] INFO  o.s.web.context.ContextLoader - Root WebApplicationContext: initialization started
2026-02-19 19:37:16.076 [Catalina-utility-2] INFO  org.hibernate.Version - HHH000412: Hibernate ORM core version 6.5.2.Final
2026-02-19 19:37:16.105 [Catalina-utility-2] INFO  o.h.c.i.RegionFactoryInitiator - HHH000026: Second-level cache disabled
2026-02-19 19:37:16.200 [Catalina-utility-2] WARN  org.hibernate.orm.deprecation - HHH90000025: PostgreSQLDialect does not need to be specified explicitly using 'hibernate.dialect' (remove the property setting and it will be selected by default)
2026-02-19 19:37:17.025 [Catalina-utility-2] INFO  o.h.e.t.j.p.i.JtaPlatformInitiator - HHH000489: No JTA platform available (set 'hibernate.transaction.jta.platform' to enable JTA platform integration)
2026-02-19 19:37:17.214 [Catalina-utility-2] INFO  o.s.web.context.ContextLoader - Root WebApplicationContext initialized in 1682 ms
2026-02-19 19:37:17.215 [Catalina-utility-2] INFO  o.s.web.servlet.DispatcherServlet - Initializing Servlet 'dispatcher'
2026-02-19 19:37:17.270 [Catalina-utility-2] INFO  o.h.c.i.RegionFactoryInitiator - HHH000026: Second-level cache disabled
2026-02-19 19:37:17.282 [Catalina-utility-2] WARN  org.hibernate.orm.deprecation - HHH90000025: PostgreSQLDialect does not need to be specified explicitly using 'hibernate.dialect' (remove the property setting and it will be selected by default)
2026-02-19 19:37:17.320 [Catalina-utility-2] INFO  o.h.e.t.j.p.i.JtaPlatformInitiator - HHH000489: No JTA platform available (set 'hibernate.transaction.jta.platform' to enable JTA platform integration)
2026-02-19 19:37:17.376 [Catalina-utility-2] INFO  o.s.web.servlet.DispatcherServlet - Completed initialization in 161 ms
2026-02-19 19:40:48.622 [Catalina-utility-2] INFO  o.s.web.context.ContextLoader - Root WebApplicationContext: initialization started
2026-02-19 19:40:49.375 [Catalina-utility-2] INFO  org.hibernate.Version - HHH000412: Hibernate ORM core version 6.5.2.Final
2026-02-19 19:40:49.404 [Catalina-utility-2] INFO  o.h.c.i.RegionFactoryInitiator - HHH000026: Second-level cache disabled
2026-02-19 19:40:49.491 [Catalina-utility-2] WARN  org.hibernate.orm.deprecation - HHH90000025: PostgreSQLDialect does not need to be specified explicitly using 'hibernate.dialect' (remove the property setting and it will be selected by default)
2026-02-19 19:40:50.204 [Catalina-utility-2] INFO  o.h.e.t.j.p.i.JtaPlatformInitiator - HHH000489: No JTA platform available (set 'hibernate.transaction.jta.platform' to enable JTA platform integration)
2026-02-19 19:40:50.395 [Catalina-utility-2] INFO  o.s.web.context.ContextLoader - Root WebApplicationContext initialized in 1773 ms
2026-02-19 19:40:50.397 [Catalina-utility-2] INFO  o.s.web.servlet.DispatcherServlet - Initializing Servlet 'dispatcher'
2026-02-19 19:40:50.457 [Catalina-utility-2] INFO  o.h.c.i.RegionFactoryInitiator - HHH000026: Second-level cache disabled
2026-02-19 19:40:50.470 [Catalina-utility-2] WARN  org.hibernate.orm.deprecation - HHH90000025: PostgreSQLDialect does not need to be specified explicitly using 'hibernate.dialect' (remove the property setting and it will be selected by default)
2026-02-19 19:40:50.518 [Catalina-utility-2] INFO  o.h.e.t.j.p.i.JtaPlatformInitiator - HHH000489: No JTA platform available (set 'hibernate.transaction.jta.platform' to enable JTA platform integration)
2026-02-19 19:40:50.550 [Catalina-utility-2] INFO  o.s.web.servlet.DispatcherServlet - Completed initialization in 153 ms
2026-02-19 19:47:31.797 [Catalina-utility-1] INFO  o.s.web.context.ContextLoader - Root WebApplicationContext: initialization started
2026-02-19 19:47:32.317 [Catalina-utility-1] INFO  org.hibernate.Version - HHH000412: Hibernate ORM core version 6.5.2.Final
2026-02-19 19:47:32.344 [Catalina-utility-1] INFO  o.h.c.i.RegionFactoryInitiator - HHH000026: Second-level cache disabled
2026-02-19 19:47:32.431 [Catalina-utility-1] WARN  org.hibernate.orm.deprecation - HHH90000025: PostgreSQLDialect does not need to be specified explicitly using 'hibernate.dialect' (remove the property setting and it will be selected by default)
2026-02-19 19:47:33.065 [Catalina-utility-1] INFO  o.h.e.t.j.p.i.JtaPlatformInitiator - HHH000489: No JTA platform available (set 'hibernate.transaction.jta.platform' to enable JTA platform integration)
2026-02-19 19:47:33.237 [Catalina-utility-1] INFO  o.s.web.context.ContextLoader - Root WebApplicationContext initialized in 1440 ms
2026-02-19 19:47:33.239 [Catalina-utility-1] INFO  o.s.web.servlet.DispatcherServlet - Initializing Servlet 'dispatcher'
2026-02-19 19:47:33.310 [Catalina-utility-1] INFO  o.h.c.i.RegionFactoryInitiator - HHH000026: Second-level cache disabled
2026-02-19 19:47:33.324 [Catalina-utility-1] WARN  org.hibernate.orm.deprecation - HHH90000025: PostgreSQLDialect does not need to be specified explicitly using 'hibernate.dialect' (remove the property setting and it will be selected by default)
2026-02-19 19:47:33.359 [Catalina-utility-1] INFO  o.h.e.t.j.p.i.JtaPlatformInitiator - HHH000489: No JTA platform available (set 'hibernate.transaction.jta.platform' to enable JTA platform integration)
2026-02-19 19:47:33.401 [Catalina-utility-1] INFO  o.s.web.servlet.DispatcherServlet - Completed initialization in 162 ms
2026-02-19 19:54:54.869 [Catalina-utility-1] INFO  o.s.web.context.ContextLoader - Root WebApplicationContext: initialization started
2026-02-19 19:54:55.452 [Catalina-utility-1] INFO  org.hibernate.Version - HHH000412: Hibernate ORM core version 6.5.2.Final
2026-02-19 19:54:55.484 [Catalina-utility-1] INFO  o.h.c.i.RegionFactoryInitiator - HHH000026: Second-level cache disabled
2026-02-19 19:54:55.587 [Catalina-utility-1] WARN  org.hibernate.orm.deprecation - HHH90000025: PostgreSQLDialect does not need to be specified explicitly using 'hibernate.dialect' (remove the property setting and it will be selected by default)
2026-02-19 19:54:56.306 [Catalina-utility-1] INFO  o.h.e.t.j.p.i.JtaPlatformInitiator - HHH000489: No JTA platform available (set 'hibernate.transaction.jta.platform' to enable JTA platform integration)
2026-02-19 19:54:56.516 [Catalina-utility-1] INFO  o.s.web.context.ContextLoader - Root WebApplicationContext initialized in 1647 ms
2026-02-19 19:54:56.517 [Catalina-utility-1] INFO  o.s.web.servlet.DispatcherServlet - Initializing Servlet 'dispatcher'
2026-02-19 19:54:56.584 [Catalina-utility-1] INFO  o.h.c.i.RegionFactoryInitiator - HHH000026: Second-level cache disabled
2026-02-19 19:54:56.593 [Catalina-utility-1] WARN  org.hibernate.orm.deprecation - HHH90000025: PostgreSQLDialect does not need to be specified explicitly using 'hibernate.dialect' (remove the property setting and it will be selected by default)
2026-02-19 19:54:56.630 [Catalina-utility-1] INFO  o.h.e.t.j.p.i.JtaPlatformInitiator - HHH000489: No JTA platform available (set 'hibernate.transaction.jta.platform' to enable JTA platform integration)
2026-02-19 19:54:56.667 [Catalina-utility-1] INFO  o.s.web.servlet.DispatcherServlet - Completed initialization in 150 ms
2026-02-19 19:55:50.655 [http-nio-8080-exec-81] ERROR b.s.h.e.GlobalExceptionHandler - Непредвиденная ошибка: 
org.hibernate.HibernateException: Could not obtain transaction-synchronized Session for current thread
	at org.springframework.orm.hibernate5.SpringSessionContext.currentSession(SpringSessionContext.java:140)
	at org.hibernate.internal.SessionFactoryImpl.getCurrentSession(SessionFactoryImpl.java:656)
	at by.slava_borisov.hoteladmin.dao.hibernate.RoomDaoHibernate.session(RoomDaoHibernate.java:29)
	at by.slava_borisov.hoteladmin.dao.hibernate.RoomDaoHibernate.findById(RoomDaoHibernate.java:91)
	at by.slava_borisov.hoteladmin.dao.hibernate.RoomDaoHibernate.findById(RoomDaoHibernate.java:21)
	at by.slava_borisov.hoteladmin.service.HotelFacade.findRoomById(HotelFacade.java:84)
	at java.base/jdk.internal.reflect.DirectMethodHandleAccessor.invoke(DirectMethodHandleAccessor.java:103)
	at java.base/java.lang.reflect.Method.invoke(Method.java:580)
	at org.springframework.aop.support.AopUtils.invokeJoinpointUsingReflection(AopUtils.java:354)
	at org.springframework.aop.framework.CglibAopProxy$DynamicAdvisedInterceptor.intercept(CglibAopProxy.java:716)
	at by.slava_borisov.hoteladmin.service.HotelFacade$$SpringCGLIB$$0.findRoomById(<generated>)
	at by.slava_borisov.hoteladmin.controller.rest.RoomRestController.getRoomById(RoomRestController.java:45)
	at java.base/jdk.internal.reflect.DirectMethodHandleAccessor.invoke(DirectMethodHandleAccessor.java:103)
	at java.base/java.lang.reflect.Method.invoke(Method.java:580)
	at org.springframework.web.method.support.InvocableHandlerMethod.doInvoke(InvocableHandlerMethod.java:255)
	at org.springframework.web.method.support.InvocableHandlerMethod.invokeForRequest(InvocableHandlerMethod.java:188)
	at org.springframework.web.servlet.mvc.method.annotation.ServletInvocableHandlerMethod.invokeAndHandle(ServletInvocableHandlerMethod.java:118)
	at org.springframework.web.servlet.mvc.method.annotation.RequestMappingHandlerAdapter.invokeHandlerMethod(RequestMappingHandlerAdapter.java:926)
	at org.springframework.web.servlet.mvc.method.annotation.RequestMappingHandlerAdapter.handleInternal(RequestMappingHandlerAdapter.java:831)
	at org.springframework.web.servlet.mvc.method.AbstractHandlerMethodAdapter.handle(AbstractHandlerMethodAdapter.java:87)
	at org.springframework.web.servlet.DispatcherServlet.doDispatch(DispatcherServlet.java:1089)
	at org.springframework.web.servlet.DispatcherServlet.doService(DispatcherServlet.java:979)
	at org.springframework.web.servlet.FrameworkServlet.processRequest(FrameworkServlet.java:1014)
	at org.springframework.web.servlet.FrameworkServlet.doGet(FrameworkServlet.java:903)
	at jakarta.servlet.http.HttpServlet.service(HttpServlet.java:622)
	at org.springframework.web.servlet.FrameworkServlet.service(FrameworkServlet.java:885)
	at jakarta.servlet.http.HttpServlet.service(HttpServlet.java:710)
	at org.apache.catalina.core.ApplicationFilterChain.doFilter(ApplicationFilterChain.java:128)
	at org.apache.tomcat.websocket.server.WsFilter.doFilter(WsFilter.java:53)
	at org.apache.catalina.core.ApplicationFilterChain.doFilter(ApplicationFilterChain.java:107)
	at org.apache.catalina.core.StandardWrapperValve.invoke(StandardWrapperValve.java:165)
	at org.apache.catalina.core.StandardContextValve.invoke(StandardContextValve.java:77)
	at org.apache.catalina.authenticator.AuthenticatorBase.invoke(AuthenticatorBase.java:482)
	at org.apache.catalina.core.StandardHostValve.invoke(StandardHostValve.java:113)
	at org.apache.catalina.valves.ErrorReportValve.invoke(ErrorReportValve.java:83)
	at org.apache.catalina.valves.AbstractAccessLogValve.invoke(AbstractAccessLogValve.java:654)
	at org.apache.catalina.core.StandardEngineValve.invoke(StandardEngineValve.java:72)
	at org.apache.catalina.connector.CoyoteAdapter.service(CoyoteAdapter.java:341)
	at org.apache.coyote.http11.Http11Processor.service(Http11Processor.java:397)
	at org.apache.coyote.AbstractProcessorLight.process(AbstractProcessorLight.java:63)
	at org.apache.coyote.AbstractProtocol$ConnectionHandler.process(AbstractProtocol.java:903)
	at org.apache.tomcat.util.net.NioEndpoint$SocketProcessor.doRun(NioEndpoint.java:1778)
	at org.apache.tomcat.util.net.SocketProcessorBase.run(SocketProcessorBase.java:52)
	at org.apache.tomcat.util.threads.ThreadPoolExecutor.runWorker(ThreadPoolExecutor.java:946)
	at org.apache.tomcat.util.threads.ThreadPoolExecutor$Worker.run(ThreadPoolExecutor.java:480)
	at org.apache.tomcat.util.threads.TaskThread$WrappingRunnable.run(TaskThread.java:57)
	at java.base/java.lang.Thread.run(Thread.java:1575)
2026-02-19 19:56:04.885 [http-nio-8080-exec-85] ERROR b.s.h.e.GlobalExceptionHandler - Непредвиденная ошибка: 
org.hibernate.HibernateException: Could not obtain transaction-synchronized Session for current thread
	at org.springframework.orm.hibernate5.SpringSessionContext.currentSession(SpringSessionContext.java:140)
	at org.hibernate.internal.SessionFactoryImpl.getCurrentSession(SessionFactoryImpl.java:656)
	at by.slava_borisov.hoteladmin.dao.hibernate.RoomDaoHibernate.session(RoomDaoHibernate.java:29)
	at by.slava_borisov.hoteladmin.dao.hibernate.RoomDaoHibernate.findByNumber(RoomDaoHibernate.java:34)
	at by.slava_borisov.hoteladmin.service.HotelFacade.findRoomByNumber(HotelFacade.java:89)
	at java.base/jdk.internal.reflect.DirectMethodHandleAccessor.invoke(DirectMethodHandleAccessor.java:103)
	at java.base/java.lang.reflect.Method.invoke(Method.java:580)
	at org.springframework.aop.support.AopUtils.invokeJoinpointUsingReflection(AopUtils.java:354)
	at org.springframework.aop.framework.CglibAopProxy$DynamicAdvisedInterceptor.intercept(CglibAopProxy.java:716)
	at by.slava_borisov.hoteladmin.service.HotelFacade$$SpringCGLIB$$0.findRoomByNumber(<generated>)
	at by.slava_borisov.hoteladmin.controller.rest.RoomRestController.getRoomByNumber(RoomRestController.java:53)
	at java.base/jdk.internal.reflect.DirectMethodHandleAccessor.invoke(DirectMethodHandleAccessor.java:103)
	at java.base/java.lang.reflect.Method.invoke(Method.java:580)
	at org.springframework.web.method.support.InvocableHandlerMethod.doInvoke(InvocableHandlerMethod.java:255)
	at org.springframework.web.method.support.InvocableHandlerMethod.invokeForRequest(InvocableHandlerMethod.java:188)
	at org.springframework.web.servlet.mvc.method.annotation.ServletInvocableHandlerMethod.invokeAndHandle(ServletInvocableHandlerMethod.java:118)
	at org.springframework.web.servlet.mvc.method.annotation.RequestMappingHandlerAdapter.invokeHandlerMethod(RequestMappingHandlerAdapter.java:926)
	at org.springframework.web.servlet.mvc.method.annotation.RequestMappingHandlerAdapter.handleInternal(RequestMappingHandlerAdapter.java:831)
	at org.springframework.web.servlet.mvc.method.AbstractHandlerMethodAdapter.handle(AbstractHandlerMethodAdapter.java:87)
	at org.springframework.web.servlet.DispatcherServlet.doDispatch(DispatcherServlet.java:1089)
	at org.springframework.web.servlet.DispatcherServlet.doService(DispatcherServlet.java:979)
	at org.springframework.web.servlet.FrameworkServlet.processRequest(FrameworkServlet.java:1014)
	at org.springframework.web.servlet.FrameworkServlet.doGet(FrameworkServlet.java:903)
	at jakarta.servlet.http.HttpServlet.service(HttpServlet.java:622)
	at org.springframework.web.servlet.FrameworkServlet.service(FrameworkServlet.java:885)
	at jakarta.servlet.http.HttpServlet.service(HttpServlet.java:710)
	at org.apache.catalina.core.ApplicationFilterChain.doFilter(ApplicationFilterChain.java:128)
	at org.apache.tomcat.websocket.server.WsFilter.doFilter(WsFilter.java:53)
	at org.apache.catalina.core.ApplicationFilterChain.doFilter(ApplicationFilterChain.java:107)
	at org.apache.catalina.core.StandardWrapperValve.invoke(StandardWrapperValve.java:165)
	at org.apache.catalina.core.StandardContextValve.invoke(StandardContextValve.java:77)
	at org.apache.catalina.authenticator.AuthenticatorBase.invoke(AuthenticatorBase.java:482)
	at org.apache.catalina.core.StandardHostValve.invoke(StandardHostValve.java:113)
	at org.apache.catalina.valves.ErrorReportValve.invoke(ErrorReportValve.java:83)
	at org.apache.catalina.valves.AbstractAccessLogValve.invoke(AbstractAccessLogValve.java:654)
	at org.apache.catalina.core.StandardEngineValve.invoke(StandardEngineValve.java:72)
	at org.apache.catalina.connector.CoyoteAdapter.service(CoyoteAdapter.java:341)
	at org.apache.coyote.http11.Http11Processor.service(Http11Processor.java:397)
	at org.apache.coyote.AbstractProcessorLight.process(AbstractProcessorLight.java:63)
	at org.apache.coyote.AbstractProtocol$ConnectionHandler.process(AbstractProtocol.java:903)
	at org.apache.tomcat.util.net.NioEndpoint$SocketProcessor.doRun(NioEndpoint.java:1778)
	at org.apache.tomcat.util.net.SocketProcessorBase.run(SocketProcessorBase.java:52)
	at org.apache.tomcat.util.threads.ThreadPoolExecutor.runWorker(ThreadPoolExecutor.java:946)
	at org.apache.tomcat.util.threads.ThreadPoolExecutor$Worker.run(ThreadPoolExecutor.java:480)
	at org.apache.tomcat.util.threads.TaskThread$WrappingRunnable.run(TaskThread.java:57)
	at java.base/java.lang.Thread.run(Thread.java:1575)
2026-02-19 19:56:20.678 [http-nio-8080-exec-78] ERROR b.s.h.e.GlobalExceptionHandler - Непредвиденная ошибка: 
org.hibernate.HibernateException: Could not obtain transaction-synchronized Session for current thread
	at org.springframework.orm.hibernate5.SpringSessionContext.currentSession(SpringSessionContext.java:140)
	at org.hibernate.internal.SessionFactoryImpl.getCurrentSession(SessionFactoryImpl.java:656)
	at by.slava_borisov.hoteladmin.dao.hibernate.RoomDaoHibernate.session(RoomDaoHibernate.java:29)
	at by.slava_borisov.hoteladmin.dao.hibernate.RoomDaoHibernate.findById(RoomDaoHibernate.java:91)
	at by.slava_borisov.hoteladmin.dao.hibernate.RoomDaoHibernate.findById(RoomDaoHibernate.java:21)
	at by.slava_borisov.hoteladmin.service.HotelFacade.findRoomById(HotelFacade.java:84)
	at java.base/jdk.internal.reflect.DirectMethodHandleAccessor.invoke(DirectMethodHandleAccessor.java:103)
	at java.base/java.lang.reflect.Method.invoke(Method.java:580)
	at org.springframework.aop.support.AopUtils.invokeJoinpointUsingReflection(AopUtils.java:354)
	at org.springframework.aop.framework.CglibAopProxy$DynamicAdvisedInterceptor.intercept(CglibAopProxy.java:716)
	at by.slava_borisov.hoteladmin.service.HotelFacade$$SpringCGLIB$$0.findRoomById(<generated>)
	at by.slava_borisov.hoteladmin.controller.rest.RoomRestController.getRoomById(RoomRestController.java:45)
	at java.base/jdk.internal.reflect.DirectMethodHandleAccessor.invoke(DirectMethodHandleAccessor.java:103)
	at java.base/java.lang.reflect.Method.invoke(Method.java:580)
	at org.springframework.web.method.support.InvocableHandlerMethod.doInvoke(InvocableHandlerMethod.java:255)
	at org.springframework.web.method.support.InvocableHandlerMethod.invokeForRequest(InvocableHandlerMethod.java:188)
	at org.springframework.web.servlet.mvc.method.annotation.ServletInvocableHandlerMethod.invokeAndHandle(ServletInvocableHandlerMethod.java:118)
	at org.springframework.web.servlet.mvc.method.annotation.RequestMappingHandlerAdapter.invokeHandlerMethod(RequestMappingHandlerAdapter.java:926)
	at org.springframework.web.servlet.mvc.method.annotation.RequestMappingHandlerAdapter.handleInternal(RequestMappingHandlerAdapter.java:831)
	at org.springframework.web.servlet.mvc.method.AbstractHandlerMethodAdapter.handle(AbstractHandlerMethodAdapter.java:87)
	at org.springframework.web.servlet.DispatcherServlet.doDispatch(DispatcherServlet.java:1089)
	at org.springframework.web.servlet.DispatcherServlet.doService(DispatcherServlet.java:979)
	at org.springframework.web.servlet.FrameworkServlet.processRequest(FrameworkServlet.java:1014)
	at org.springframework.web.servlet.FrameworkServlet.doGet(FrameworkServlet.java:903)
	at jakarta.servlet.http.HttpServlet.service(HttpServlet.java:622)
	at org.springframework.web.servlet.FrameworkServlet.service(FrameworkServlet.java:885)
	at jakarta.servlet.http.HttpServlet.service(HttpServlet.java:710)
	at org.apache.catalina.core.ApplicationFilterChain.doFilter(ApplicationFilterChain.java:128)
	at org.apache.tomcat.websocket.server.WsFilter.doFilter(WsFilter.java:53)
	at org.apache.catalina.core.ApplicationFilterChain.doFilter(ApplicationFilterChain.java:107)
	at org.apache.catalina.core.StandardWrapperValve.invoke(StandardWrapperValve.java:165)
	at org.apache.catalina.core.StandardContextValve.invoke(StandardContextValve.java:77)
	at org.apache.catalina.authenticator.AuthenticatorBase.invoke(AuthenticatorBase.java:482)
	at org.apache.catalina.core.StandardHostValve.invoke(StandardHostValve.java:113)
	at org.apache.catalina.valves.ErrorReportValve.invoke(ErrorReportValve.java:83)
	at org.apache.catalina.valves.AbstractAccessLogValve.invoke(AbstractAccessLogValve.java:654)
	at org.apache.catalina.core.StandardEngineValve.invoke(StandardEngineValve.java:72)
	at org.apache.catalina.connector.CoyoteAdapter.service(CoyoteAdapter.java:341)
	at org.apache.coyote.http11.Http11Processor.service(Http11Processor.java:397)
	at org.apache.coyote.AbstractProcessorLight.process(AbstractProcessorLight.java:63)
	at org.apache.coyote.AbstractProtocol$ConnectionHandler.process(AbstractProtocol.java:903)
	at org.apache.tomcat.util.net.NioEndpoint$SocketProcessor.doRun(NioEndpoint.java:1778)
	at org.apache.tomcat.util.net.SocketProcessorBase.run(SocketProcessorBase.java:52)
	at org.apache.tomcat.util.threads.ThreadPoolExecutor.runWorker(ThreadPoolExecutor.java:946)
	at org.apache.tomcat.util.threads.ThreadPoolExecutor$Worker.run(ThreadPoolExecutor.java:480)
	at org.apache.tomcat.util.threads.TaskThread$WrappingRunnable.run(TaskThread.java:57)
	at java.base/java.lang.Thread.run(Thread.java:1575)
2026-02-19 19:57:37.453 [http-nio-8080-exec-86] ERROR b.s.h.e.GlobalExceptionHandler - Непредвиденная ошибка: 
org.hibernate.HibernateException: Could not obtain transaction-synchronized Session for current thread
	at org.springframework.orm.hibernate5.SpringSessionContext.currentSession(SpringSessionContext.java:140)
	at org.hibernate.internal.SessionFactoryImpl.getCurrentSession(SessionFactoryImpl.java:656)
	at by.slava_borisov.hoteladmin.dao.hibernate.RoomDaoHibernate.session(RoomDaoHibernate.java:29)
	at by.slava_borisov.hoteladmin.dao.hibernate.RoomDaoHibernate.findById(RoomDaoHibernate.java:91)
	at by.slava_borisov.hoteladmin.dao.hibernate.RoomDaoHibernate.findById(RoomDaoHibernate.java:21)
	at by.slava_borisov.hoteladmin.service.HotelFacade.findRoomById(HotelFacade.java:84)
	at java.base/jdk.internal.reflect.DirectMethodHandleAccessor.invoke(DirectMethodHandleAccessor.java:103)
	at java.base/java.lang.reflect.Method.invoke(Method.java:580)
	at org.springframework.aop.support.AopUtils.invokeJoinpointUsingReflection(AopUtils.java:354)
	at org.springframework.aop.framework.CglibAopProxy$DynamicAdvisedInterceptor.intercept(CglibAopProxy.java:716)
	at by.slava_borisov.hoteladmin.service.HotelFacade$$SpringCGLIB$$0.findRoomById(<generated>)
	at by.slava_borisov.hoteladmin.controller.rest.RoomRestController.getRoomById(RoomRestController.java:45)
	at java.base/jdk.internal.reflect.DirectMethodHandleAccessor.invoke(DirectMethodHandleAccessor.java:103)
	at java.base/java.lang.reflect.Method.invoke(Method.java:580)
	at org.springframework.web.method.support.InvocableHandlerMethod.doInvoke(InvocableHandlerMethod.java:255)
	at org.springframework.web.method.support.InvocableHandlerMethod.invokeForRequest(InvocableHandlerMethod.java:188)
	at org.springframework.web.servlet.mvc.method.annotation.ServletInvocableHandlerMethod.invokeAndHandle(ServletInvocableHandlerMethod.java:118)
	at org.springframework.web.servlet.mvc.method.annotation.RequestMappingHandlerAdapter.invokeHandlerMethod(RequestMappingHandlerAdapter.java:926)
	at org.springframework.web.servlet.mvc.method.annotation.RequestMappingHandlerAdapter.handleInternal(RequestMappingHandlerAdapter.java:831)
	at org.springframework.web.servlet.mvc.method.AbstractHandlerMethodAdapter.handle(AbstractHandlerMethodAdapter.java:87)
	at org.springframework.web.servlet.DispatcherServlet.doDispatch(DispatcherServlet.java:1089)
	at org.springframework.web.servlet.DispatcherServlet.doService(DispatcherServlet.java:979)
	at org.springframework.web.servlet.FrameworkServlet.processRequest(FrameworkServlet.java:1014)
	at org.springframework.web.servlet.FrameworkServlet.doGet(FrameworkServlet.java:903)
	at jakarta.servlet.http.HttpServlet.service(HttpServlet.java:622)
	at org.springframework.web.servlet.FrameworkServlet.service(FrameworkServlet.java:885)
	at jakarta.servlet.http.HttpServlet.service(HttpServlet.java:710)
	at org.apache.catalina.core.ApplicationFilterChain.doFilter(ApplicationFilterChain.java:128)
	at org.apache.tomcat.websocket.server.WsFilter.doFilter(WsFilter.java:53)
	at org.apache.catalina.core.ApplicationFilterChain.doFilter(ApplicationFilterChain.java:107)
	at org.apache.catalina.core.StandardWrapperValve.invoke(StandardWrapperValve.java:165)
	at org.apache.catalina.core.StandardContextValve.invoke(StandardContextValve.java:77)
	at org.apache.catalina.authenticator.AuthenticatorBase.invoke(AuthenticatorBase.java:482)
	at org.apache.catalina.core.StandardHostValve.invoke(StandardHostValve.java:113)
	at org.apache.catalina.valves.ErrorReportValve.invoke(ErrorReportValve.java:83)
	at org.apache.catalina.valves.AbstractAccessLogValve.invoke(AbstractAccessLogValve.java:654)
	at org.apache.catalina.core.StandardEngineValve.invoke(StandardEngineValve.java:72)
	at org.apache.catalina.connector.CoyoteAdapter.service(CoyoteAdapter.java:341)
	at org.apache.coyote.http11.Http11Processor.service(Http11Processor.java:397)
	at org.apache.coyote.AbstractProcessorLight.process(AbstractProcessorLight.java:63)
	at org.apache.coyote.AbstractProtocol$ConnectionHandler.process(AbstractProtocol.java:903)
	at org.apache.tomcat.util.net.NioEndpoint$SocketProcessor.doRun(NioEndpoint.java:1778)
	at org.apache.tomcat.util.net.SocketProcessorBase.run(SocketProcessorBase.java:52)
	at org.apache.tomcat.util.threads.ThreadPoolExecutor.runWorker(ThreadPoolExecutor.java:946)
	at org.apache.tomcat.util.threads.ThreadPoolExecutor$Worker.run(ThreadPoolExecutor.java:480)
	at org.apache.tomcat.util.threads.TaskThread$WrappingRunnable.run(TaskThread.java:57)
	at java.base/java.lang.Thread.run(Thread.java:1575)
2026-02-19 19:57:48.043 [Catalina-utility-1] INFO  o.s.web.context.ContextLoader - Root WebApplicationContext: initialization started
2026-02-19 19:57:48.045 [http-nio-8080-exec-88] WARN  o.s.web.servlet.PageNotFound - No mapping for GET /hoteladmin/api/rooms
2026-02-19 19:57:48.047 [http-nio-8080-exec-88] ERROR b.s.h.e.GlobalExceptionHandler - Непредвиденная ошибка: 
org.springframework.web.servlet.NoHandlerFoundException: No endpoint GET /hoteladmin/api/rooms.
	at org.springframework.web.servlet.DispatcherServlet.noHandlerFound(DispatcherServlet.java:1177)
	at org.springframework.web.servlet.DispatcherServlet.doDispatch(DispatcherServlet.java:953)
	at org.springframework.web.servlet.DispatcherServlet.doService(DispatcherServlet.java:866)
	at org.springframework.web.servlet.FrameworkServlet.processRequest(FrameworkServlet.java:1003)
	at org.springframework.web.servlet.FrameworkServlet.doGet(FrameworkServlet.java:892)
	at jakarta.servlet.http.HttpServlet.service(HttpServlet.java:622)
	at org.springframework.web.servlet.FrameworkServlet.service(FrameworkServlet.java:874)
	at jakarta.servlet.http.HttpServlet.service(HttpServlet.java:710)
	at org.apache.catalina.core.ApplicationFilterChain.doFilter(ApplicationFilterChain.java:128)
	at org.apache.tomcat.websocket.server.WsFilter.doFilter(WsFilter.java:53)
	at org.apache.catalina.core.ApplicationFilterChain.doFilter(ApplicationFilterChain.java:107)
	at org.apache.catalina.core.StandardWrapperValve.invoke(StandardWrapperValve.java:165)
	at org.apache.catalina.core.StandardContextValve.invoke(StandardContextValve.java:77)
	at org.apache.catalina.authenticator.AuthenticatorBase.invoke(AuthenticatorBase.java:482)
	at org.apache.catalina.core.StandardHostValve.invoke(StandardHostValve.java:113)
	at org.apache.catalina.valves.ErrorReportValve.invoke(ErrorReportValve.java:83)
	at org.apache.catalina.valves.AbstractAccessLogValve.invoke(AbstractAccessLogValve.java:654)
	at org.apache.catalina.core.StandardEngineValve.invoke(StandardEngineValve.java:72)
	at org.apache.catalina.connector.CoyoteAdapter.service(CoyoteAdapter.java:341)
	at org.apache.coyote.http11.Http11Processor.service(Http11Processor.java:397)
	at org.apache.coyote.AbstractProcessorLight.process(AbstractProcessorLight.java:63)
	at org.apache.coyote.AbstractProtocol$ConnectionHandler.process(AbstractProtocol.java:903)
	at org.apache.tomcat.util.net.NioEndpoint$SocketProcessor.doRun(NioEndpoint.java:1778)
	at org.apache.tomcat.util.net.SocketProcessorBase.run(SocketProcessorBase.java:52)
	at org.apache.tomcat.util.threads.ThreadPoolExecutor.runWorker(ThreadPoolExecutor.java:946)
	at org.apache.tomcat.util.threads.ThreadPoolExecutor$Worker.run(ThreadPoolExecutor.java:480)
	at org.apache.tomcat.util.threads.TaskThread$WrappingRunnable.run(TaskThread.java:57)
	at java.base/java.lang.Thread.run(Thread.java:1575)
2026-02-19 19:57:48.924 [Catalina-utility-1] INFO  org.hibernate.Version - HHH000412: Hibernate ORM core version 6.5.2.Final
2026-02-19 19:57:48.954 [Catalina-utility-1] INFO  o.h.c.i.RegionFactoryInitiator - HHH000026: Second-level cache disabled
2026-02-19 19:57:49.043 [Catalina-utility-1] WARN  org.hibernate.orm.deprecation - HHH90000025: PostgreSQLDialect does not need to be specified explicitly using 'hibernate.dialect' (remove the property setting and it will be selected by default)
2026-02-19 19:57:49.801 [Catalina-utility-1] INFO  o.h.e.t.j.p.i.JtaPlatformInitiator - HHH000489: No JTA platform available (set 'hibernate.transaction.jta.platform' to enable JTA platform integration)
2026-02-19 19:57:49.990 [Catalina-utility-1] INFO  o.s.web.context.ContextLoader - Root WebApplicationContext initialized in 1945 ms
2026-02-19 19:57:49.991 [Catalina-utility-1] INFO  o.s.web.servlet.DispatcherServlet - Initializing Servlet 'dispatcher'
2026-02-19 19:57:50.053 [Catalina-utility-1] INFO  o.h.c.i.RegionFactoryInitiator - HHH000026: Second-level cache disabled
2026-02-19 19:57:50.065 [Catalina-utility-1] WARN  org.hibernate.orm.deprecation - HHH90000025: PostgreSQLDialect does not need to be specified explicitly using 'hibernate.dialect' (remove the property setting and it will be selected by default)
2026-02-19 19:57:50.101 [Catalina-utility-1] INFO  o.h.e.t.j.p.i.JtaPlatformInitiator - HHH000489: No JTA platform available (set 'hibernate.transaction.jta.platform' to enable JTA platform integration)
2026-02-19 19:57:50.138 [Catalina-utility-1] INFO  o.s.web.servlet.DispatcherServlet - Completed initialization in 147 ms
2026-02-19 19:58:55.273 [http-nio-8080-exec-94] ERROR b.s.h.e.GlobalExceptionHandler - Непредвиденная ошибка: 
org.hibernate.HibernateException: Could not obtain transaction-synchronized Session for current thread
	at org.springframework.orm.hibernate5.SpringSessionContext.currentSession(SpringSessionContext.java:140)
	at org.hibernate.internal.SessionFactoryImpl.getCurrentSession(SessionFactoryImpl.java:656)
	at by.slava_borisov.hoteladmin.dao.hibernate.RoomDaoHibernate.session(RoomDaoHibernate.java:29)
	at by.slava_borisov.hoteladmin.dao.hibernate.RoomDaoHibernate.findById(RoomDaoHibernate.java:91)
	at by.slava_borisov.hoteladmin.dao.hibernate.RoomDaoHibernate.findById(RoomDaoHibernate.java:21)
	at by.slava_borisov.hoteladmin.service.HotelFacade.findRoomById(HotelFacade.java:84)
	at java.base/jdk.internal.reflect.DirectMethodHandleAccessor.invoke(DirectMethodHandleAccessor.java:103)
	at java.base/java.lang.reflect.Method.invoke(Method.java:580)
	at org.springframework.aop.support.AopUtils.invokeJoinpointUsingReflection(AopUtils.java:354)
	at org.springframework.aop.framework.CglibAopProxy$DynamicAdvisedInterceptor.intercept(CglibAopProxy.java:716)
	at by.slava_borisov.hoteladmin.service.HotelFacade$$SpringCGLIB$$0.findRoomById(<generated>)
	at by.slava_borisov.hoteladmin.controller.rest.RoomRestController.getRoomById(RoomRestController.java:45)
	at java.base/jdk.internal.reflect.DirectMethodHandleAccessor.invoke(DirectMethodHandleAccessor.java:103)
	at java.base/java.lang.reflect.Method.invoke(Method.java:580)
	at org.springframework.web.method.support.InvocableHandlerMethod.doInvoke(InvocableHandlerMethod.java:255)
	at org.springframework.web.method.support.InvocableHandlerMethod.invokeForRequest(InvocableHandlerMethod.java:188)
	at org.springframework.web.servlet.mvc.method.annotation.ServletInvocableHandlerMethod.invokeAndHandle(ServletInvocableHandlerMethod.java:118)
	at org.springframework.web.servlet.mvc.method.annotation.RequestMappingHandlerAdapter.invokeHandlerMethod(RequestMappingHandlerAdapter.java:926)
	at org.springframework.web.servlet.mvc.method.annotation.RequestMappingHandlerAdapter.handleInternal(RequestMappingHandlerAdapter.java:831)
	at org.springframework.web.servlet.mvc.method.AbstractHandlerMethodAdapter.handle(AbstractHandlerMethodAdapter.java:87)
	at org.springframework.web.servlet.DispatcherServlet.doDispatch(DispatcherServlet.java:1089)
	at org.springframework.web.servlet.DispatcherServlet.doService(DispatcherServlet.java:979)
	at org.springframework.web.servlet.FrameworkServlet.processRequest(FrameworkServlet.java:1014)
	at org.springframework.web.servlet.FrameworkServlet.doGet(FrameworkServlet.java:903)
	at jakarta.servlet.http.HttpServlet.service(HttpServlet.java:622)
	at org.springframework.web.servlet.FrameworkServlet.service(FrameworkServlet.java:885)
	at jakarta.servlet.http.HttpServlet.service(HttpServlet.java:710)
	at org.apache.catalina.core.ApplicationFilterChain.doFilter(ApplicationFilterChain.java:128)
	at org.apache.tomcat.websocket.server.WsFilter.doFilter(WsFilter.java:53)
	at org.apache.catalina.core.ApplicationFilterChain.doFilter(ApplicationFilterChain.java:107)
	at org.apache.catalina.core.StandardWrapperValve.invoke(StandardWrapperValve.java:165)
	at org.apache.catalina.core.StandardContextValve.invoke(StandardContextValve.java:77)
	at org.apache.catalina.authenticator.AuthenticatorBase.invoke(AuthenticatorBase.java:482)
	at org.apache.catalina.core.StandardHostValve.invoke(StandardHostValve.java:113)
	at org.apache.catalina.valves.ErrorReportValve.invoke(ErrorReportValve.java:83)
	at org.apache.catalina.valves.AbstractAccessLogValve.invoke(AbstractAccessLogValve.java:654)
	at org.apache.catalina.core.StandardEngineValve.invoke(StandardEngineValve.java:72)
	at org.apache.catalina.connector.CoyoteAdapter.service(CoyoteAdapter.java:341)
	at org.apache.coyote.http11.Http11Processor.service(Http11Processor.java:397)
	at org.apache.coyote.AbstractProcessorLight.process(AbstractProcessorLight.java:63)
	at org.apache.coyote.AbstractProtocol$ConnectionHandler.process(AbstractProtocol.java:903)
	at org.apache.tomcat.util.net.NioEndpoint$SocketProcessor.doRun(NioEndpoint.java:1778)
	at org.apache.tomcat.util.net.SocketProcessorBase.run(SocketProcessorBase.java:52)
	at org.apache.tomcat.util.threads.ThreadPoolExecutor.runWorker(ThreadPoolExecutor.java:946)
	at org.apache.tomcat.util.threads.ThreadPoolExecutor$Worker.run(ThreadPoolExecutor.java:480)
	at org.apache.tomcat.util.threads.TaskThread$WrappingRunnable.run(TaskThread.java:57)
	at java.base/java.lang.Thread.run(Thread.java:1575)
2026-02-19 19:59:01.698 [Catalina-utility-2] INFO  o.s.web.context.ContextLoader - Root WebApplicationContext: initialization started
2026-02-19 19:59:02.260 [Catalina-utility-2] INFO  org.hibernate.Version - HHH000412: Hibernate ORM core version 6.5.2.Final
2026-02-19 19:59:02.290 [Catalina-utility-2] INFO  o.h.c.i.RegionFactoryInitiator - HHH000026: Second-level cache disabled
2026-02-19 19:59:02.383 [Catalina-utility-2] WARN  org.hibernate.orm.deprecation - HHH90000025: PostgreSQLDialect does not need to be specified explicitly using 'hibernate.dialect' (remove the property setting and it will be selected by default)
2026-02-19 19:59:03.093 [Catalina-utility-2] INFO  o.h.e.t.j.p.i.JtaPlatformInitiator - HHH000489: No JTA platform available (set 'hibernate.transaction.jta.platform' to enable JTA platform integration)
2026-02-19 19:59:03.323 [Catalina-utility-2] INFO  o.s.web.context.ContextLoader - Root WebApplicationContext initialized in 1625 ms
2026-02-19 19:59:03.324 [Catalina-utility-2] INFO  o.s.web.servlet.DispatcherServlet - Initializing Servlet 'dispatcher'
2026-02-19 19:59:03.455 [Catalina-utility-2] INFO  o.h.c.i.RegionFactoryInitiator - HHH000026: Second-level cache disabled
2026-02-19 19:59:03.488 [Catalina-utility-2] WARN  org.hibernate.orm.deprecation - HHH90000025: PostgreSQLDialect does not need to be specified explicitly using 'hibernate.dialect' (remove the property setting and it will be selected by default)
2026-02-19 19:59:03.572 [Catalina-utility-2] INFO  o.h.e.t.j.p.i.JtaPlatformInitiator - HHH000489: No JTA platform available (set 'hibernate.transaction.jta.platform' to enable JTA platform integration)
2026-02-19 19:59:03.611 [Catalina-utility-2] INFO  o.s.web.servlet.DispatcherServlet - Completed initialization in 287 ms
2026-02-19 20:04:55.086 [Catalina-utility-1] INFO  o.s.web.context.ContextLoader - Root WebApplicationContext: initialization started
2026-02-19 20:04:55.592 [Catalina-utility-1] INFO  org.hibernate.Version - HHH000412: Hibernate ORM core version 6.5.2.Final
2026-02-19 20:04:55.618 [Catalina-utility-1] INFO  o.h.c.i.RegionFactoryInitiator - HHH000026: Second-level cache disabled
2026-02-19 20:04:55.702 [Catalina-utility-1] WARN  org.hibernate.orm.deprecation - HHH90000025: PostgreSQLDialect does not need to be specified explicitly using 'hibernate.dialect' (remove the property setting and it will be selected by default)
2026-02-19 20:04:56.397 [Catalina-utility-1] INFO  o.h.e.t.j.p.i.JtaPlatformInitiator - HHH000489: No JTA platform available (set 'hibernate.transaction.jta.platform' to enable JTA platform integration)
2026-02-19 20:04:56.608 [Catalina-utility-1] INFO  o.s.web.context.ContextLoader - Root WebApplicationContext initialized in 1522 ms
2026-02-19 20:04:56.609 [Catalina-utility-1] INFO  o.s.web.servlet.DispatcherServlet - Initializing Servlet 'dispatcher'
2026-02-19 20:04:56.674 [Catalina-utility-1] INFO  o.h.c.i.RegionFactoryInitiator - HHH000026: Second-level cache disabled
2026-02-19 20:04:56.685 [Catalina-utility-1] WARN  org.hibernate.orm.deprecation - HHH90000025: PostgreSQLDialect does not need to be specified explicitly using 'hibernate.dialect' (remove the property setting and it will be selected by default)
2026-02-19 20:04:56.721 [Catalina-utility-1] INFO  o.h.e.t.j.p.i.JtaPlatformInitiator - HHH000489: No JTA platform available (set 'hibernate.transaction.jta.platform' to enable JTA platform integration)
2026-02-19 20:04:56.765 [Catalina-utility-1] INFO  o.s.web.servlet.DispatcherServlet - Completed initialization in 156 ms
2026-02-19 20:10:58.266 [Catalina-utility-1] INFO  o.s.web.context.ContextLoader - Root WebApplicationContext: initialization started
2026-02-19 20:10:58.770 [Catalina-utility-1] INFO  org.hibernate.Version - HHH000412: Hibernate ORM core version 6.5.2.Final
2026-02-19 20:10:58.797 [Catalina-utility-1] INFO  o.h.c.i.RegionFactoryInitiator - HHH000026: Second-level cache disabled
2026-02-19 20:10:58.882 [Catalina-utility-1] WARN  org.hibernate.orm.deprecation - HHH90000025: PostgreSQLDialect does not need to be specified explicitly using 'hibernate.dialect' (remove the property setting and it will be selected by default)
2026-02-19 20:10:59.530 [Catalina-utility-1] INFO  o.h.e.t.j.p.i.JtaPlatformInitiator - HHH000489: No JTA platform available (set 'hibernate.transaction.jta.platform' to enable JTA platform integration)
2026-02-19 20:10:59.702 [Catalina-utility-1] INFO  o.s.web.context.ContextLoader - Root WebApplicationContext initialized in 1436 ms
2026-02-19 20:10:59.703 [Catalina-utility-1] INFO  o.s.web.servlet.DispatcherServlet - Initializing Servlet 'dispatcher'
2026-02-19 20:10:59.757 [Catalina-utility-1] INFO  o.h.c.i.RegionFactoryInitiator - HHH000026: Second-level cache disabled
2026-02-19 20:10:59.770 [Catalina-utility-1] WARN  org.hibernate.orm.deprecation - HHH90000025: PostgreSQLDialect does not need to be specified explicitly using 'hibernate.dialect' (remove the property setting and it will be selected by default)
2026-02-19 20:10:59.804 [Catalina-utility-1] INFO  o.h.e.t.j.p.i.JtaPlatformInitiator - HHH000489: No JTA platform available (set 'hibernate.transaction.jta.platform' to enable JTA platform integration)
2026-02-19 20:10:59.843 [Catalina-utility-1] INFO  o.s.web.servlet.DispatcherServlet - Completed initialization in 140 ms
2026-02-19 20:13:51.664 [Catalina-utility-2] INFO  o.s.web.context.ContextLoader - Root WebApplicationContext: initialization started
2026-02-19 20:13:52.214 [Catalina-utility-2] INFO  org.hibernate.Version - HHH000412: Hibernate ORM core version 6.5.2.Final
2026-02-19 20:13:52.244 [Catalina-utility-2] INFO  o.h.c.i.RegionFactoryInitiator - HHH000026: Second-level cache disabled
2026-02-19 20:13:52.336 [Catalina-utility-2] WARN  org.hibernate.orm.deprecation - HHH90000025: PostgreSQLDialect does not need to be specified explicitly using 'hibernate.dialect' (remove the property setting and it will be selected by default)
2026-02-19 20:13:53.056 [Catalina-utility-2] INFO  o.h.e.t.j.p.i.JtaPlatformInitiator - HHH000489: No JTA platform available (set 'hibernate.transaction.jta.platform' to enable JTA platform integration)
2026-02-19 20:13:53.239 [Catalina-utility-2] INFO  o.s.web.context.ContextLoader - Root WebApplicationContext initialized in 1575 ms
2026-02-19 20:13:53.240 [Catalina-utility-2] INFO  o.s.web.servlet.DispatcherServlet - Initializing Servlet 'dispatcher'
2026-02-19 20:13:53.292 [Catalina-utility-2] INFO  o.h.c.i.RegionFactoryInitiator - HHH000026: Second-level cache disabled
2026-02-19 20:13:53.303 [Catalina-utility-2] WARN  org.hibernate.orm.deprecation - HHH90000025: PostgreSQLDialect does not need to be specified explicitly using 'hibernate.dialect' (remove the property setting and it will be selected by default)
2026-02-19 20:13:53.362 [Catalina-utility-2] INFO  o.h.e.t.j.p.i.JtaPlatformInitiator - HHH000489: No JTA platform available (set 'hibernate.transaction.jta.platform' to enable JTA platform integration)
2026-02-19 20:13:53.448 [Catalina-utility-2] INFO  o.s.web.servlet.DispatcherServlet - Completed initialization in 208 ms
2026-02-19 20:18:34.687 [Catalina-utility-2] INFO  o.s.web.context.ContextLoader - Root WebApplicationContext: initialization started
2026-02-19 20:18:35.227 [Catalina-utility-2] INFO  org.hibernate.Version - HHH000412: Hibernate ORM core version 6.5.2.Final
2026-02-19 20:18:35.255 [Catalina-utility-2] INFO  o.h.c.i.RegionFactoryInitiator - HHH000026: Second-level cache disabled
2026-02-19 20:18:35.346 [Catalina-utility-2] WARN  org.hibernate.orm.deprecation - HHH90000025: PostgreSQLDialect does not need to be specified explicitly using 'hibernate.dialect' (remove the property setting and it will be selected by default)
2026-02-19 20:18:36.318 [Catalina-utility-2] INFO  o.h.e.t.j.p.i.JtaPlatformInitiator - HHH000489: No JTA platform available (set 'hibernate.transaction.jta.platform' to enable JTA platform integration)
2026-02-19 20:18:36.498 [Catalina-utility-2] INFO  o.s.web.context.ContextLoader - Root WebApplicationContext initialized in 1810 ms
2026-02-19 20:18:36.498 [Catalina-utility-2] INFO  o.s.web.servlet.DispatcherServlet - Initializing Servlet 'dispatcher'
2026-02-19 20:18:36.551 [Catalina-utility-2] INFO  o.h.c.i.RegionFactoryInitiator - HHH000026: Second-level cache disabled
2026-02-19 20:18:36.562 [Catalina-utility-2] WARN  org.hibernate.orm.deprecation - HHH90000025: PostgreSQLDialect does not need to be specified explicitly using 'hibernate.dialect' (remove the property setting and it will be selected by default)
2026-02-19 20:18:36.597 [Catalina-utility-2] INFO  o.h.e.t.j.p.i.JtaPlatformInitiator - HHH000489: No JTA platform available (set 'hibernate.transaction.jta.platform' to enable JTA platform integration)
2026-02-19 20:18:36.627 [Catalina-utility-2] INFO  o.s.web.servlet.DispatcherServlet - Completed initialization in 129 ms
2026-02-19 20:24:07.945 [Catalina-utility-2] INFO  o.s.web.context.ContextLoader - Root WebApplicationContext: initialization started
2026-02-19 20:24:08.515 [Catalina-utility-2] INFO  org.hibernate.Version - HHH000412: Hibernate ORM core version 6.5.2.Final
2026-02-19 20:24:08.544 [Catalina-utility-2] INFO  o.h.c.i.RegionFactoryInitiator - HHH000026: Second-level cache disabled
2026-02-19 20:24:08.640 [Catalina-utility-2] WARN  org.hibernate.orm.deprecation - HHH90000025: PostgreSQLDialect does not need to be specified explicitly using 'hibernate.dialect' (remove the property setting and it will be selected by default)
2026-02-19 20:24:09.412 [Catalina-utility-2] INFO  o.h.e.t.j.p.i.JtaPlatformInitiator - HHH000489: No JTA platform available (set 'hibernate.transaction.jta.platform' to enable JTA platform integration)
2026-02-19 20:24:09.599 [Catalina-utility-2] INFO  o.s.web.context.ContextLoader - Root WebApplicationContext initialized in 1653 ms
2026-02-19 20:24:09.600 [Catalina-utility-2] INFO  o.s.web.servlet.DispatcherServlet - Initializing Servlet 'dispatcher'
2026-02-19 20:24:09.661 [Catalina-utility-2] INFO  o.h.c.i.RegionFactoryInitiator - HHH000026: Second-level cache disabled
2026-02-19 20:24:09.671 [Catalina-utility-2] WARN  org.hibernate.orm.deprecation - HHH90000025: PostgreSQLDialect does not need to be specified explicitly using 'hibernate.dialect' (remove the property setting and it will be selected by default)
2026-02-19 20:24:09.715 [Catalina-utility-2] INFO  o.h.e.t.j.p.i.JtaPlatformInitiator - HHH000489: No JTA platform available (set 'hibernate.transaction.jta.platform' to enable JTA platform integration)
2026-02-19 20:24:09.757 [Catalina-utility-2] INFO  o.s.web.servlet.DispatcherServlet - Completed initialization in 157 ms
2026-02-19 21:54:43.402 [http-nio-8080-exec-149] ERROR b.s.h.e.GlobalExceptionHandler - Внутренняя ошибка сервера: 
by.slava_borisov.hoteladmin.exception.DuplicateRoomNumberException: Номер 505 уже существует.
	at by.slava_borisov.hoteladmin.service.HotelFacade.addRoom(HotelFacade.java:77)
	at java.base/jdk.internal.reflect.DirectMethodHandleAccessor.invoke(DirectMethodHandleAccessor.java:103)
	at java.base/java.lang.reflect.Method.invoke(Method.java:580)
	at org.springframework.aop.support.AopUtils.invokeJoinpointUsingReflection(AopUtils.java:354)
	at org.springframework.aop.framework.ReflectiveMethodInvocation.invokeJoinpoint(ReflectiveMethodInvocation.java:196)
	at org.springframework.aop.framework.ReflectiveMethodInvocation.proceed(ReflectiveMethodInvocation.java:163)
	at org.springframework.aop.framework.CglibAopProxy$CglibMethodInvocation.proceed(CglibAopProxy.java:768)
	at org.springframework.transaction.interceptor.TransactionInterceptor$1.proceedWithInvocation(TransactionInterceptor.java:123)
	at org.springframework.transaction.interceptor.TransactionAspectSupport.invokeWithinTransaction(TransactionAspectSupport.java:392)
	at org.springframework.transaction.interceptor.TransactionInterceptor.invoke(TransactionInterceptor.java:119)
	at org.springframework.aop.framework.ReflectiveMethodInvocation.proceed(ReflectiveMethodInvocation.java:184)
	at org.springframework.aop.framework.CglibAopProxy$CglibMethodInvocation.proceed(CglibAopProxy.java:768)
	at org.springframework.aop.framework.CglibAopProxy$DynamicAdvisedInterceptor.intercept(CglibAopProxy.java:720)
	at by.slava_borisov.hoteladmin.service.HotelFacade$$SpringCGLIB$$0.addRoom(<generated>)
	at by.slava_borisov.hoteladmin.controller.rest.RoomRestController.addRoom(RoomRestController.java:69)
	at java.base/jdk.internal.reflect.DirectMethodHandleAccessor.invoke(DirectMethodHandleAccessor.java:103)
	at java.base/java.lang.reflect.Method.invoke(Method.java:580)
	at org.springframework.web.method.support.InvocableHandlerMethod.doInvoke(InvocableHandlerMethod.java:255)
	at org.springframework.web.method.support.InvocableHandlerMethod.invokeForRequest(InvocableHandlerMethod.java:188)
	at org.springframework.web.servlet.mvc.method.annotation.ServletInvocableHandlerMethod.invokeAndHandle(ServletInvocableHandlerMethod.java:118)
	at org.springframework.web.servlet.mvc.method.annotation.RequestMappingHandlerAdapter.invokeHandlerMethod(RequestMappingHandlerAdapter.java:926)
	at org.springframework.web.servlet.mvc.method.annotation.RequestMappingHandlerAdapter.handleInternal(RequestMappingHandlerAdapter.java:831)
	at org.springframework.web.servlet.mvc.method.AbstractHandlerMethodAdapter.handle(AbstractHandlerMethodAdapter.java:87)
	at org.springframework.web.servlet.DispatcherServlet.doDispatch(DispatcherServlet.java:1089)
	at org.springframework.web.servlet.DispatcherServlet.doService(DispatcherServlet.java:979)
	at org.springframework.web.servlet.FrameworkServlet.processRequest(FrameworkServlet.java:1014)
	at org.springframework.web.servlet.FrameworkServlet.doPost(FrameworkServlet.java:914)
	at jakarta.servlet.http.HttpServlet.service(HttpServlet.java:649)
	at org.springframework.web.servlet.FrameworkServlet.service(FrameworkServlet.java:885)
	at jakarta.servlet.http.HttpServlet.service(HttpServlet.java:710)
	at org.apache.catalina.core.ApplicationFilterChain.doFilter(ApplicationFilterChain.java:128)
	at org.apache.tomcat.websocket.server.WsFilter.doFilter(WsFilter.java:53)
	at org.apache.catalina.core.ApplicationFilterChain.doFilter(ApplicationFilterChain.java:107)
	at org.apache.catalina.core.StandardWrapperValve.invoke(StandardWrapperValve.java:165)
	at org.apache.catalina.core.StandardContextValve.invoke(StandardContextValve.java:77)
	at org.apache.catalina.authenticator.AuthenticatorBase.invoke(AuthenticatorBase.java:482)
	at org.apache.catalina.core.StandardHostValve.invoke(StandardHostValve.java:113)
	at org.apache.catalina.valves.ErrorReportValve.invoke(ErrorReportValve.java:83)
	at org.apache.catalina.valves.AbstractAccessLogValve.invoke(AbstractAccessLogValve.java:654)
	at org.apache.catalina.core.StandardEngineValve.invoke(StandardEngineValve.java:72)
	at org.apache.catalina.connector.CoyoteAdapter.service(CoyoteAdapter.java:341)
	at org.apache.coyote.http11.Http11Processor.service(Http11Processor.java:397)
	at org.apache.coyote.AbstractProcessorLight.process(AbstractProcessorLight.java:63)
	at org.apache.coyote.AbstractProtocol$ConnectionHandler.process(AbstractProtocol.java:903)
	at org.apache.tomcat.util.net.NioEndpoint$SocketProcessor.doRun(NioEndpoint.java:1778)
	at org.apache.tomcat.util.net.SocketProcessorBase.run(SocketProcessorBase.java:52)
	at org.apache.tomcat.util.threads.ThreadPoolExecutor.runWorker(ThreadPoolExecutor.java:946)
	at org.apache.tomcat.util.threads.ThreadPoolExecutor$Worker.run(ThreadPoolExecutor.java:480)
	at org.apache.tomcat.util.threads.TaskThread$WrappingRunnable.run(TaskThread.java:57)
	at java.base/java.lang.Thread.run(Thread.java:1575)
2026-02-19 21:56:31.593 [Catalina-utility-2] INFO  o.s.web.context.ContextLoader - Root WebApplicationContext: initialization started
2026-02-19 21:56:32.151 [Catalina-utility-2] INFO  org.hibernate.Version - HHH000412: Hibernate ORM core version 6.5.2.Final
2026-02-19 21:56:32.180 [Catalina-utility-2] INFO  o.h.c.i.RegionFactoryInitiator - HHH000026: Second-level cache disabled
2026-02-19 21:56:32.272 [Catalina-utility-2] WARN  org.hibernate.orm.deprecation - HHH90000025: PostgreSQLDialect does not need to be specified explicitly using 'hibernate.dialect' (remove the property setting and it will be selected by default)
2026-02-19 21:56:33.323 [Catalina-utility-2] INFO  o.h.e.t.j.p.i.JtaPlatformInitiator - HHH000489: No JTA platform available (set 'hibernate.transaction.jta.platform' to enable JTA platform integration)
2026-02-19 21:56:33.501 [Catalina-utility-2] WARN  o.s.w.c.s.AnnotationConfigWebApplicationContext - Exception encountered during context initialization - cancelling refresh attempt: org.springframework.beans.factory.BeanCreationException: Error creating bean with name 'handlerExceptionResolver' defined in class path resource [org/springframework/web/servlet/config/annotation/DelegatingWebMvcConfiguration.class]: Failed to instantiate [org.springframework.web.servlet.HandlerExceptionResolver]: Factory method 'handlerExceptionResolver' threw exception with message: Ambiguous @ExceptionHandler method mapped for [class by.slava_borisov.hoteladmin.exception.DuplicateRoomNumberException]: {public org.springframework.http.ResponseEntity by.slava_borisov.hoteladmin.exception.GlobalExceptionHandler.handleDuplicateRoom(by.slava_borisov.hoteladmin.exception.DuplicateRoomNumberException,org.springframework.web.context.request.WebRequest), public org.springframework.http.ResponseEntity by.slava_borisov.hoteladmin.exception.GlobalExceptionHandler.handleConflict(java.lang.RuntimeException,org.springframework.web.context.request.WebRequest)}
2026-02-19 21:56:33.503 [Catalina-utility-2] ERROR o.s.web.context.ContextLoader - Context initialization failed
org.springframework.beans.factory.BeanCreationException: Error creating bean with name 'handlerExceptionResolver' defined in class path resource [org/springframework/web/servlet/config/annotation/DelegatingWebMvcConfiguration.class]: Failed to instantiate [org.springframework.web.servlet.HandlerExceptionResolver]: Factory method 'handlerExceptionResolver' threw exception with message: Ambiguous @ExceptionHandler method mapped for [class by.slava_borisov.hoteladmin.exception.DuplicateRoomNumberException]: {public org.springframework.http.ResponseEntity by.slava_borisov.hoteladmin.exception.GlobalExceptionHandler.handleDuplicateRoom(by.slava_borisov.hoteladmin.exception.DuplicateRoomNumberException,org.springframework.web.context.request.WebRequest), public org.springframework.http.ResponseEntity by.slava_borisov.hoteladmin.exception.GlobalExceptionHandler.handleConflict(java.lang.RuntimeException,org.springframework.web.context.request.WebRequest)}
	at org.springframework.beans.factory.support.ConstructorResolver.instantiate(ConstructorResolver.java:648)
	at org.springframework.beans.factory.support.ConstructorResolver.instantiateUsingFactoryMethod(ConstructorResolver.java:636)
	at org.springframework.beans.factory.support.AbstractAutowireCapableBeanFactory.instantiateUsingFactoryMethod(AbstractAutowireCapableBeanFactory.java:1335)
	at org.springframework.beans.factory.support.AbstractAutowireCapableBeanFactory.createBeanInstance(AbstractAutowireCapableBeanFactory.java:1165)
	at org.springframework.beans.factory.support.AbstractAutowireCapableBeanFactory.doCreateBean(AbstractAutowireCapableBeanFactory.java:562)
	at org.springframework.beans.factory.support.AbstractAutowireCapableBeanFactory.createBean(AbstractAutowireCapableBeanFactory.java:522)
	at org.springframework.beans.factory.support.AbstractBeanFactory.lambda$doGetBean$0(AbstractBeanFactory.java:326)
	at org.springframework.beans.factory.support.DefaultSingletonBeanRegistry.getSingleton(DefaultSingletonBeanRegistry.java:234)
	at org.springframework.beans.factory.support.AbstractBeanFactory.doGetBean(AbstractBeanFactory.java:324)
	at org.springframework.beans.factory.support.AbstractBeanFactory.getBean(AbstractBeanFactory.java:200)
	at org.springframework.beans.factory.support.DefaultListableBeanFactory.preInstantiateSingletons(DefaultListableBeanFactory.java:975)
	at org.springframework.context.support.AbstractApplicationContext.finishBeanFactoryInitialization(AbstractApplicationContext.java:962)
	at org.springframework.context.support.AbstractApplicationContext.refresh(AbstractApplicationContext.java:624)
	at org.springframework.web.context.ContextLoader.configureAndRefreshWebApplicationContext(ContextLoader.java:394)
	at org.springframework.web.context.ContextLoader.initWebApplicationContext(ContextLoader.java:274)
	at org.springframework.web.context.ContextLoaderListener.contextInitialized(ContextLoaderListener.java:102)
	at org.apache.catalina.core.StandardContext.listenerStart(StandardContext.java:4001)
	at org.apache.catalina.core.StandardContext.startInternal(StandardContext.java:4426)
	at org.apache.catalina.util.LifecycleBase.start(LifecycleBase.java:164)
	at org.apache.catalina.core.ContainerBase.addChild(ContainerBase.java:564)
	at org.apache.catalina.core.StandardHost.addChild(StandardHost.java:663)
	at org.apache.catalina.startup.HostConfig.deployWAR(HostConfig.java:923)
	at org.apache.catalina.startup.HostConfig$DeployWar.run(HostConfig.java:1839)
	at java.base/java.util.concurrent.Executors$RunnableAdapter.call(Executors.java:572)
	at java.base/java.util.concurrent.FutureTask.run(FutureTask.java:317)
	at org.apache.tomcat.util.threads.InlineExecutorService.execute(InlineExecutorService.java:81)
	at java.base/java.util.concurrent.AbstractExecutorService.submit(AbstractExecutorService.java:124)
	at org.apache.catalina.startup.HostConfig.deployWARs(HostConfig.java:727)
	at org.apache.catalina.startup.HostConfig.deployApps(HostConfig.java:378)
	at org.apache.catalina.startup.HostConfig.check(HostConfig.java:1628)
	at org.apache.catalina.startup.HostConfig.lifecycleEvent(HostConfig.java:260)
	at org.apache.catalina.util.LifecycleBase.fireLifecycleEvent(LifecycleBase.java:109)
	at org.apache.catalina.core.ContainerBase.backgroundProcess(ContainerBase.java:938)
	at org.apache.catalina.core.ContainerBase$ContainerBackgroundProcessor.processChildren(ContainerBase.java:1137)
	at org.apache.catalina.core.ContainerBase$ContainerBackgroundProcessor.processChildren(ContainerBase.java:1141)
	at org.apache.catalina.core.ContainerBase$ContainerBackgroundProcessor.run(ContainerBase.java:1119)
	at java.base/java.util.concurrent.Executors$RunnableAdapter.call(Executors.java:572)
	at java.base/java.util.concurrent.FutureTask.runAndReset(FutureTask.java:358)
	at java.base/java.util.concurrent.ScheduledThreadPoolExecutor$ScheduledFutureTask.run(ScheduledThreadPoolExecutor.java:305)
	at java.base/java.util.concurrent.ThreadPoolExecutor.runWorker(ThreadPoolExecutor.java:1144)
	at java.base/java.util.concurrent.ThreadPoolExecutor$Worker.run(ThreadPoolExecutor.java:642)
	at org.apache.tomcat.util.threads.TaskThread$WrappingRunnable.run(TaskThread.java:57)
	at java.base/java.lang.Thread.run(Thread.java:1575)
Caused by: org.springframework.beans.BeanInstantiationException: Failed to instantiate [org.springframework.web.servlet.HandlerExceptionResolver]: Factory method 'handlerExceptionResolver' threw exception with message: Ambiguous @ExceptionHandler method mapped for [class by.slava_borisov.hoteladmin.exception.DuplicateRoomNumberException]: {public org.springframework.http.ResponseEntity by.slava_borisov.hoteladmin.exception.GlobalExceptionHandler.handleDuplicateRoom(by.slava_borisov.hoteladmin.exception.DuplicateRoomNumberException,org.springframework.web.context.request.WebRequest), public org.springframework.http.ResponseEntity by.slava_borisov.hoteladmin.exception.GlobalExceptionHandler.handleConflict(java.lang.RuntimeException,org.springframework.web.context.request.WebRequest)}
	at org.springframework.beans.factory.support.SimpleInstantiationStrategy.instantiate(SimpleInstantiationStrategy.java:177)
	at org.springframework.beans.factory.support.ConstructorResolver.instantiate(ConstructorResolver.java:644)
	... 42 common frames omitted
Caused by: java.lang.IllegalStateException: Ambiguous @ExceptionHandler method mapped for [class by.slava_borisov.hoteladmin.exception.DuplicateRoomNumberException]: {public org.springframework.http.ResponseEntity by.slava_borisov.hoteladmin.exception.GlobalExceptionHandler.handleDuplicateRoom(by.slava_borisov.hoteladmin.exception.DuplicateRoomNumberException,org.springframework.web.context.request.WebRequest), public org.springframework.http.ResponseEntity by.slava_borisov.hoteladmin.exception.GlobalExceptionHandler.handleConflict(java.lang.RuntimeException,org.springframework.web.context.request.WebRequest)}
	at org.springframework.web.method.annotation.ExceptionHandlerMethodResolver.addExceptionMapping(ExceptionHandlerMethodResolver.java:114)
	at org.springframework.web.method.annotation.ExceptionHandlerMethodResolver.<init>(ExceptionHandlerMethodResolver.java:78)
	at org.springframework.web.servlet.mvc.method.annotation.ExceptionHandlerExceptionResolver.initExceptionHandlerAdviceCache(ExceptionHandlerExceptionResolver.java:289)
	at org.springframework.web.servlet.mvc.method.annotation.ExceptionHandlerExceptionResolver.afterPropertiesSet(ExceptionHandlerExceptionResolver.java:256)
	at org.springframework.web.servlet.config.annotation.WebMvcConfigurationSupport.addDefaultHandlerExceptionResolvers(WebMvcConfigurationSupport.java:1063)
	at org.springframework.web.servlet.config.annotation.WebMvcConfigurationSupport.handlerExceptionResolver(WebMvcConfigurationSupport.java:1005)
	at java.base/jdk.internal.reflect.DirectMethodHandleAccessor.invoke(DirectMethodHandleAccessor.java:103)
	at java.base/java.lang.reflect.Method.invoke(Method.java:580)
	at org.springframework.beans.factory.support.SimpleInstantiationStrategy.instantiate(SimpleInstantiationStrategy.java:140)
	... 43 common frames omitted
2026-02-19 21:56:49.223 [http-nio-8080-exec-140] ERROR b.s.h.e.GlobalExceptionHandler - Внутренняя ошибка сервера: 
by.slava_borisov.hoteladmin.exception.DuplicateRoomNumberException: Номер 505 уже существует.
	at by.slava_borisov.hoteladmin.service.HotelFacade.addRoom(HotelFacade.java:77)
	at java.base/jdk.internal.reflect.DirectMethodHandleAccessor.invoke(DirectMethodHandleAccessor.java:103)
	at java.base/java.lang.reflect.Method.invoke(Method.java:580)
	at org.springframework.aop.support.AopUtils.invokeJoinpointUsingReflection(AopUtils.java:354)
	at org.springframework.aop.framework.ReflectiveMethodInvocation.invokeJoinpoint(ReflectiveMethodInvocation.java:196)
	at org.springframework.aop.framework.ReflectiveMethodInvocation.proceed(ReflectiveMethodInvocation.java:163)
	at org.springframework.aop.framework.CglibAopProxy$CglibMethodInvocation.proceed(CglibAopProxy.java:768)
	at org.springframework.transaction.interceptor.TransactionInterceptor$1.proceedWithInvocation(TransactionInterceptor.java:123)
	at org.springframework.transaction.interceptor.TransactionAspectSupport.invokeWithinTransaction(TransactionAspectSupport.java:392)
	at org.springframework.transaction.interceptor.TransactionInterceptor.invoke(TransactionInterceptor.java:119)
	at org.springframework.aop.framework.ReflectiveMethodInvocation.proceed(ReflectiveMethodInvocation.java:184)
	at org.springframework.aop.framework.CglibAopProxy$CglibMethodInvocation.proceed(CglibAopProxy.java:768)
	at org.springframework.aop.framework.CglibAopProxy$DynamicAdvisedInterceptor.intercept(CglibAopProxy.java:720)
	at by.slava_borisov.hoteladmin.service.HotelFacade$$SpringCGLIB$$0.addRoom(<generated>)
	at by.slava_borisov.hoteladmin.controller.rest.RoomRestController.addRoom(RoomRestController.java:69)
	at java.base/jdk.internal.reflect.DirectMethodHandleAccessor.invoke(DirectMethodHandleAccessor.java:103)
	at java.base/java.lang.reflect.Method.invoke(Method.java:580)
	at org.springframework.web.method.support.InvocableHandlerMethod.doInvoke(InvocableHandlerMethod.java:255)
	at org.springframework.web.method.support.InvocableHandlerMethod.invokeForRequest(InvocableHandlerMethod.java:188)
	at org.springframework.web.servlet.mvc.method.annotation.ServletInvocableHandlerMethod.invokeAndHandle(ServletInvocableHandlerMethod.java:118)
	at org.springframework.web.servlet.mvc.method.annotation.RequestMappingHandlerAdapter.invokeHandlerMethod(RequestMappingHandlerAdapter.java:926)
	at org.springframework.web.servlet.mvc.method.annotation.RequestMappingHandlerAdapter.handleInternal(RequestMappingHandlerAdapter.java:831)
	at org.springframework.web.servlet.mvc.method.AbstractHandlerMethodAdapter.handle(AbstractHandlerMethodAdapter.java:87)
	at org.springframework.web.servlet.DispatcherServlet.doDispatch(DispatcherServlet.java:1089)
	at org.springframework.web.servlet.DispatcherServlet.doService(DispatcherServlet.java:979)
	at org.springframework.web.servlet.FrameworkServlet.processRequest(FrameworkServlet.java:1014)
	at org.springframework.web.servlet.FrameworkServlet.doPost(FrameworkServlet.java:914)
	at jakarta.servlet.http.HttpServlet.service(HttpServlet.java:649)
	at org.springframework.web.servlet.FrameworkServlet.service(FrameworkServlet.java:885)
	at jakarta.servlet.http.HttpServlet.service(HttpServlet.java:710)
	at org.apache.catalina.core.ApplicationFilterChain.doFilter(ApplicationFilterChain.java:128)
	at org.apache.tomcat.websocket.server.WsFilter.doFilter(WsFilter.java:53)
	at org.apache.catalina.core.ApplicationFilterChain.doFilter(ApplicationFilterChain.java:107)
	at org.apache.catalina.core.StandardWrapperValve.invoke(StandardWrapperValve.java:165)
	at org.apache.catalina.core.StandardContextValve.invoke(StandardContextValve.java:77)
	at org.apache.catalina.authenticator.AuthenticatorBase.invoke(AuthenticatorBase.java:482)
	at org.apache.catalina.core.StandardHostValve.invoke(StandardHostValve.java:113)
	at org.apache.catalina.valves.ErrorReportValve.invoke(ErrorReportValve.java:83)
	at org.apache.catalina.valves.AbstractAccessLogValve.invoke(AbstractAccessLogValve.java:654)
	at org.apache.catalina.core.StandardEngineValve.invoke(StandardEngineValve.java:72)
	at org.apache.catalina.connector.CoyoteAdapter.service(CoyoteAdapter.java:341)
	at org.apache.coyote.http11.Http11Processor.service(Http11Processor.java:397)
	at org.apache.coyote.AbstractProcessorLight.process(AbstractProcessorLight.java:63)
	at org.apache.coyote.AbstractProtocol$ConnectionHandler.process(AbstractProtocol.java:903)
	at org.apache.tomcat.util.net.NioEndpoint$SocketProcessor.doRun(NioEndpoint.java:1778)
	at org.apache.tomcat.util.net.SocketProcessorBase.run(SocketProcessorBase.java:52)
	at org.apache.tomcat.util.threads.ThreadPoolExecutor.runWorker(ThreadPoolExecutor.java:946)
	at org.apache.tomcat.util.threads.ThreadPoolExecutor$Worker.run(ThreadPoolExecutor.java:480)
	at org.apache.tomcat.util.threads.TaskThread$WrappingRunnable.run(TaskThread.java:57)
	at java.base/java.lang.Thread.run(Thread.java:1575)
2026-02-19 21:56:50.426 [http-nio-8080-exec-147] ERROR b.s.h.e.GlobalExceptionHandler - Внутренняя ошибка сервера: 
by.slava_borisov.hoteladmin.exception.DuplicateRoomNumberException: Номер 505 уже существует.
	at by.slava_borisov.hoteladmin.service.HotelFacade.addRoom(HotelFacade.java:77)
	at java.base/jdk.internal.reflect.DirectMethodHandleAccessor.invoke(DirectMethodHandleAccessor.java:103)
	at java.base/java.lang.reflect.Method.invoke(Method.java:580)
	at org.springframework.aop.support.AopUtils.invokeJoinpointUsingReflection(AopUtils.java:354)
	at org.springframework.aop.framework.ReflectiveMethodInvocation.invokeJoinpoint(ReflectiveMethodInvocation.java:196)
	at org.springframework.aop.framework.ReflectiveMethodInvocation.proceed(ReflectiveMethodInvocation.java:163)
	at org.springframework.aop.framework.CglibAopProxy$CglibMethodInvocation.proceed(CglibAopProxy.java:768)
	at org.springframework.transaction.interceptor.TransactionInterceptor$1.proceedWithInvocation(TransactionInterceptor.java:123)
	at org.springframework.transaction.interceptor.TransactionAspectSupport.invokeWithinTransaction(TransactionAspectSupport.java:392)
	at org.springframework.transaction.interceptor.TransactionInterceptor.invoke(TransactionInterceptor.java:119)
	at org.springframework.aop.framework.ReflectiveMethodInvocation.proceed(ReflectiveMethodInvocation.java:184)
	at org.springframework.aop.framework.CglibAopProxy$CglibMethodInvocation.proceed(CglibAopProxy.java:768)
	at org.springframework.aop.framework.CglibAopProxy$DynamicAdvisedInterceptor.intercept(CglibAopProxy.java:720)
	at by.slava_borisov.hoteladmin.service.HotelFacade$$SpringCGLIB$$0.addRoom(<generated>)
	at by.slava_borisov.hoteladmin.controller.rest.RoomRestController.addRoom(RoomRestController.java:69)
	at java.base/jdk.internal.reflect.DirectMethodHandleAccessor.invoke(DirectMethodHandleAccessor.java:103)
	at java.base/java.lang.reflect.Method.invoke(Method.java:580)
	at org.springframework.web.method.support.InvocableHandlerMethod.doInvoke(InvocableHandlerMethod.java:255)
	at org.springframework.web.method.support.InvocableHandlerMethod.invokeForRequest(InvocableHandlerMethod.java:188)
	at org.springframework.web.servlet.mvc.method.annotation.ServletInvocableHandlerMethod.invokeAndHandle(ServletInvocableHandlerMethod.java:118)
	at org.springframework.web.servlet.mvc.method.annotation.RequestMappingHandlerAdapter.invokeHandlerMethod(RequestMappingHandlerAdapter.java:926)
	at org.springframework.web.servlet.mvc.method.annotation.RequestMappingHandlerAdapter.handleInternal(RequestMappingHandlerAdapter.java:831)
	at org.springframework.web.servlet.mvc.method.AbstractHandlerMethodAdapter.handle(AbstractHandlerMethodAdapter.java:87)
	at org.springframework.web.servlet.DispatcherServlet.doDispatch(DispatcherServlet.java:1089)
	at org.springframework.web.servlet.DispatcherServlet.doService(DispatcherServlet.java:979)
	at org.springframework.web.servlet.FrameworkServlet.processRequest(FrameworkServlet.java:1014)
	at org.springframework.web.servlet.FrameworkServlet.doPost(FrameworkServlet.java:914)
	at jakarta.servlet.http.HttpServlet.service(HttpServlet.java:649)
	at org.springframework.web.servlet.FrameworkServlet.service(FrameworkServlet.java:885)
	at jakarta.servlet.http.HttpServlet.service(HttpServlet.java:710)
	at org.apache.catalina.core.ApplicationFilterChain.doFilter(ApplicationFilterChain.java:128)
	at org.apache.tomcat.websocket.server.WsFilter.doFilter(WsFilter.java:53)
	at org.apache.catalina.core.ApplicationFilterChain.doFilter(ApplicationFilterChain.java:107)
	at org.apache.catalina.core.StandardWrapperValve.invoke(StandardWrapperValve.java:165)
	at org.apache.catalina.core.StandardContextValve.invoke(StandardContextValve.java:77)
	at org.apache.catalina.authenticator.AuthenticatorBase.invoke(AuthenticatorBase.java:482)
	at org.apache.catalina.core.StandardHostValve.invoke(StandardHostValve.java:113)
	at org.apache.catalina.valves.ErrorReportValve.invoke(ErrorReportValve.java:83)
	at org.apache.catalina.valves.AbstractAccessLogValve.invoke(AbstractAccessLogValve.java:654)
	at org.apache.catalina.core.StandardEngineValve.invoke(StandardEngineValve.java:72)
	at org.apache.catalina.connector.CoyoteAdapter.service(CoyoteAdapter.java:341)
	at org.apache.coyote.http11.Http11Processor.service(Http11Processor.java:397)
	at org.apache.coyote.AbstractProcessorLight.process(AbstractProcessorLight.java:63)
	at org.apache.coyote.AbstractProtocol$ConnectionHandler.process(AbstractProtocol.java:903)
	at org.apache.tomcat.util.net.NioEndpoint$SocketProcessor.doRun(NioEndpoint.java:1778)
	at org.apache.tomcat.util.net.SocketProcessorBase.run(SocketProcessorBase.java:52)
	at org.apache.tomcat.util.threads.ThreadPoolExecutor.runWorker(ThreadPoolExecutor.java:946)
	at org.apache.tomcat.util.threads.ThreadPoolExecutor$Worker.run(ThreadPoolExecutor.java:480)
	at org.apache.tomcat.util.threads.TaskThread$WrappingRunnable.run(TaskThread.java:57)
	at java.base/java.lang.Thread.run(Thread.java:1575)
2026-02-19 21:57:06.384 [http-nio-8080-exec-143] ERROR b.s.h.e.GlobalExceptionHandler - Внутренняя ошибка сервера: 
by.slava_borisov.hoteladmin.exception.DuplicateRoomNumberException: Номер 506 уже существует.
	at by.slava_borisov.hoteladmin.service.HotelFacade.addRoom(HotelFacade.java:77)
	at java.base/jdk.internal.reflect.DirectMethodHandleAccessor.invoke(DirectMethodHandleAccessor.java:103)
	at java.base/java.lang.reflect.Method.invoke(Method.java:580)
	at org.springframework.aop.support.AopUtils.invokeJoinpointUsingReflection(AopUtils.java:354)
	at org.springframework.aop.framework.ReflectiveMethodInvocation.invokeJoinpoint(ReflectiveMethodInvocation.java:196)
	at org.springframework.aop.framework.ReflectiveMethodInvocation.proceed(ReflectiveMethodInvocation.java:163)
	at org.springframework.aop.framework.CglibAopProxy$CglibMethodInvocation.proceed(CglibAopProxy.java:768)
	at org.springframework.transaction.interceptor.TransactionInterceptor$1.proceedWithInvocation(TransactionInterceptor.java:123)
	at org.springframework.transaction.interceptor.TransactionAspectSupport.invokeWithinTransaction(TransactionAspectSupport.java:392)
	at org.springframework.transaction.interceptor.TransactionInterceptor.invoke(TransactionInterceptor.java:119)
	at org.springframework.aop.framework.ReflectiveMethodInvocation.proceed(ReflectiveMethodInvocation.java:184)
	at org.springframework.aop.framework.CglibAopProxy$CglibMethodInvocation.proceed(CglibAopProxy.java:768)
	at org.springframework.aop.framework.CglibAopProxy$DynamicAdvisedInterceptor.intercept(CglibAopProxy.java:720)
	at by.slava_borisov.hoteladmin.service.HotelFacade$$SpringCGLIB$$0.addRoom(<generated>)
	at by.slava_borisov.hoteladmin.controller.rest.RoomRestController.addRoom(RoomRestController.java:69)
	at java.base/jdk.internal.reflect.DirectMethodHandleAccessor.invoke(DirectMethodHandleAccessor.java:103)
	at java.base/java.lang.reflect.Method.invoke(Method.java:580)
	at org.springframework.web.method.support.InvocableHandlerMethod.doInvoke(InvocableHandlerMethod.java:255)
	at org.springframework.web.method.support.InvocableHandlerMethod.invokeForRequest(InvocableHandlerMethod.java:188)
	at org.springframework.web.servlet.mvc.method.annotation.ServletInvocableHandlerMethod.invokeAndHandle(ServletInvocableHandlerMethod.java:118)
	at org.springframework.web.servlet.mvc.method.annotation.RequestMappingHandlerAdapter.invokeHandlerMethod(RequestMappingHandlerAdapter.java:926)
	at org.springframework.web.servlet.mvc.method.annotation.RequestMappingHandlerAdapter.handleInternal(RequestMappingHandlerAdapter.java:831)
	at org.springframework.web.servlet.mvc.method.AbstractHandlerMethodAdapter.handle(AbstractHandlerMethodAdapter.java:87)
	at org.springframework.web.servlet.DispatcherServlet.doDispatch(DispatcherServlet.java:1089)
	at org.springframework.web.servlet.DispatcherServlet.doService(DispatcherServlet.java:979)
	at org.springframework.web.servlet.FrameworkServlet.processRequest(FrameworkServlet.java:1014)
	at org.springframework.web.servlet.FrameworkServlet.doPost(FrameworkServlet.java:914)
	at jakarta.servlet.http.HttpServlet.service(HttpServlet.java:649)
	at org.springframework.web.servlet.FrameworkServlet.service(FrameworkServlet.java:885)
	at jakarta.servlet.http.HttpServlet.service(HttpServlet.java:710)
	at org.apache.catalina.core.ApplicationFilterChain.doFilter(ApplicationFilterChain.java:128)
	at org.apache.tomcat.websocket.server.WsFilter.doFilter(WsFilter.java:53)
	at org.apache.catalina.core.ApplicationFilterChain.doFilter(ApplicationFilterChain.java:107)
	at org.apache.catalina.core.StandardWrapperValve.invoke(StandardWrapperValve.java:165)
	at org.apache.catalina.core.StandardContextValve.invoke(StandardContextValve.java:77)
	at org.apache.catalina.authenticator.AuthenticatorBase.invoke(AuthenticatorBase.java:482)
	at org.apache.catalina.core.StandardHostValve.invoke(StandardHostValve.java:113)
	at org.apache.catalina.valves.ErrorReportValve.invoke(ErrorReportValve.java:83)
	at org.apache.catalina.valves.AbstractAccessLogValve.invoke(AbstractAccessLogValve.java:654)
	at org.apache.catalina.core.StandardEngineValve.invoke(StandardEngineValve.java:72)
	at org.apache.catalina.connector.CoyoteAdapter.service(CoyoteAdapter.java:341)
	at org.apache.coyote.http11.Http11Processor.service(Http11Processor.java:397)
	at org.apache.coyote.AbstractProcessorLight.process(AbstractProcessorLight.java:63)
	at org.apache.coyote.AbstractProtocol$ConnectionHandler.process(AbstractProtocol.java:903)
	at org.apache.tomcat.util.net.NioEndpoint$SocketProcessor.doRun(NioEndpoint.java:1778)
	at org.apache.tomcat.util.net.SocketProcessorBase.run(SocketProcessorBase.java:52)
	at org.apache.tomcat.util.threads.ThreadPoolExecutor.runWorker(ThreadPoolExecutor.java:946)
	at org.apache.tomcat.util.threads.ThreadPoolExecutor$Worker.run(ThreadPoolExecutor.java:480)
	at org.apache.tomcat.util.threads.TaskThread$WrappingRunnable.run(TaskThread.java:57)
	at java.base/java.lang.Thread.run(Thread.java:1575)
2026-02-19 22:03:24.815 [Catalina-utility-1] INFO  o.s.web.context.ContextLoader - Root WebApplicationContext: initialization started
2026-02-19 22:03:25.366 [Catalina-utility-1] INFO  org.hibernate.Version - HHH000412: Hibernate ORM core version 6.5.2.Final
2026-02-19 22:03:25.395 [Catalina-utility-1] INFO  o.h.c.i.RegionFactoryInitiator - HHH000026: Second-level cache disabled
2026-02-19 22:03:25.486 [Catalina-utility-1] WARN  org.hibernate.orm.deprecation - HHH90000025: PostgreSQLDialect does not need to be specified explicitly using 'hibernate.dialect' (remove the property setting and it will be selected by default)
2026-02-19 22:03:26.201 [Catalina-utility-1] INFO  o.h.e.t.j.p.i.JtaPlatformInitiator - HHH000489: No JTA platform available (set 'hibernate.transaction.jta.platform' to enable JTA platform integration)
2026-02-19 22:03:26.412 [Catalina-utility-1] INFO  o.s.web.context.ContextLoader - Root WebApplicationContext initialized in 1597 ms
2026-02-19 22:03:26.413 [Catalina-utility-1] INFO  o.s.web.servlet.DispatcherServlet - Initializing Servlet 'dispatcher'
2026-02-19 22:03:26.460 [Catalina-utility-1] INFO  o.h.c.i.RegionFactoryInitiator - HHH000026: Second-level cache disabled
2026-02-19 22:03:26.475 [Catalina-utility-1] WARN  org.hibernate.orm.deprecation - HHH90000025: PostgreSQLDialect does not need to be specified explicitly using 'hibernate.dialect' (remove the property setting and it will be selected by default)
2026-02-19 22:03:26.511 [Catalina-utility-1] INFO  o.h.e.t.j.p.i.JtaPlatformInitiator - HHH000489: No JTA platform available (set 'hibernate.transaction.jta.platform' to enable JTA platform integration)
2026-02-19 22:03:26.547 [Catalina-utility-1] INFO  o.s.web.servlet.DispatcherServlet - Completed initialization in 134 ms
2026-02-19 22:04:14.417 [http-nio-8080-exec-159] ERROR b.s.h.e.GlobalExceptionHandler - Внутренняя ошибка сервера: 
by.slava_borisov.hoteladmin.exception.DuplicateRoomNumberException: Номер 506 уже существует.
	at by.slava_borisov.hoteladmin.service.HotelFacade.addRoom(HotelFacade.java:77)
	at java.base/jdk.internal.reflect.DirectMethodHandleAccessor.invoke(DirectMethodHandleAccessor.java:103)
	at java.base/java.lang.reflect.Method.invoke(Method.java:580)
	at org.springframework.aop.support.AopUtils.invokeJoinpointUsingReflection(AopUtils.java:354)
	at org.springframework.aop.framework.ReflectiveMethodInvocation.invokeJoinpoint(ReflectiveMethodInvocation.java:196)
	at org.springframework.aop.framework.ReflectiveMethodInvocation.proceed(ReflectiveMethodInvocation.java:163)
	at org.springframework.aop.framework.CglibAopProxy$CglibMethodInvocation.proceed(CglibAopProxy.java:768)
	at org.springframework.transaction.interceptor.TransactionInterceptor$1.proceedWithInvocation(TransactionInterceptor.java:123)
	at org.springframework.transaction.interceptor.TransactionAspectSupport.invokeWithinTransaction(TransactionAspectSupport.java:392)
	at org.springframework.transaction.interceptor.TransactionInterceptor.invoke(TransactionInterceptor.java:119)
	at org.springframework.aop.framework.ReflectiveMethodInvocation.proceed(ReflectiveMethodInvocation.java:184)
	at org.springframework.aop.framework.CglibAopProxy$CglibMethodInvocation.proceed(CglibAopProxy.java:768)
	at org.springframework.aop.framework.CglibAopProxy$DynamicAdvisedInterceptor.intercept(CglibAopProxy.java:720)
	at by.slava_borisov.hoteladmin.service.HotelFacade$$SpringCGLIB$$0.addRoom(<generated>)
	at by.slava_borisov.hoteladmin.controller.rest.RoomRestController.addRoom(RoomRestController.java:69)
	at java.base/jdk.internal.reflect.DirectMethodHandleAccessor.invoke(DirectMethodHandleAccessor.java:103)
	at java.base/java.lang.reflect.Method.invoke(Method.java:580)
	at org.springframework.web.method.support.InvocableHandlerMethod.doInvoke(InvocableHandlerMethod.java:255)
	at org.springframework.web.method.support.InvocableHandlerMethod.invokeForRequest(InvocableHandlerMethod.java:188)
	at org.springframework.web.servlet.mvc.method.annotation.ServletInvocableHandlerMethod.invokeAndHandle(ServletInvocableHandlerMethod.java:118)
	at org.springframework.web.servlet.mvc.method.annotation.RequestMappingHandlerAdapter.invokeHandlerMethod(RequestMappingHandlerAdapter.java:926)
	at org.springframework.web.servlet.mvc.method.annotation.RequestMappingHandlerAdapter.handleInternal(RequestMappingHandlerAdapter.java:831)
	at org.springframework.web.servlet.mvc.method.AbstractHandlerMethodAdapter.handle(AbstractHandlerMethodAdapter.java:87)
	at org.springframework.web.servlet.DispatcherServlet.doDispatch(DispatcherServlet.java:1089)
	at org.springframework.web.servlet.DispatcherServlet.doService(DispatcherServlet.java:979)
	at org.springframework.web.servlet.FrameworkServlet.processRequest(FrameworkServlet.java:1014)
	at org.springframework.web.servlet.FrameworkServlet.doPost(FrameworkServlet.java:914)
	at jakarta.servlet.http.HttpServlet.service(HttpServlet.java:649)
	at org.springframework.web.servlet.FrameworkServlet.service(FrameworkServlet.java:885)
	at jakarta.servlet.http.HttpServlet.service(HttpServlet.java:710)
	at org.apache.catalina.core.ApplicationFilterChain.doFilter(ApplicationFilterChain.java:128)
	at org.apache.tomcat.websocket.server.WsFilter.doFilter(WsFilter.java:53)
	at org.apache.catalina.core.ApplicationFilterChain.doFilter(ApplicationFilterChain.java:107)
	at org.apache.catalina.core.StandardWrapperValve.invoke(StandardWrapperValve.java:165)
	at org.apache.catalina.core.StandardContextValve.invoke(StandardContextValve.java:77)
	at org.apache.catalina.authenticator.AuthenticatorBase.invoke(AuthenticatorBase.java:482)
	at org.apache.catalina.core.StandardHostValve.invoke(StandardHostValve.java:113)
	at org.apache.catalina.valves.ErrorReportValve.invoke(ErrorReportValve.java:83)
	at org.apache.catalina.valves.AbstractAccessLogValve.invoke(AbstractAccessLogValve.java:654)
	at org.apache.catalina.core.StandardEngineValve.invoke(StandardEngineValve.java:72)
	at org.apache.catalina.connector.CoyoteAdapter.service(CoyoteAdapter.java:341)
	at org.apache.coyote.http11.Http11Processor.service(Http11Processor.java:397)
	at org.apache.coyote.AbstractProcessorLight.process(AbstractProcessorLight.java:63)
	at org.apache.coyote.AbstractProtocol$ConnectionHandler.process(AbstractProtocol.java:903)
	at org.apache.tomcat.util.net.NioEndpoint$SocketProcessor.doRun(NioEndpoint.java:1778)
	at org.apache.tomcat.util.net.SocketProcessorBase.run(SocketProcessorBase.java:52)
	at org.apache.tomcat.util.threads.ThreadPoolExecutor.runWorker(ThreadPoolExecutor.java:946)
	at org.apache.tomcat.util.threads.ThreadPoolExecutor$Worker.run(ThreadPoolExecutor.java:480)
	at org.apache.tomcat.util.threads.TaskThread$WrappingRunnable.run(TaskThread.java:57)
	at java.base/java.lang.Thread.run(Thread.java:1575)
2026-02-19 22:08:48.337 [Catalina-utility-1] INFO  o.s.web.context.ContextLoader - Root WebApplicationContext: initialization started
2026-02-19 22:08:48.845 [Catalina-utility-1] INFO  org.hibernate.Version - HHH000412: Hibernate ORM core version 6.5.2.Final
2026-02-19 22:08:48.874 [Catalina-utility-1] INFO  o.h.c.i.RegionFactoryInitiator - HHH000026: Second-level cache disabled
2026-02-19 22:08:48.960 [Catalina-utility-1] WARN  org.hibernate.orm.deprecation - HHH90000025: PostgreSQLDialect does not need to be specified explicitly using 'hibernate.dialect' (remove the property setting and it will be selected by default)
2026-02-19 22:08:49.601 [Catalina-utility-1] INFO  o.h.e.t.j.p.i.JtaPlatformInitiator - HHH000489: No JTA platform available (set 'hibernate.transaction.jta.platform' to enable JTA platform integration)
2026-02-19 22:08:49.776 [Catalina-utility-1] INFO  o.s.web.context.ContextLoader - Root WebApplicationContext initialized in 1439 ms
2026-02-19 22:08:49.777 [Catalina-utility-1] INFO  o.s.web.servlet.DispatcherServlet - Initializing Servlet 'dispatcher'
2026-02-19 22:08:49.830 [Catalina-utility-1] INFO  o.h.c.i.RegionFactoryInitiator - HHH000026: Second-level cache disabled
2026-02-19 22:08:49.840 [Catalina-utility-1] WARN  org.hibernate.orm.deprecation - HHH90000025: PostgreSQLDialect does not need to be specified explicitly using 'hibernate.dialect' (remove the property setting and it will be selected by default)
2026-02-19 22:08:49.875 [Catalina-utility-1] INFO  o.h.e.t.j.p.i.JtaPlatformInitiator - HHH000489: No JTA platform available (set 'hibernate.transaction.jta.platform' to enable JTA platform integration)
2026-02-19 22:08:49.911 [Catalina-utility-1] INFO  o.s.web.servlet.DispatcherServlet - Completed initialization in 134 ms
2026-02-19 22:09:06.970 [http-nio-8080-exec-150] ERROR b.s.h.e.GlobalExceptionHandler - Внутренняя ошибка сервера: 
by.slava_borisov.hoteladmin.exception.DuplicateRoomNumberException: Номер 506 уже существует.
	at by.slava_borisov.hoteladmin.service.HotelFacade.addRoom(HotelFacade.java:77)
	at java.base/jdk.internal.reflect.DirectMethodHandleAccessor.invoke(DirectMethodHandleAccessor.java:103)
	at java.base/java.lang.reflect.Method.invoke(Method.java:580)
	at org.springframework.aop.support.AopUtils.invokeJoinpointUsingReflection(AopUtils.java:354)
	at org.springframework.aop.framework.ReflectiveMethodInvocation.invokeJoinpoint(ReflectiveMethodInvocation.java:196)
	at org.springframework.aop.framework.ReflectiveMethodInvocation.proceed(ReflectiveMethodInvocation.java:163)
	at org.springframework.aop.framework.CglibAopProxy$CglibMethodInvocation.proceed(CglibAopProxy.java:768)
	at org.springframework.transaction.interceptor.TransactionInterceptor$1.proceedWithInvocation(TransactionInterceptor.java:123)
	at org.springframework.transaction.interceptor.TransactionAspectSupport.invokeWithinTransaction(TransactionAspectSupport.java:392)
	at org.springframework.transaction.interceptor.TransactionInterceptor.invoke(TransactionInterceptor.java:119)
	at org.springframework.aop.framework.ReflectiveMethodInvocation.proceed(ReflectiveMethodInvocation.java:184)
	at org.springframework.aop.framework.CglibAopProxy$CglibMethodInvocation.proceed(CglibAopProxy.java:768)
	at org.springframework.aop.framework.CglibAopProxy$DynamicAdvisedInterceptor.intercept(CglibAopProxy.java:720)
	at by.slava_borisov.hoteladmin.service.HotelFacade$$SpringCGLIB$$0.addRoom(<generated>)
	at by.slava_borisov.hoteladmin.controller.rest.RoomRestController.addRoom(RoomRestController.java:69)
	at java.base/jdk.internal.reflect.DirectMethodHandleAccessor.invoke(DirectMethodHandleAccessor.java:103)
	at java.base/java.lang.reflect.Method.invoke(Method.java:580)
	at org.springframework.web.method.support.InvocableHandlerMethod.doInvoke(InvocableHandlerMethod.java:255)
	at org.springframework.web.method.support.InvocableHandlerMethod.invokeForRequest(InvocableHandlerMethod.java:188)
	at org.springframework.web.servlet.mvc.method.annotation.ServletInvocableHandlerMethod.invokeAndHandle(ServletInvocableHandlerMethod.java:118)
	at org.springframework.web.servlet.mvc.method.annotation.RequestMappingHandlerAdapter.invokeHandlerMethod(RequestMappingHandlerAdapter.java:926)
	at org.springframework.web.servlet.mvc.method.annotation.RequestMappingHandlerAdapter.handleInternal(RequestMappingHandlerAdapter.java:831)
	at org.springframework.web.servlet.mvc.method.AbstractHandlerMethodAdapter.handle(AbstractHandlerMethodAdapter.java:87)
	at org.springframework.web.servlet.DispatcherServlet.doDispatch(DispatcherServlet.java:1089)
	at org.springframework.web.servlet.DispatcherServlet.doService(DispatcherServlet.java:979)
	at org.springframework.web.servlet.FrameworkServlet.processRequest(FrameworkServlet.java:1014)
	at org.springframework.web.servlet.FrameworkServlet.doPost(FrameworkServlet.java:914)
	at jakarta.servlet.http.HttpServlet.service(HttpServlet.java:649)
	at org.springframework.web.servlet.FrameworkServlet.service(FrameworkServlet.java:885)
	at jakarta.servlet.http.HttpServlet.service(HttpServlet.java:710)
	at org.apache.catalina.core.ApplicationFilterChain.doFilter(ApplicationFilterChain.java:128)
	at org.apache.tomcat.websocket.server.WsFilter.doFilter(WsFilter.java:53)
	at org.apache.catalina.core.ApplicationFilterChain.doFilter(ApplicationFilterChain.java:107)
	at org.apache.catalina.core.StandardWrapperValve.invoke(StandardWrapperValve.java:165)
	at org.apache.catalina.core.StandardContextValve.invoke(StandardContextValve.java:77)
	at org.apache.catalina.authenticator.AuthenticatorBase.invoke(AuthenticatorBase.java:482)
	at org.apache.catalina.core.StandardHostValve.invoke(StandardHostValve.java:113)
	at org.apache.catalina.valves.ErrorReportValve.invoke(ErrorReportValve.java:83)
	at org.apache.catalina.valves.AbstractAccessLogValve.invoke(AbstractAccessLogValve.java:654)
	at org.apache.catalina.core.StandardEngineValve.invoke(StandardEngineValve.java:72)
	at org.apache.catalina.connector.CoyoteAdapter.service(CoyoteAdapter.java:341)
	at org.apache.coyote.http11.Http11Processor.service(Http11Processor.java:397)
	at org.apache.coyote.AbstractProcessorLight.process(AbstractProcessorLight.java:63)
	at org.apache.coyote.AbstractProtocol$ConnectionHandler.process(AbstractProtocol.java:903)
	at org.apache.tomcat.util.net.NioEndpoint$SocketProcessor.doRun(NioEndpoint.java:1778)
	at org.apache.tomcat.util.net.SocketProcessorBase.run(SocketProcessorBase.java:52)
	at org.apache.tomcat.util.threads.ThreadPoolExecutor.runWorker(ThreadPoolExecutor.java:946)
	at org.apache.tomcat.util.threads.ThreadPoolExecutor$Worker.run(ThreadPoolExecutor.java:480)
	at org.apache.tomcat.util.threads.TaskThread$WrappingRunnable.run(TaskThread.java:57)
	at java.base/java.lang.Thread.run(Thread.java:1575)
2026-02-19 22:09:24.123 [http-nio-8080-exec-153] ERROR b.s.h.e.GlobalExceptionHandler - Внутренняя ошибка сервера: 
by.slava_borisov.hoteladmin.exception.DuplicateRoomNumberException: Номер 501 уже существует.
	at by.slava_borisov.hoteladmin.service.HotelFacade.addRoom(HotelFacade.java:77)
	at java.base/jdk.internal.reflect.DirectMethodHandleAccessor.invoke(DirectMethodHandleAccessor.java:103)
	at java.base/java.lang.reflect.Method.invoke(Method.java:580)
	at org.springframework.aop.support.AopUtils.invokeJoinpointUsingReflection(AopUtils.java:354)
	at org.springframework.aop.framework.ReflectiveMethodInvocation.invokeJoinpoint(ReflectiveMethodInvocation.java:196)
	at org.springframework.aop.framework.ReflectiveMethodInvocation.proceed(ReflectiveMethodInvocation.java:163)
	at org.springframework.aop.framework.CglibAopProxy$CglibMethodInvocation.proceed(CglibAopProxy.java:768)
	at org.springframework.transaction.interceptor.TransactionInterceptor$1.proceedWithInvocation(TransactionInterceptor.java:123)
	at org.springframework.transaction.interceptor.TransactionAspectSupport.invokeWithinTransaction(TransactionAspectSupport.java:392)
	at org.springframework.transaction.interceptor.TransactionInterceptor.invoke(TransactionInterceptor.java:119)
	at org.springframework.aop.framework.ReflectiveMethodInvocation.proceed(ReflectiveMethodInvocation.java:184)
	at org.springframework.aop.framework.CglibAopProxy$CglibMethodInvocation.proceed(CglibAopProxy.java:768)
	at org.springframework.aop.framework.CglibAopProxy$DynamicAdvisedInterceptor.intercept(CglibAopProxy.java:720)
	at by.slava_borisov.hoteladmin.service.HotelFacade$$SpringCGLIB$$0.addRoom(<generated>)
	at by.slava_borisov.hoteladmin.controller.rest.RoomRestController.addRoom(RoomRestController.java:69)
	at java.base/jdk.internal.reflect.DirectMethodHandleAccessor.invoke(DirectMethodHandleAccessor.java:103)
	at java.base/java.lang.reflect.Method.invoke(Method.java:580)
	at org.springframework.web.method.support.InvocableHandlerMethod.doInvoke(InvocableHandlerMethod.java:255)
	at org.springframework.web.method.support.InvocableHandlerMethod.invokeForRequest(InvocableHandlerMethod.java:188)
	at org.springframework.web.servlet.mvc.method.annotation.ServletInvocableHandlerMethod.invokeAndHandle(ServletInvocableHandlerMethod.java:118)
	at org.springframework.web.servlet.mvc.method.annotation.RequestMappingHandlerAdapter.invokeHandlerMethod(RequestMappingHandlerAdapter.java:926)
	at org.springframework.web.servlet.mvc.method.annotation.RequestMappingHandlerAdapter.handleInternal(RequestMappingHandlerAdapter.java:831)
	at org.springframework.web.servlet.mvc.method.AbstractHandlerMethodAdapter.handle(AbstractHandlerMethodAdapter.java:87)
	at org.springframework.web.servlet.DispatcherServlet.doDispatch(DispatcherServlet.java:1089)
	at org.springframework.web.servlet.DispatcherServlet.doService(DispatcherServlet.java:979)
	at org.springframework.web.servlet.FrameworkServlet.processRequest(FrameworkServlet.java:1014)
	at org.springframework.web.servlet.FrameworkServlet.doPost(FrameworkServlet.java:914)
	at jakarta.servlet.http.HttpServlet.service(HttpServlet.java:649)
	at org.springframework.web.servlet.FrameworkServlet.service(FrameworkServlet.java:885)
	at jakarta.servlet.http.HttpServlet.service(HttpServlet.java:710)
	at org.apache.catalina.core.ApplicationFilterChain.doFilter(ApplicationFilterChain.java:128)
	at org.apache.tomcat.websocket.server.WsFilter.doFilter(WsFilter.java:53)
	at org.apache.catalina.core.ApplicationFilterChain.doFilter(ApplicationFilterChain.java:107)
	at org.apache.catalina.core.StandardWrapperValve.invoke(StandardWrapperValve.java:165)
	at org.apache.catalina.core.StandardContextValve.invoke(StandardContextValve.java:77)
	at org.apache.catalina.authenticator.AuthenticatorBase.invoke(AuthenticatorBase.java:482)
	at org.apache.catalina.core.StandardHostValve.invoke(StandardHostValve.java:113)
	at org.apache.catalina.valves.ErrorReportValve.invoke(ErrorReportValve.java:83)
	at org.apache.catalina.valves.AbstractAccessLogValve.invoke(AbstractAccessLogValve.java:654)
	at org.apache.catalina.core.StandardEngineValve.invoke(StandardEngineValve.java:72)
	at org.apache.catalina.connector.CoyoteAdapter.service(CoyoteAdapter.java:341)
	at org.apache.coyote.http11.Http11Processor.service(Http11Processor.java:397)
	at org.apache.coyote.AbstractProcessorLight.process(AbstractProcessorLight.java:63)
	at org.apache.coyote.AbstractProtocol$ConnectionHandler.process(AbstractProtocol.java:903)
	at org.apache.tomcat.util.net.NioEndpoint$SocketProcessor.doRun(NioEndpoint.java:1778)
	at org.apache.tomcat.util.net.SocketProcessorBase.run(SocketProcessorBase.java:52)
	at org.apache.tomcat.util.threads.ThreadPoolExecutor.runWorker(ThreadPoolExecutor.java:946)
	at org.apache.tomcat.util.threads.ThreadPoolExecutor$Worker.run(ThreadPoolExecutor.java:480)
	at org.apache.tomcat.util.threads.TaskThread$WrappingRunnable.run(TaskThread.java:57)
	at java.base/java.lang.Thread.run(Thread.java:1575)
2026-02-19 22:11:51.179 [Catalina-utility-1] INFO  o.s.web.context.ContextLoader - Root WebApplicationContext: initialization started
2026-02-19 22:11:51.779 [Catalina-utility-1] INFO  org.hibernate.Version - HHH000412: Hibernate ORM core version 6.5.2.Final
2026-02-19 22:11:51.809 [Catalina-utility-1] INFO  o.h.c.i.RegionFactoryInitiator - HHH000026: Second-level cache disabled
2026-02-19 22:11:51.906 [Catalina-utility-1] WARN  org.hibernate.orm.deprecation - HHH90000025: PostgreSQLDialect does not need to be specified explicitly using 'hibernate.dialect' (remove the property setting and it will be selected by default)
2026-02-19 22:11:52.614 [Catalina-utility-1] INFO  o.h.e.t.j.p.i.JtaPlatformInitiator - HHH000489: No JTA platform available (set 'hibernate.transaction.jta.platform' to enable JTA platform integration)
2026-02-19 22:11:52.806 [Catalina-utility-1] INFO  o.s.web.context.ContextLoader - Root WebApplicationContext initialized in 1626 ms
2026-02-19 22:11:52.806 [Catalina-utility-1] INFO  o.s.web.servlet.DispatcherServlet - Initializing Servlet 'dispatcher'
2026-02-19 22:11:52.863 [Catalina-utility-1] INFO  o.h.c.i.RegionFactoryInitiator - HHH000026: Second-level cache disabled
2026-02-19 22:11:52.873 [Catalina-utility-1] WARN  org.hibernate.orm.deprecation - HHH90000025: PostgreSQLDialect does not need to be specified explicitly using 'hibernate.dialect' (remove the property setting and it will be selected by default)
2026-02-19 22:11:52.908 [Catalina-utility-1] INFO  o.h.e.t.j.p.i.JtaPlatformInitiator - HHH000489: No JTA platform available (set 'hibernate.transaction.jta.platform' to enable JTA platform integration)
2026-02-19 22:11:52.950 [Catalina-utility-1] INFO  o.s.web.servlet.DispatcherServlet - Completed initialization in 144 ms
2026-02-19 22:12:09.837 [http-nio-8080-exec-167] ERROR b.s.h.e.GlobalExceptionHandler - Внутренняя ошибка сервера: 
by.slava_borisov.hoteladmin.exception.DuplicateRoomNumberException: Номер 501 уже существует.
	at by.slava_borisov.hoteladmin.service.HotelFacade.addRoom(HotelFacade.java:77)
	at java.base/jdk.internal.reflect.DirectMethodHandleAccessor.invoke(DirectMethodHandleAccessor.java:103)
	at java.base/java.lang.reflect.Method.invoke(Method.java:580)
	at org.springframework.aop.support.AopUtils.invokeJoinpointUsingReflection(AopUtils.java:354)
	at org.springframework.aop.framework.ReflectiveMethodInvocation.invokeJoinpoint(ReflectiveMethodInvocation.java:196)
	at org.springframework.aop.framework.ReflectiveMethodInvocation.proceed(ReflectiveMethodInvocation.java:163)
	at org.springframework.aop.framework.CglibAopProxy$CglibMethodInvocation.proceed(CglibAopProxy.java:768)
	at org.springframework.transaction.interceptor.TransactionInterceptor$1.proceedWithInvocation(TransactionInterceptor.java:123)
	at org.springframework.transaction.interceptor.TransactionAspectSupport.invokeWithinTransaction(TransactionAspectSupport.java:392)
	at org.springframework.transaction.interceptor.TransactionInterceptor.invoke(TransactionInterceptor.java:119)
	at org.springframework.aop.framework.ReflectiveMethodInvocation.proceed(ReflectiveMethodInvocation.java:184)
	at org.springframework.aop.framework.CglibAopProxy$CglibMethodInvocation.proceed(CglibAopProxy.java:768)
	at org.springframework.aop.framework.CglibAopProxy$DynamicAdvisedInterceptor.intercept(CglibAopProxy.java:720)
	at by.slava_borisov.hoteladmin.service.HotelFacade$$SpringCGLIB$$0.addRoom(<generated>)
	at by.slava_borisov.hoteladmin.controller.rest.RoomRestController.addRoom(RoomRestController.java:69)
	at java.base/jdk.internal.reflect.DirectMethodHandleAccessor.invoke(DirectMethodHandleAccessor.java:103)
	at java.base/java.lang.reflect.Method.invoke(Method.java:580)
	at org.springframework.web.method.support.InvocableHandlerMethod.doInvoke(InvocableHandlerMethod.java:255)
	at org.springframework.web.method.support.InvocableHandlerMethod.invokeForRequest(InvocableHandlerMethod.java:188)
	at org.springframework.web.servlet.mvc.method.annotation.ServletInvocableHandlerMethod.invokeAndHandle(ServletInvocableHandlerMethod.java:118)
	at org.springframework.web.servlet.mvc.method.annotation.RequestMappingHandlerAdapter.invokeHandlerMethod(RequestMappingHandlerAdapter.java:926)
	at org.springframework.web.servlet.mvc.method.annotation.RequestMappingHandlerAdapter.handleInternal(RequestMappingHandlerAdapter.java:831)
	at org.springframework.web.servlet.mvc.method.AbstractHandlerMethodAdapter.handle(AbstractHandlerMethodAdapter.java:87)
	at org.springframework.web.servlet.DispatcherServlet.doDispatch(DispatcherServlet.java:1089)
	at org.springframework.web.servlet.DispatcherServlet.doService(DispatcherServlet.java:979)
	at org.springframework.web.servlet.FrameworkServlet.processRequest(FrameworkServlet.java:1014)
	at org.springframework.web.servlet.FrameworkServlet.doPost(FrameworkServlet.java:914)
	at jakarta.servlet.http.HttpServlet.service(HttpServlet.java:649)
	at org.springframework.web.servlet.FrameworkServlet.service(FrameworkServlet.java:885)
	at jakarta.servlet.http.HttpServlet.service(HttpServlet.java:710)
	at org.apache.catalina.core.ApplicationFilterChain.doFilter(ApplicationFilterChain.java:128)
	at org.apache.tomcat.websocket.server.WsFilter.doFilter(WsFilter.java:53)
	at org.apache.catalina.core.ApplicationFilterChain.doFilter(ApplicationFilterChain.java:107)
	at org.apache.catalina.core.StandardWrapperValve.invoke(StandardWrapperValve.java:165)
	at org.apache.catalina.core.StandardContextValve.invoke(StandardContextValve.java:77)
	at org.apache.catalina.authenticator.AuthenticatorBase.invoke(AuthenticatorBase.java:482)
	at org.apache.catalina.core.StandardHostValve.invoke(StandardHostValve.java:113)
	at org.apache.catalina.valves.ErrorReportValve.invoke(ErrorReportValve.java:83)
	at org.apache.catalina.valves.AbstractAccessLogValve.invoke(AbstractAccessLogValve.java:654)
	at org.apache.catalina.core.StandardEngineValve.invoke(StandardEngineValve.java:72)
	at org.apache.catalina.connector.CoyoteAdapter.service(CoyoteAdapter.java:341)
	at org.apache.coyote.http11.Http11Processor.service(Http11Processor.java:397)
	at org.apache.coyote.AbstractProcessorLight.process(AbstractProcessorLight.java:63)
	at org.apache.coyote.AbstractProtocol$ConnectionHandler.process(AbstractProtocol.java:903)
	at org.apache.tomcat.util.net.NioEndpoint$SocketProcessor.doRun(NioEndpoint.java:1778)
	at org.apache.tomcat.util.net.SocketProcessorBase.run(SocketProcessorBase.java:52)
	at org.apache.tomcat.util.threads.ThreadPoolExecutor.runWorker(ThreadPoolExecutor.java:946)
	at org.apache.tomcat.util.threads.ThreadPoolExecutor$Worker.run(ThreadPoolExecutor.java:480)
	at org.apache.tomcat.util.threads.TaskThread$WrappingRunnable.run(TaskThread.java:57)
	at java.base/java.lang.Thread.run(Thread.java:1575)
2026-02-19 22:14:34.218 [http-nio-8080-exec-174] WARN  o.s.web.servlet.PageNotFound - No mapping for POST /hoteladmin/api/rooms
2026-02-19 22:14:34.220 [http-nio-8080-exec-174] ERROR b.s.h.e.GlobalExceptionHandler - Непредвиденная ошибка: 
org.springframework.web.servlet.NoHandlerFoundException: No endpoint POST /hoteladmin/api/rooms.
	at org.springframework.web.servlet.DispatcherServlet.noHandlerFound(DispatcherServlet.java:1177)
	at org.springframework.web.servlet.DispatcherServlet.doDispatch(DispatcherServlet.java:953)
	at org.springframework.web.servlet.DispatcherServlet.doService(DispatcherServlet.java:866)
	at org.springframework.web.servlet.FrameworkServlet.processRequest(FrameworkServlet.java:1003)
	at org.springframework.web.servlet.FrameworkServlet.doPost(FrameworkServlet.java:903)
	at jakarta.servlet.http.HttpServlet.service(HttpServlet.java:649)
	at org.springframework.web.servlet.FrameworkServlet.service(FrameworkServlet.java:874)
	at jakarta.servlet.http.HttpServlet.service(HttpServlet.java:710)
	at org.apache.catalina.core.ApplicationFilterChain.doFilter(ApplicationFilterChain.java:128)
	at org.apache.tomcat.websocket.server.WsFilter.doFilter(WsFilter.java:53)
	at org.apache.catalina.core.ApplicationFilterChain.doFilter(ApplicationFilterChain.java:107)
	at org.apache.catalina.core.StandardWrapperValve.invoke(StandardWrapperValve.java:165)
	at org.apache.catalina.core.StandardContextValve.invoke(StandardContextValve.java:77)
	at org.apache.catalina.authenticator.AuthenticatorBase.invoke(AuthenticatorBase.java:482)
	at org.apache.catalina.core.StandardHostValve.invoke(StandardHostValve.java:113)
	at org.apache.catalina.valves.ErrorReportValve.invoke(ErrorReportValve.java:83)
	at org.apache.catalina.valves.AbstractAccessLogValve.invoke(AbstractAccessLogValve.java:654)
	at org.apache.catalina.core.StandardEngineValve.invoke(StandardEngineValve.java:72)
	at org.apache.catalina.connector.CoyoteAdapter.service(CoyoteAdapter.java:341)
	at org.apache.coyote.http11.Http11Processor.service(Http11Processor.java:397)
	at org.apache.coyote.AbstractProcessorLight.process(AbstractProcessorLight.java:63)
	at org.apache.coyote.AbstractProtocol$ConnectionHandler.process(AbstractProtocol.java:903)
	at org.apache.tomcat.util.net.NioEndpoint$SocketProcessor.doRun(NioEndpoint.java:1778)
	at org.apache.tomcat.util.net.SocketProcessorBase.run(SocketProcessorBase.java:52)
	at org.apache.tomcat.util.threads.ThreadPoolExecutor.runWorker(ThreadPoolExecutor.java:946)
	at org.apache.tomcat.util.threads.ThreadPoolExecutor$Worker.run(ThreadPoolExecutor.java:480)
	at org.apache.tomcat.util.threads.TaskThread$WrappingRunnable.run(TaskThread.java:57)
	at java.base/java.lang.Thread.run(Thread.java:1575)
2026-02-19 22:14:34.687 [Catalina-utility-1] INFO  o.s.web.context.ContextLoader - Root WebApplicationContext: initialization started
2026-02-19 22:14:35.300 [Catalina-utility-1] INFO  org.hibernate.Version - HHH000412: Hibernate ORM core version 6.5.2.Final
2026-02-19 22:14:35.332 [Catalina-utility-1] INFO  o.h.c.i.RegionFactoryInitiator - HHH000026: Second-level cache disabled
2026-02-19 22:14:35.423 [Catalina-utility-1] WARN  org.hibernate.orm.deprecation - HHH90000025: PostgreSQLDialect does not need to be specified explicitly using 'hibernate.dialect' (remove the property setting and it will be selected by default)
2026-02-19 22:14:36.128 [Catalina-utility-1] INFO  o.h.e.t.j.p.i.JtaPlatformInitiator - HHH000489: No JTA platform available (set 'hibernate.transaction.jta.platform' to enable JTA platform integration)
2026-02-19 22:14:36.321 [Catalina-utility-1] INFO  o.s.web.context.ContextLoader - Root WebApplicationContext initialized in 1633 ms
2026-02-19 22:14:36.321 [Catalina-utility-1] INFO  o.s.web.servlet.DispatcherServlet - Initializing Servlet 'dispatcher'
2026-02-19 22:14:36.376 [Catalina-utility-1] INFO  o.h.c.i.RegionFactoryInitiator - HHH000026: Second-level cache disabled
2026-02-19 22:14:36.391 [Catalina-utility-1] WARN  org.hibernate.orm.deprecation - HHH90000025: PostgreSQLDialect does not need to be specified explicitly using 'hibernate.dialect' (remove the property setting and it will be selected by default)
2026-02-19 22:14:36.426 [Catalina-utility-1] INFO  o.h.e.t.j.p.i.JtaPlatformInitiator - HHH000489: No JTA platform available (set 'hibernate.transaction.jta.platform' to enable JTA platform integration)
2026-02-19 22:14:36.454 [Catalina-utility-1] INFO  o.s.web.servlet.DispatcherServlet - Completed initialization in 133 ms
2026-02-19 22:21:28.113 [Catalina-utility-1] INFO  o.s.web.context.ContextLoader - Root WebApplicationContext: initialization started
2026-02-19 22:21:28.735 [Catalina-utility-1] INFO  org.hibernate.Version - HHH000412: Hibernate ORM core version 6.5.2.Final
2026-02-19 22:21:28.766 [Catalina-utility-1] INFO  o.h.c.i.RegionFactoryInitiator - HHH000026: Second-level cache disabled
2026-02-19 22:21:28.869 [Catalina-utility-1] WARN  org.hibernate.orm.deprecation - HHH90000025: PostgreSQLDialect does not need to be specified explicitly using 'hibernate.dialect' (remove the property setting and it will be selected by default)
2026-02-19 22:21:30.256 [Catalina-utility-1] INFO  o.h.e.t.j.p.i.JtaPlatformInitiator - HHH000489: No JTA platform available (set 'hibernate.transaction.jta.platform' to enable JTA platform integration)
2026-02-19 22:21:30.821 [Catalina-utility-1] INFO  o.s.web.context.ContextLoader - Root WebApplicationContext initialized in 2707 ms
2026-02-19 22:21:30.822 [Catalina-utility-1] INFO  o.s.web.servlet.DispatcherServlet - Initializing Servlet 'dispatcher'
2026-02-19 22:21:30.941 [Catalina-utility-1] INFO  o.h.c.i.RegionFactoryInitiator - HHH000026: Second-level cache disabled
2026-02-19 22:21:30.954 [Catalina-utility-1] WARN  org.hibernate.orm.deprecation - HHH90000025: PostgreSQLDialect does not need to be specified explicitly using 'hibernate.dialect' (remove the property setting and it will be selected by default)
2026-02-19 22:21:31.035 [Catalina-utility-1] INFO  o.h.e.t.j.p.i.JtaPlatformInitiator - HHH000489: No JTA platform available (set 'hibernate.transaction.jta.platform' to enable JTA platform integration)
2026-02-19 22:21:31.073 [Catalina-utility-1] INFO  o.s.web.servlet.DispatcherServlet - Completed initialization in 251 ms
2026-02-19 22:50:52.291 [Catalina-utility-2] INFO  o.s.web.context.ContextLoader - Root WebApplicationContext: initialization started
2026-02-19 22:50:52.359 [http-nio-8080-exec-190] WARN  o.s.web.servlet.PageNotFound - No mapping for GET /hoteladmin/api/rooms/5
2026-02-19 22:50:52.360 [http-nio-8080-exec-190] ERROR b.s.h.e.GlobalExceptionHandler - Непредвиденная ошибка: 
org.springframework.web.servlet.NoHandlerFoundException: No endpoint GET /hoteladmin/api/rooms/5.
	at org.springframework.web.servlet.DispatcherServlet.noHandlerFound(DispatcherServlet.java:1177)
	at org.springframework.web.servlet.DispatcherServlet.doDispatch(DispatcherServlet.java:953)
	at org.springframework.web.servlet.DispatcherServlet.doService(DispatcherServlet.java:866)
	at org.springframework.web.servlet.FrameworkServlet.processRequest(FrameworkServlet.java:1003)
	at org.springframework.web.servlet.FrameworkServlet.doGet(FrameworkServlet.java:892)
	at jakarta.servlet.http.HttpServlet.service(HttpServlet.java:622)
	at org.springframework.web.servlet.FrameworkServlet.service(FrameworkServlet.java:874)
	at jakarta.servlet.http.HttpServlet.service(HttpServlet.java:710)
	at org.apache.catalina.core.ApplicationFilterChain.doFilter(ApplicationFilterChain.java:128)
	at org.apache.tomcat.websocket.server.WsFilter.doFilter(WsFilter.java:53)
	at org.apache.catalina.core.ApplicationFilterChain.doFilter(ApplicationFilterChain.java:107)
	at org.apache.catalina.core.StandardWrapperValve.invoke(StandardWrapperValve.java:165)
	at org.apache.catalina.core.StandardContextValve.invoke(StandardContextValve.java:77)
	at org.apache.catalina.authenticator.AuthenticatorBase.invoke(AuthenticatorBase.java:482)
	at org.apache.catalina.core.StandardHostValve.invoke(StandardHostValve.java:113)
	at org.apache.catalina.valves.ErrorReportValve.invoke(ErrorReportValve.java:83)
	at org.apache.catalina.valves.AbstractAccessLogValve.invoke(AbstractAccessLogValve.java:654)
	at org.apache.catalina.core.StandardEngineValve.invoke(StandardEngineValve.java:72)
	at org.apache.catalina.connector.CoyoteAdapter.service(CoyoteAdapter.java:341)
	at org.apache.coyote.http11.Http11Processor.service(Http11Processor.java:397)
	at org.apache.coyote.AbstractProcessorLight.process(AbstractProcessorLight.java:63)
	at org.apache.coyote.AbstractProtocol$ConnectionHandler.process(AbstractProtocol.java:903)
	at org.apache.tomcat.util.net.NioEndpoint$SocketProcessor.doRun(NioEndpoint.java:1778)
	at org.apache.tomcat.util.net.SocketProcessorBase.run(SocketProcessorBase.java:52)
	at org.apache.tomcat.util.threads.ThreadPoolExecutor.runWorker(ThreadPoolExecutor.java:946)
	at org.apache.tomcat.util.threads.ThreadPoolExecutor$Worker.run(ThreadPoolExecutor.java:480)
	at org.apache.tomcat.util.threads.TaskThread$WrappingRunnable.run(TaskThread.java:57)
	at java.base/java.lang.Thread.run(Thread.java:1575)
2026-02-19 22:50:52.944 [Catalina-utility-2] INFO  org.hibernate.Version - HHH000412: Hibernate ORM core version 6.5.2.Final
2026-02-19 22:50:52.972 [Catalina-utility-2] INFO  o.h.c.i.RegionFactoryInitiator - HHH000026: Second-level cache disabled
2026-02-19 22:50:53.060 [Catalina-utility-2] WARN  org.hibernate.orm.deprecation - HHH90000025: PostgreSQLDialect does not need to be specified explicitly using 'hibernate.dialect' (remove the property setting and it will be selected by default)
2026-02-19 22:50:53.735 [Catalina-utility-2] INFO  o.h.e.t.j.p.i.JtaPlatformInitiator - HHH000489: No JTA platform available (set 'hibernate.transaction.jta.platform' to enable JTA platform integration)
2026-02-19 22:50:53.932 [Catalina-utility-2] INFO  o.s.web.context.ContextLoader - Root WebApplicationContext initialized in 1640 ms
2026-02-19 22:50:53.933 [Catalina-utility-2] INFO  o.s.web.servlet.DispatcherServlet - Initializing Servlet 'dispatcher'
2026-02-19 22:50:53.992 [Catalina-utility-2] INFO  o.h.c.i.RegionFactoryInitiator - HHH000026: Second-level cache disabled
2026-02-19 22:50:54.005 [Catalina-utility-2] WARN  org.hibernate.orm.deprecation - HHH90000025: PostgreSQLDialect does not need to be specified explicitly using 'hibernate.dialect' (remove the property setting and it will be selected by default)
2026-02-19 22:50:54.039 [Catalina-utility-2] INFO  o.h.e.t.j.p.i.JtaPlatformInitiator - HHH000489: No JTA platform available (set 'hibernate.transaction.jta.platform' to enable JTA platform integration)
2026-02-19 22:50:54.081 [Catalina-utility-2] INFO  o.s.web.servlet.DispatcherServlet - Completed initialization in 148 ms
2026-02-19 22:54:55.803 [Catalina-utility-1] INFO  o.s.web.context.ContextLoader - Root WebApplicationContext: initialization started
2026-02-19 22:54:56.436 [Catalina-utility-1] INFO  org.hibernate.Version - HHH000412: Hibernate ORM core version 6.5.2.Final
2026-02-19 22:54:56.467 [Catalina-utility-1] INFO  o.h.c.i.RegionFactoryInitiator - HHH000026: Second-level cache disabled
2026-02-19 22:54:56.567 [Catalina-utility-1] WARN  org.hibernate.orm.deprecation - HHH90000025: PostgreSQLDialect does not need to be specified explicitly using 'hibernate.dialect' (remove the property setting and it will be selected by default)
2026-02-19 22:54:57.292 [Catalina-utility-1] INFO  o.h.e.t.j.p.i.JtaPlatformInitiator - HHH000489: No JTA platform available (set 'hibernate.transaction.jta.platform' to enable JTA platform integration)
2026-02-19 22:54:57.476 [Catalina-utility-1] INFO  o.s.web.context.ContextLoader - Root WebApplicationContext initialized in 1673 ms
2026-02-19 22:54:57.477 [Catalina-utility-1] INFO  o.s.web.servlet.DispatcherServlet - Initializing Servlet 'dispatcher'
2026-02-19 22:54:57.529 [Catalina-utility-1] INFO  o.h.c.i.RegionFactoryInitiator - HHH000026: Second-level cache disabled
2026-02-19 22:54:57.541 [Catalina-utility-1] WARN  org.hibernate.orm.deprecation - HHH90000025: PostgreSQLDialect does not need to be specified explicitly using 'hibernate.dialect' (remove the property setting and it will be selected by default)
2026-02-19 22:54:57.575 [Catalina-utility-1] INFO  o.h.e.t.j.p.i.JtaPlatformInitiator - HHH000489: No JTA platform available (set 'hibernate.transaction.jta.platform' to enable JTA platform integration)
2026-02-19 22:54:57.615 [Catalina-utility-1] INFO  o.s.web.servlet.DispatcherServlet - Completed initialization in 138 ms
2026-02-20 12:58:51.707 [Catalina-utility-1] INFO  o.s.web.context.ContextLoader - Root WebApplicationContext: initialization started
2026-02-20 12:58:52.602 [Catalina-utility-1] INFO  org.hibernate.Version - HHH000412: Hibernate ORM core version 6.5.2.Final
2026-02-20 12:58:52.633 [Catalina-utility-1] INFO  o.h.c.i.RegionFactoryInitiator - HHH000026: Second-level cache disabled
2026-02-20 12:58:52.725 [Catalina-utility-1] WARN  org.hibernate.orm.deprecation - HHH90000025: PostgreSQLDialect does not need to be specified explicitly using 'hibernate.dialect' (remove the property setting and it will be selected by default)
2026-02-20 12:58:53.474 [http-nio-8080-exec-204] WARN  o.s.web.servlet.PageNotFound - No mapping for GET /hoteladmin/api/guests/1
2026-02-20 12:58:53.475 [http-nio-8080-exec-204] ERROR b.s.h.e.GlobalExceptionHandler - Непредвиденная ошибка: 
org.springframework.web.servlet.NoHandlerFoundException: No endpoint GET /hoteladmin/api/guests/1.
	at org.springframework.web.servlet.DispatcherServlet.noHandlerFound(DispatcherServlet.java:1177)
	at org.springframework.web.servlet.DispatcherServlet.doDispatch(DispatcherServlet.java:953)
	at org.springframework.web.servlet.DispatcherServlet.doService(DispatcherServlet.java:866)
	at org.springframework.web.servlet.FrameworkServlet.processRequest(FrameworkServlet.java:1003)
	at org.springframework.web.servlet.FrameworkServlet.doGet(FrameworkServlet.java:892)
	at jakarta.servlet.http.HttpServlet.service(HttpServlet.java:622)
	at org.springframework.web.servlet.FrameworkServlet.service(FrameworkServlet.java:874)
	at jakarta.servlet.http.HttpServlet.service(HttpServlet.java:710)
	at org.apache.catalina.core.ApplicationFilterChain.doFilter(ApplicationFilterChain.java:128)
	at org.apache.tomcat.websocket.server.WsFilter.doFilter(WsFilter.java:53)
	at org.apache.catalina.core.ApplicationFilterChain.doFilter(ApplicationFilterChain.java:107)
	at org.apache.catalina.core.StandardWrapperValve.invoke(StandardWrapperValve.java:165)
	at org.apache.catalina.core.StandardContextValve.invoke(StandardContextValve.java:77)
	at org.apache.catalina.authenticator.AuthenticatorBase.invoke(AuthenticatorBase.java:482)
	at org.apache.catalina.core.StandardHostValve.invoke(StandardHostValve.java:113)
	at org.apache.catalina.valves.ErrorReportValve.invoke(ErrorReportValve.java:83)
	at org.apache.catalina.valves.AbstractAccessLogValve.invoke(AbstractAccessLogValve.java:654)
	at org.apache.catalina.core.StandardEngineValve.invoke(StandardEngineValve.java:72)
	at org.apache.catalina.connector.CoyoteAdapter.service(CoyoteAdapter.java:341)
	at org.apache.coyote.http11.Http11Processor.service(Http11Processor.java:397)
	at org.apache.coyote.AbstractProcessorLight.process(AbstractProcessorLight.java:63)
	at org.apache.coyote.AbstractProtocol$ConnectionHandler.process(AbstractProtocol.java:903)
	at org.apache.tomcat.util.net.NioEndpoint$SocketProcessor.doRun(NioEndpoint.java:1778)
	at org.apache.tomcat.util.net.SocketProcessorBase.run(SocketProcessorBase.java:52)
	at org.apache.tomcat.util.threads.ThreadPoolExecutor.runWorker(ThreadPoolExecutor.java:946)
	at org.apache.tomcat.util.threads.ThreadPoolExecutor$Worker.run(ThreadPoolExecutor.java:480)
	at org.apache.tomcat.util.threads.TaskThread$WrappingRunnable.run(TaskThread.java:57)
	at java.base/java.lang.Thread.run(Thread.java:1575)
2026-02-20 12:58:54.042 [Catalina-utility-1] INFO  o.h.e.t.j.p.i.JtaPlatformInitiator - HHH000489: No JTA platform available (set 'hibernate.transaction.jta.platform' to enable JTA platform integration)
2026-02-20 12:58:54.228 [Catalina-utility-1] INFO  o.s.web.context.ContextLoader - Root WebApplicationContext initialized in 2519 ms
2026-02-20 12:58:54.229 [Catalina-utility-1] INFO  o.s.web.servlet.DispatcherServlet - Initializing Servlet 'dispatcher'
2026-02-20 12:58:54.293 [Catalina-utility-1] INFO  o.h.c.i.RegionFactoryInitiator - HHH000026: Second-level cache disabled
2026-02-20 12:58:54.303 [Catalina-utility-1] WARN  org.hibernate.orm.deprecation - HHH90000025: PostgreSQLDialect does not need to be specified explicitly using 'hibernate.dialect' (remove the property setting and it will be selected by default)
2026-02-20 12:58:54.338 [Catalina-utility-1] INFO  o.h.e.t.j.p.i.JtaPlatformInitiator - HHH000489: No JTA platform available (set 'hibernate.transaction.jta.platform' to enable JTA platform integration)
2026-02-20 12:58:54.370 [Catalina-utility-1] INFO  o.s.web.servlet.DispatcherServlet - Completed initialization in 141 ms
2026-02-20 13:15:16.300 [Catalina-utility-1] INFO  o.s.web.context.ContextLoader - Root WebApplicationContext: initialization started
2026-02-20 13:15:16.895 [Catalina-utility-1] INFO  org.hibernate.Version - HHH000412: Hibernate ORM core version 6.5.2.Final
2026-02-20 13:15:16.926 [Catalina-utility-1] INFO  o.h.c.i.RegionFactoryInitiator - HHH000026: Second-level cache disabled
2026-02-20 13:15:17.012 [Catalina-utility-1] WARN  org.hibernate.orm.deprecation - HHH90000025: PostgreSQLDialect does not need to be specified explicitly using 'hibernate.dialect' (remove the property setting and it will be selected by default)
2026-02-20 13:15:17.742 [Catalina-utility-1] INFO  o.h.e.t.j.p.i.JtaPlatformInitiator - HHH000489: No JTA platform available (set 'hibernate.transaction.jta.platform' to enable JTA platform integration)
2026-02-20 13:15:17.927 [Catalina-utility-1] INFO  o.s.web.context.ContextLoader - Root WebApplicationContext initialized in 1626 ms
2026-02-20 13:15:17.928 [Catalina-utility-1] INFO  o.s.web.servlet.DispatcherServlet - Initializing Servlet 'dispatcher'
2026-02-20 13:15:17.983 [Catalina-utility-1] INFO  o.h.c.i.RegionFactoryInitiator - HHH000026: Second-level cache disabled
2026-02-20 13:15:17.994 [Catalina-utility-1] WARN  org.hibernate.orm.deprecation - HHH90000025: PostgreSQLDialect does not need to be specified explicitly using 'hibernate.dialect' (remove the property setting and it will be selected by default)
2026-02-20 13:15:18.028 [Catalina-utility-1] INFO  o.h.e.t.j.p.i.JtaPlatformInitiator - HHH000489: No JTA platform available (set 'hibernate.transaction.jta.platform' to enable JTA platform integration)
2026-02-20 13:15:18.059 [Catalina-utility-1] INFO  o.s.web.servlet.DispatcherServlet - Completed initialization in 131 ms
2026-02-20 13:29:20.356 [Catalina-utility-1] INFO  o.s.web.context.ContextLoader - Root WebApplicationContext: initialization started
2026-02-20 13:29:21.326 [Catalina-utility-1] INFO  org.hibernate.Version - HHH000412: Hibernate ORM core version 6.5.2.Final
2026-02-20 13:29:21.380 [Catalina-utility-1] INFO  o.h.c.i.RegionFactoryInitiator - HHH000026: Second-level cache disabled
2026-02-20 13:29:21.486 [Catalina-utility-1] WARN  org.hibernate.orm.deprecation - HHH90000025: PostgreSQLDialect does not need to be specified explicitly using 'hibernate.dialect' (remove the property setting and it will be selected by default)
2026-02-20 13:29:22.444 [Catalina-utility-1] INFO  o.h.e.t.j.p.i.JtaPlatformInitiator - HHH000489: No JTA platform available (set 'hibernate.transaction.jta.platform' to enable JTA platform integration)
2026-02-20 13:29:22.630 [Catalina-utility-1] INFO  o.s.web.context.ContextLoader - Root WebApplicationContext initialized in 2273 ms
2026-02-20 13:29:22.631 [Catalina-utility-1] INFO  o.s.web.servlet.DispatcherServlet - Initializing Servlet 'dispatcher'
2026-02-20 13:29:22.701 [Catalina-utility-1] INFO  o.h.c.i.RegionFactoryInitiator - HHH000026: Second-level cache disabled
2026-02-20 13:29:22.709 [Catalina-utility-1] WARN  org.hibernate.orm.deprecation - HHH90000025: PostgreSQLDialect does not need to be specified explicitly using 'hibernate.dialect' (remove the property setting and it will be selected by default)
2026-02-20 13:29:22.749 [Catalina-utility-1] INFO  o.h.e.t.j.p.i.JtaPlatformInitiator - HHH000489: No JTA platform available (set 'hibernate.transaction.jta.platform' to enable JTA platform integration)
2026-02-20 13:29:22.792 [Catalina-utility-1] INFO  o.s.web.servlet.DispatcherServlet - Completed initialization in 161 ms
2026-02-20 13:31:14.020 [Catalina-utility-2] INFO  o.s.web.context.ContextLoader - Root WebApplicationContext: initialization started
2026-02-20 13:31:14.662 [Catalina-utility-2] INFO  org.hibernate.Version - HHH000412: Hibernate ORM core version 6.5.2.Final
2026-02-20 13:31:14.698 [Catalina-utility-2] INFO  o.h.c.i.RegionFactoryInitiator - HHH000026: Second-level cache disabled
2026-02-20 13:31:15.471 [Catalina-utility-2] WARN  org.hibernate.orm.deprecation - HHH90000025: PostgreSQLDialect does not need to be specified explicitly using 'hibernate.dialect' (remove the property setting and it will be selected by default)
2026-02-20 13:31:16.801 [Catalina-utility-2] INFO  o.h.e.t.j.p.i.JtaPlatformInitiator - HHH000489: No JTA platform available (set 'hibernate.transaction.jta.platform' to enable JTA platform integration)
2026-02-20 13:31:17.098 [Catalina-utility-2] INFO  o.s.web.context.ContextLoader - Root WebApplicationContext initialized in 3077 ms
2026-02-20 13:31:17.099 [Catalina-utility-2] INFO  o.s.web.servlet.DispatcherServlet - Initializing Servlet 'dispatcher'
2026-02-20 13:31:17.327 [Catalina-utility-2] INFO  o.h.c.i.RegionFactoryInitiator - HHH000026: Second-level cache disabled
2026-02-20 13:31:17.345 [Catalina-utility-2] WARN  org.hibernate.orm.deprecation - HHH90000025: PostgreSQLDialect does not need to be specified explicitly using 'hibernate.dialect' (remove the property setting and it will be selected by default)
2026-02-20 13:31:17.392 [Catalina-utility-2] INFO  o.h.e.t.j.p.i.JtaPlatformInitiator - HHH000489: No JTA platform available (set 'hibernate.transaction.jta.platform' to enable JTA platform integration)
2026-02-20 13:31:17.432 [Catalina-utility-2] INFO  o.s.web.servlet.DispatcherServlet - Completed initialization in 333 ms
2026-02-20 13:35:07.884 [http-nio-8080-exec-239] INFO  b.s.h.service.BookingManager - Начало заселения: гость=Тестовый Гость CheckIn, комната id=1, даты 2026-02-20-2026-02-25
2026-02-20 13:35:07.960 [http-nio-8080-exec-239] INFO  b.s.h.service.BookingManager - Гость Тестовый Гость CheckIn заселён в комнату id=1, бронирование id=7
2026-02-20 13:40:18.919 [Catalina-utility-2] INFO  o.s.web.context.ContextLoader - Root WebApplicationContext: initialization started
2026-02-20 13:40:19.537 [Catalina-utility-2] INFO  org.hibernate.Version - HHH000412: Hibernate ORM core version 6.5.2.Final
2026-02-20 13:40:19.568 [Catalina-utility-2] INFO  o.h.c.i.RegionFactoryInitiator - HHH000026: Second-level cache disabled
2026-02-20 13:40:19.651 [Catalina-utility-2] WARN  org.hibernate.orm.deprecation - HHH90000025: PostgreSQLDialect does not need to be specified explicitly using 'hibernate.dialect' (remove the property setting and it will be selected by default)
2026-02-20 13:40:20.369 [Catalina-utility-2] INFO  o.h.e.t.j.p.i.JtaPlatformInitiator - HHH000489: No JTA platform available (set 'hibernate.transaction.jta.platform' to enable JTA platform integration)
2026-02-20 13:40:20.552 [Catalina-utility-2] INFO  o.s.web.context.ContextLoader - Root WebApplicationContext initialized in 1632 ms
2026-02-20 13:40:20.553 [Catalina-utility-2] INFO  o.s.web.servlet.DispatcherServlet - Initializing Servlet 'dispatcher'
2026-02-20 13:40:20.609 [Catalina-utility-2] INFO  o.h.c.i.RegionFactoryInitiator - HHH000026: Second-level cache disabled
2026-02-20 13:40:20.618 [Catalina-utility-2] WARN  org.hibernate.orm.deprecation - HHH90000025: PostgreSQLDialect does not need to be specified explicitly using 'hibernate.dialect' (remove the property setting and it will be selected by default)
2026-02-20 13:40:20.652 [Catalina-utility-2] INFO  o.h.e.t.j.p.i.JtaPlatformInitiator - HHH000489: No JTA platform available (set 'hibernate.transaction.jta.platform' to enable JTA platform integration)
2026-02-20 13:40:20.686 [Catalina-utility-2] INFO  o.s.web.servlet.DispatcherServlet - Completed initialization in 133 ms
2026-02-20 13:45:32.574 [Catalina-utility-2] INFO  o.s.web.context.ContextLoader - Root WebApplicationContext: initialization started
2026-02-20 13:45:33.185 [http-nio-8080-exec-258] WARN  o.s.web.servlet.PageNotFound - No mapping for GET /hoteladmin/api/guests/by-phone
2026-02-20 13:45:33.185 [http-nio-8080-exec-258] ERROR b.s.h.e.GlobalExceptionHandler - Непредвиденная ошибка: 
org.springframework.web.servlet.NoHandlerFoundException: No endpoint GET /hoteladmin/api/guests/by-phone.
	at org.springframework.web.servlet.DispatcherServlet.noHandlerFound(DispatcherServlet.java:1177)
	at org.springframework.web.servlet.DispatcherServlet.doDispatch(DispatcherServlet.java:953)
	at org.springframework.web.servlet.DispatcherServlet.doService(DispatcherServlet.java:866)
	at org.springframework.web.servlet.FrameworkServlet.processRequest(FrameworkServlet.java:1003)
	at org.springframework.web.servlet.FrameworkServlet.doGet(FrameworkServlet.java:892)
	at jakarta.servlet.http.HttpServlet.service(HttpServlet.java:622)
	at org.springframework.web.servlet.FrameworkServlet.service(FrameworkServlet.java:874)
	at jakarta.servlet.http.HttpServlet.service(HttpServlet.java:710)
	at org.apache.catalina.core.ApplicationFilterChain.doFilter(ApplicationFilterChain.java:128)
	at org.apache.tomcat.websocket.server.WsFilter.doFilter(WsFilter.java:53)
	at org.apache.catalina.core.ApplicationFilterChain.doFilter(ApplicationFilterChain.java:107)
	at org.apache.catalina.core.StandardWrapperValve.invoke(StandardWrapperValve.java:165)
	at org.apache.catalina.core.StandardContextValve.invoke(StandardContextValve.java:77)
	at org.apache.catalina.authenticator.AuthenticatorBase.invoke(AuthenticatorBase.java:482)
	at org.apache.catalina.core.StandardHostValve.invoke(StandardHostValve.java:113)
	at org.apache.catalina.valves.ErrorReportValve.invoke(ErrorReportValve.java:83)
	at org.apache.catalina.valves.AbstractAccessLogValve.invoke(AbstractAccessLogValve.java:654)
	at org.apache.catalina.core.StandardEngineValve.invoke(StandardEngineValve.java:72)
	at org.apache.catalina.connector.CoyoteAdapter.service(CoyoteAdapter.java:341)
	at org.apache.coyote.http11.Http11Processor.service(Http11Processor.java:397)
	at org.apache.coyote.AbstractProcessorLight.process(AbstractProcessorLight.java:63)
	at org.apache.coyote.AbstractProtocol$ConnectionHandler.process(AbstractProtocol.java:903)
	at org.apache.tomcat.util.net.NioEndpoint$SocketProcessor.doRun(NioEndpoint.java:1778)
	at org.apache.tomcat.util.net.SocketProcessorBase.run(SocketProcessorBase.java:52)
	at org.apache.tomcat.util.threads.ThreadPoolExecutor.runWorker(ThreadPoolExecutor.java:946)
	at org.apache.tomcat.util.threads.ThreadPoolExecutor$Worker.run(ThreadPoolExecutor.java:480)
	at org.apache.tomcat.util.threads.TaskThread$WrappingRunnable.run(TaskThread.java:57)
	at java.base/java.lang.Thread.run(Thread.java:1575)
2026-02-20 13:45:33.221 [Catalina-utility-2] INFO  org.hibernate.Version - HHH000412: Hibernate ORM core version 6.5.2.Final
2026-02-20 13:45:33.257 [Catalina-utility-2] INFO  o.h.c.i.RegionFactoryInitiator - HHH000026: Second-level cache disabled
2026-02-20 13:45:33.353 [Catalina-utility-2] WARN  org.hibernate.orm.deprecation - HHH90000025: PostgreSQLDialect does not need to be specified explicitly using 'hibernate.dialect' (remove the property setting and it will be selected by default)
2026-02-20 13:45:34.064 [Catalina-utility-2] INFO  o.h.e.t.j.p.i.JtaPlatformInitiator - HHH000489: No JTA platform available (set 'hibernate.transaction.jta.platform' to enable JTA platform integration)
2026-02-20 13:45:34.252 [Catalina-utility-2] INFO  o.s.web.context.ContextLoader - Root WebApplicationContext initialized in 1678 ms
2026-02-20 13:45:34.252 [Catalina-utility-2] INFO  o.s.web.servlet.DispatcherServlet - Initializing Servlet 'dispatcher'
2026-02-20 13:45:34.309 [Catalina-utility-2] INFO  o.h.c.i.RegionFactoryInitiator - HHH000026: Second-level cache disabled
2026-02-20 13:45:34.320 [Catalina-utility-2] WARN  org.hibernate.orm.deprecation - HHH90000025: PostgreSQLDialect does not need to be specified explicitly using 'hibernate.dialect' (remove the property setting and it will be selected by default)
2026-02-20 13:45:34.354 [Catalina-utility-2] INFO  o.h.e.t.j.p.i.JtaPlatformInitiator - HHH000489: No JTA platform available (set 'hibernate.transaction.jta.platform' to enable JTA platform integration)
2026-02-20 13:45:34.399 [Catalina-utility-2] INFO  o.s.web.servlet.DispatcherServlet - Completed initialization in 146 ms
2026-02-20 13:48:30.050 [http-nio-8080-exec-259] WARN  o.s.web.servlet.PageNotFound - No mapping for POST /hoteladminapi/guests/16/amenities
2026-02-20 13:48:30.056 [http-nio-8080-exec-259] ERROR b.s.h.e.GlobalExceptionHandler - Непредвиденная ошибка: 
org.springframework.web.servlet.NoHandlerFoundException: No endpoint POST /hoteladminapi/guests/16/amenities.
	at org.springframework.web.servlet.DispatcherServlet.noHandlerFound(DispatcherServlet.java:1177)
	at org.springframework.web.servlet.DispatcherServlet.doDispatch(DispatcherServlet.java:953)
	at org.springframework.web.servlet.DispatcherServlet.doService(DispatcherServlet.java:866)
	at org.springframework.web.servlet.FrameworkServlet.processRequest(FrameworkServlet.java:1003)
	at org.springframework.web.servlet.FrameworkServlet.doPost(FrameworkServlet.java:903)
	at jakarta.servlet.http.HttpServlet.service(HttpServlet.java:649)
	at org.springframework.web.servlet.FrameworkServlet.service(FrameworkServlet.java:874)
	at jakarta.servlet.http.HttpServlet.service(HttpServlet.java:710)
	at org.apache.catalina.core.ApplicationFilterChain.doFilter(ApplicationFilterChain.java:128)
	at org.apache.tomcat.websocket.server.WsFilter.doFilter(WsFilter.java:53)
	at org.apache.catalina.core.ApplicationFilterChain.doFilter(ApplicationFilterChain.java:107)
	at org.apache.catalina.core.StandardWrapperValve.invoke(StandardWrapperValve.java:165)
	at org.apache.catalina.core.StandardContextValve.invoke(StandardContextValve.java:77)
	at org.apache.catalina.authenticator.AuthenticatorBase.invoke(AuthenticatorBase.java:482)
	at org.apache.catalina.core.StandardHostValve.invoke(StandardHostValve.java:113)
	at org.apache.catalina.valves.ErrorReportValve.invoke(ErrorReportValve.java:83)
	at org.apache.catalina.valves.AbstractAccessLogValve.invoke(AbstractAccessLogValve.java:654)
	at org.apache.catalina.core.StandardEngineValve.invoke(StandardEngineValve.java:72)
	at org.apache.catalina.connector.CoyoteAdapter.service(CoyoteAdapter.java:341)
	at org.apache.coyote.http11.Http11Processor.service(Http11Processor.java:397)
	at org.apache.coyote.AbstractProcessorLight.process(AbstractProcessorLight.java:63)
	at org.apache.coyote.AbstractProtocol$ConnectionHandler.process(AbstractProtocol.java:903)
	at org.apache.tomcat.util.net.NioEndpoint$SocketProcessor.doRun(NioEndpoint.java:1778)
	at org.apache.tomcat.util.net.SocketProcessorBase.run(SocketProcessorBase.java:52)
	at org.apache.tomcat.util.threads.ThreadPoolExecutor.runWorker(ThreadPoolExecutor.java:946)
	at org.apache.tomcat.util.threads.ThreadPoolExecutor$Worker.run(ThreadPoolExecutor.java:480)
	at org.apache.tomcat.util.threads.TaskThread$WrappingRunnable.run(TaskThread.java:57)
	at java.base/java.lang.Thread.run(Thread.java:1575)
2026-02-20 13:50:32.280 [http-nio-8080-exec-261] WARN  o.s.web.servlet.PageNotFound - No mapping for POST /hoteladminapi/guests/6/amenities
2026-02-20 13:50:32.285 [http-nio-8080-exec-261] ERROR b.s.h.e.GlobalExceptionHandler - Непредвиденная ошибка: 
org.springframework.web.servlet.NoHandlerFoundException: No endpoint POST /hoteladminapi/guests/6/amenities.
	at org.springframework.web.servlet.DispatcherServlet.noHandlerFound(DispatcherServlet.java:1177)
	at org.springframework.web.servlet.DispatcherServlet.doDispatch(DispatcherServlet.java:953)
	at org.springframework.web.servlet.DispatcherServlet.doService(DispatcherServlet.java:866)
	at org.springframework.web.servlet.FrameworkServlet.processRequest(FrameworkServlet.java:1003)
	at org.springframework.web.servlet.FrameworkServlet.doPost(FrameworkServlet.java:903)
	at jakarta.servlet.http.HttpServlet.service(HttpServlet.java:649)
	at org.springframework.web.servlet.FrameworkServlet.service(FrameworkServlet.java:874)
	at jakarta.servlet.http.HttpServlet.service(HttpServlet.java:710)
	at org.apache.catalina.core.ApplicationFilterChain.doFilter(ApplicationFilterChain.java:128)
	at org.apache.tomcat.websocket.server.WsFilter.doFilter(WsFilter.java:53)
	at org.apache.catalina.core.ApplicationFilterChain.doFilter(ApplicationFilterChain.java:107)
	at org.apache.catalina.core.StandardWrapperValve.invoke(StandardWrapperValve.java:165)
	at org.apache.catalina.core.StandardContextValve.invoke(StandardContextValve.java:77)
	at org.apache.catalina.authenticator.AuthenticatorBase.invoke(AuthenticatorBase.java:482)
	at org.apache.catalina.core.StandardHostValve.invoke(StandardHostValve.java:113)
	at org.apache.catalina.valves.ErrorReportValve.invoke(ErrorReportValve.java:83)
	at org.apache.catalina.valves.AbstractAccessLogValve.invoke(AbstractAccessLogValve.java:654)
	at org.apache.catalina.core.StandardEngineValve.invoke(StandardEngineValve.java:72)
	at org.apache.catalina.connector.CoyoteAdapter.service(CoyoteAdapter.java:341)
	at org.apache.coyote.http11.Http11Processor.service(Http11Processor.java:397)
	at org.apache.coyote.AbstractProcessorLight.process(AbstractProcessorLight.java:63)
	at org.apache.coyote.AbstractProtocol$ConnectionHandler.process(AbstractProtocol.java:903)
	at org.apache.tomcat.util.net.NioEndpoint$SocketProcessor.doRun(NioEndpoint.java:1778)
	at org.apache.tomcat.util.net.SocketProcessorBase.run(SocketProcessorBase.java:52)
	at org.apache.tomcat.util.threads.ThreadPoolExecutor.runWorker(ThreadPoolExecutor.java:946)
	at org.apache.tomcat.util.threads.ThreadPoolExecutor$Worker.run(ThreadPoolExecutor.java:480)
	at org.apache.tomcat.util.threads.TaskThread$WrappingRunnable.run(TaskThread.java:57)
	at java.base/java.lang.Thread.run(Thread.java:1575)
2026-02-20 13:53:10.152 [http-nio-8080-exec-266] INFO  b.s.h.service.BookingManager - Начало заселения: гость=Тестовый Гость Услуги, комната id=1, даты 2026-02-20-2026-02-28
2026-02-20 13:53:10.206 [http-nio-8080-exec-266] ERROR b.s.h.service.BookingManager - Ошибка заселения для гостя Тестовый Гость Услуги: комната id=1 занята на период 2026-02-20-2026-02-28
2026-02-20 13:53:34.219 [http-nio-8080-exec-260] INFO  b.s.h.service.BookingManager - Начало заселения: гость=Тестовый Гость Услуги, комната id=3, даты 2026-02-20-2026-02-28
2026-02-20 13:53:34.281 [http-nio-8080-exec-260] INFO  b.s.h.service.BookingManager - Гость Тестовый Гость Услуги заселён в комнату id=3, бронирование id=8
2026-02-20 13:54:54.295 [http-nio-8080-exec-266] WARN  o.s.web.servlet.PageNotFound - No mapping for POST /hoteladminapi/guests/6/amenities
2026-02-20 13:54:54.299 [http-nio-8080-exec-266] ERROR b.s.h.e.GlobalExceptionHandler - Непредвиденная ошибка: 
org.springframework.web.servlet.NoHandlerFoundException: No endpoint POST /hoteladminapi/guests/6/amenities.
	at org.springframework.web.servlet.DispatcherServlet.noHandlerFound(DispatcherServlet.java:1177)
	at org.springframework.web.servlet.DispatcherServlet.doDispatch(DispatcherServlet.java:953)
	at org.springframework.web.servlet.DispatcherServlet.doService(DispatcherServlet.java:866)
	at org.springframework.web.servlet.FrameworkServlet.processRequest(FrameworkServlet.java:1003)
	at org.springframework.web.servlet.FrameworkServlet.doPost(FrameworkServlet.java:903)
	at jakarta.servlet.http.HttpServlet.service(HttpServlet.java:649)
	at org.springframework.web.servlet.FrameworkServlet.service(FrameworkServlet.java:874)
	at jakarta.servlet.http.HttpServlet.service(HttpServlet.java:710)
	at org.apache.catalina.core.ApplicationFilterChain.doFilter(ApplicationFilterChain.java:128)
	at org.apache.tomcat.websocket.server.WsFilter.doFilter(WsFilter.java:53)
	at org.apache.catalina.core.ApplicationFilterChain.doFilter(ApplicationFilterChain.java:107)
	at org.apache.catalina.core.StandardWrapperValve.invoke(StandardWrapperValve.java:165)
	at org.apache.catalina.core.StandardContextValve.invoke(StandardContextValve.java:77)
	at org.apache.catalina.authenticator.AuthenticatorBase.invoke(AuthenticatorBase.java:482)
	at org.apache.catalina.core.StandardHostValve.invoke(StandardHostValve.java:113)
	at org.apache.catalina.valves.ErrorReportValve.invoke(ErrorReportValve.java:83)
	at org.apache.catalina.valves.AbstractAccessLogValve.invoke(AbstractAccessLogValve.java:654)
	at org.apache.catalina.core.StandardEngineValve.invoke(StandardEngineValve.java:72)
	at org.apache.catalina.connector.CoyoteAdapter.service(CoyoteAdapter.java:341)
	at org.apache.coyote.http11.Http11Processor.service(Http11Processor.java:397)
	at org.apache.coyote.AbstractProcessorLight.process(AbstractProcessorLight.java:63)
	at org.apache.coyote.AbstractProtocol$ConnectionHandler.process(AbstractProtocol.java:903)
	at org.apache.tomcat.util.net.NioEndpoint$SocketProcessor.doRun(NioEndpoint.java:1778)
	at org.apache.tomcat.util.net.SocketProcessorBase.run(SocketProcessorBase.java:52)
	at org.apache.tomcat.util.threads.ThreadPoolExecutor.runWorker(ThreadPoolExecutor.java:946)
	at org.apache.tomcat.util.threads.ThreadPoolExecutor$Worker.run(ThreadPoolExecutor.java:480)
	at org.apache.tomcat.util.threads.TaskThread$WrappingRunnable.run(TaskThread.java:57)
	at java.base/java.lang.Thread.run(Thread.java:1575)
2026-02-20 13:55:50.670 [http-nio-8080-exec-268] INFO  b.s.h.service.BookingManager - Начало заселения: гость=Тестовый Гость Услуги 2, комната id=7, даты 2026-02-20-2026-02-28
2026-02-20 13:55:50.689 [http-nio-8080-exec-268] INFO  b.s.h.service.BookingManager - Гость Тестовый Гость Услуги 2 заселён в комнату id=7, бронирование id=9
2026-02-20 13:58:26.678 [http-nio-8080-exec-263] INFO  b.s.h.service.BookingManager - Начало добавления услуги id=1 гостю id=19, количество=2, дата=2026-02-20
2026-02-20 13:58:26.701 [http-nio-8080-exec-263] INFO  b.s.h.service.BookingManager - Услуга id=1 добавлена гостю id=19, usage id=10
2026-02-20 14:11:37.036 [Catalina-utility-2] INFO  o.s.web.context.ContextLoader - Root WebApplicationContext: initialization started
2026-02-20 14:11:37.585 [Catalina-utility-2] INFO  org.hibernate.Version - HHH000412: Hibernate ORM core version 6.5.2.Final
2026-02-20 14:11:37.614 [Catalina-utility-2] INFO  o.h.c.i.RegionFactoryInitiator - HHH000026: Second-level cache disabled
2026-02-20 14:11:37.709 [Catalina-utility-2] WARN  org.hibernate.orm.deprecation - HHH90000025: PostgreSQLDialect does not need to be specified explicitly using 'hibernate.dialect' (remove the property setting and it will be selected by default)
2026-02-20 14:11:38.379 [Catalina-utility-2] INFO  o.h.e.t.j.p.i.JtaPlatformInitiator - HHH000489: No JTA platform available (set 'hibernate.transaction.jta.platform' to enable JTA platform integration)
2026-02-20 14:11:38.560 [Catalina-utility-2] INFO  o.s.web.context.ContextLoader - Root WebApplicationContext initialized in 1523 ms
2026-02-20 14:11:38.560 [Catalina-utility-2] INFO  o.s.web.servlet.DispatcherServlet - Initializing Servlet 'dispatcher'
2026-02-20 14:11:38.623 [Catalina-utility-2] INFO  o.h.c.i.RegionFactoryInitiator - HHH000026: Second-level cache disabled
2026-02-20 14:11:38.633 [Catalina-utility-2] WARN  org.hibernate.orm.deprecation - HHH90000025: PostgreSQLDialect does not need to be specified explicitly using 'hibernate.dialect' (remove the property setting and it will be selected by default)
2026-02-20 14:11:38.669 [Catalina-utility-2] INFO  o.h.e.t.j.p.i.JtaPlatformInitiator - HHH000489: No JTA platform available (set 'hibernate.transaction.jta.platform' to enable JTA platform integration)
2026-02-20 14:11:38.709 [Catalina-utility-2] INFO  o.s.web.servlet.DispatcherServlet - Completed initialization in 149 ms
2026-02-20 14:12:11.827 [http-nio-8080-exec-268] INFO  b.s.h.service.BookingManager - Начало добавления услуги id=1 гостю id=19, количество=3, дата=2026-02-20
2026-02-20 14:12:12.121 [http-nio-8080-exec-268] INFO  b.s.h.service.BookingManager - Услуга id=1 добавлена гостю id=19, usage id=11
2026-02-20 14:38:53.741 [Catalina-utility-2] INFO  o.s.web.context.ContextLoader - Root WebApplicationContext: initialization started
2026-02-20 14:38:54.570 [http-nio-8080-exec-271] WARN  o.s.web.servlet.PageNotFound - No mapping for GET /hoteladmin/api/guests
2026-02-20 14:38:54.572 [http-nio-8080-exec-271] ERROR b.s.h.e.GlobalExceptionHandler - Непредвиденная ошибка: 
org.springframework.web.servlet.NoHandlerFoundException: No endpoint GET /hoteladmin/api/guests.
	at org.springframework.web.servlet.DispatcherServlet.noHandlerFound(DispatcherServlet.java:1177)
	at org.springframework.web.servlet.DispatcherServlet.doDispatch(DispatcherServlet.java:953)
	at org.springframework.web.servlet.DispatcherServlet.doService(DispatcherServlet.java:866)
	at org.springframework.web.servlet.FrameworkServlet.processRequest(FrameworkServlet.java:1003)
	at org.springframework.web.servlet.FrameworkServlet.doGet(FrameworkServlet.java:892)
	at jakarta.servlet.http.HttpServlet.service(HttpServlet.java:622)
	at org.springframework.web.servlet.FrameworkServlet.service(FrameworkServlet.java:874)
	at jakarta.servlet.http.HttpServlet.service(HttpServlet.java:710)
	at org.apache.catalina.core.ApplicationFilterChain.doFilter(ApplicationFilterChain.java:128)
	at org.apache.tomcat.websocket.server.WsFilter.doFilter(WsFilter.java:53)
	at org.apache.catalina.core.ApplicationFilterChain.doFilter(ApplicationFilterChain.java:107)
	at org.apache.catalina.core.StandardWrapperValve.invoke(StandardWrapperValve.java:165)
	at org.apache.catalina.core.StandardContextValve.invoke(StandardContextValve.java:77)
	at org.apache.catalina.authenticator.AuthenticatorBase.invoke(AuthenticatorBase.java:482)
	at org.apache.catalina.core.StandardHostValve.invoke(StandardHostValve.java:113)
	at org.apache.catalina.valves.ErrorReportValve.invoke(ErrorReportValve.java:83)
	at org.apache.catalina.valves.AbstractAccessLogValve.invoke(AbstractAccessLogValve.java:654)
	at org.apache.catalina.core.StandardEngineValve.invoke(StandardEngineValve.java:72)
	at org.apache.catalina.connector.CoyoteAdapter.service(CoyoteAdapter.java:341)
	at org.apache.coyote.http11.Http11Processor.service(Http11Processor.java:397)
	at org.apache.coyote.AbstractProcessorLight.process(AbstractProcessorLight.java:63)
	at org.apache.coyote.AbstractProtocol$ConnectionHandler.process(AbstractProtocol.java:903)
	at org.apache.tomcat.util.net.NioEndpoint$SocketProcessor.doRun(NioEndpoint.java:1778)
	at org.apache.tomcat.util.net.SocketProcessorBase.run(SocketProcessorBase.java:52)
	at org.apache.tomcat.util.threads.ThreadPoolExecutor.runWorker(ThreadPoolExecutor.java:946)
	at org.apache.tomcat.util.threads.ThreadPoolExecutor$Worker.run(ThreadPoolExecutor.java:480)
	at org.apache.tomcat.util.threads.TaskThread$WrappingRunnable.run(TaskThread.java:57)
	at java.base/java.lang.Thread.run(Thread.java:1575)
2026-02-20 14:38:54.851 [Catalina-utility-2] INFO  org.hibernate.Version - HHH000412: Hibernate ORM core version 6.5.2.Final
2026-02-20 14:38:55.476 [Catalina-utility-2] INFO  o.h.c.i.RegionFactoryInitiator - HHH000026: Second-level cache disabled
2026-02-20 14:38:55.575 [Catalina-utility-2] WARN  org.hibernate.orm.deprecation - HHH90000025: PostgreSQLDialect does not need to be specified explicitly using 'hibernate.dialect' (remove the property setting and it will be selected by default)
2026-02-20 14:38:55.894 [http-nio-8080-exec-269] WARN  o.s.web.servlet.PageNotFound - No mapping for GET /hoteladmin/api/guests
2026-02-20 14:38:55.894 [http-nio-8080-exec-269] ERROR b.s.h.e.GlobalExceptionHandler - Непредвиденная ошибка: 
org.springframework.web.servlet.NoHandlerFoundException: No endpoint GET /hoteladmin/api/guests.
	at org.springframework.web.servlet.DispatcherServlet.noHandlerFound(DispatcherServlet.java:1177)
	at org.springframework.web.servlet.DispatcherServlet.doDispatch(DispatcherServlet.java:953)
	at org.springframework.web.servlet.DispatcherServlet.doService(DispatcherServlet.java:866)
	at org.springframework.web.servlet.FrameworkServlet.processRequest(FrameworkServlet.java:1003)
	at org.springframework.web.servlet.FrameworkServlet.doGet(FrameworkServlet.java:892)
	at jakarta.servlet.http.HttpServlet.service(HttpServlet.java:622)
	at org.springframework.web.servlet.FrameworkServlet.service(FrameworkServlet.java:874)
	at jakarta.servlet.http.HttpServlet.service(HttpServlet.java:710)
	at org.apache.catalina.core.ApplicationFilterChain.doFilter(ApplicationFilterChain.java:128)
	at org.apache.tomcat.websocket.server.WsFilter.doFilter(WsFilter.java:53)
	at org.apache.catalina.core.ApplicationFilterChain.doFilter(ApplicationFilterChain.java:107)
	at org.apache.catalina.core.StandardWrapperValve.invoke(StandardWrapperValve.java:165)
	at org.apache.catalina.core.StandardContextValve.invoke(StandardContextValve.java:77)
	at org.apache.catalina.authenticator.AuthenticatorBase.invoke(AuthenticatorBase.java:482)
	at org.apache.catalina.core.StandardHostValve.invoke(StandardHostValve.java:113)
	at org.apache.catalina.valves.ErrorReportValve.invoke(ErrorReportValve.java:83)
	at org.apache.catalina.valves.AbstractAccessLogValve.invoke(AbstractAccessLogValve.java:654)
	at org.apache.catalina.core.StandardEngineValve.invoke(StandardEngineValve.java:72)
	at org.apache.catalina.connector.CoyoteAdapter.service(CoyoteAdapter.java:341)
	at org.apache.coyote.http11.Http11Processor.service(Http11Processor.java:397)
	at org.apache.coyote.AbstractProcessorLight.process(AbstractProcessorLight.java:63)
	at org.apache.coyote.AbstractProtocol$ConnectionHandler.process(AbstractProtocol.java:903)
	at org.apache.tomcat.util.net.NioEndpoint$SocketProcessor.doRun(NioEndpoint.java:1778)
	at org.apache.tomcat.util.net.SocketProcessorBase.run(SocketProcessorBase.java:52)
	at org.apache.tomcat.util.threads.ThreadPoolExecutor.runWorker(ThreadPoolExecutor.java:946)
	at org.apache.tomcat.util.threads.ThreadPoolExecutor$Worker.run(ThreadPoolExecutor.java:480)
	at org.apache.tomcat.util.threads.TaskThread$WrappingRunnable.run(TaskThread.java:57)
	at java.base/java.lang.Thread.run(Thread.java:1575)
2026-02-20 14:38:56.342 [Catalina-utility-2] INFO  o.h.e.t.j.p.i.JtaPlatformInitiator - HHH000489: No JTA platform available (set 'hibernate.transaction.jta.platform' to enable JTA platform integration)
2026-02-20 14:38:56.548 [Catalina-utility-2] INFO  o.s.web.context.ContextLoader - Root WebApplicationContext initialized in 2806 ms
2026-02-20 14:38:56.549 [Catalina-utility-2] INFO  o.s.web.servlet.DispatcherServlet - Initializing Servlet 'dispatcher'
2026-02-20 14:38:56.611 [Catalina-utility-2] INFO  o.h.c.i.RegionFactoryInitiator - HHH000026: Second-level cache disabled
2026-02-20 14:38:56.620 [Catalina-utility-2] WARN  org.hibernate.orm.deprecation - HHH90000025: PostgreSQLDialect does not need to be specified explicitly using 'hibernate.dialect' (remove the property setting and it will be selected by default)
2026-02-20 14:38:56.654 [http-nio-8080-exec-277] WARN  o.s.web.servlet.PageNotFound - No mapping for GET /hoteladmin/api/guests
2026-02-20 14:38:56.654 [http-nio-8080-exec-277] ERROR b.s.h.e.GlobalExceptionHandler - Непредвиденная ошибка: 
org.springframework.web.servlet.NoHandlerFoundException: No endpoint GET /hoteladmin/api/guests.
	at org.springframework.web.servlet.DispatcherServlet.noHandlerFound(DispatcherServlet.java:1177)
	at org.springframework.web.servlet.DispatcherServlet.doDispatch(DispatcherServlet.java:953)
	at org.springframework.web.servlet.DispatcherServlet.doService(DispatcherServlet.java:866)
	at org.springframework.web.servlet.FrameworkServlet.processRequest(FrameworkServlet.java:1003)
	at org.springframework.web.servlet.FrameworkServlet.doGet(FrameworkServlet.java:892)
	at jakarta.servlet.http.HttpServlet.service(HttpServlet.java:622)
	at org.springframework.web.servlet.FrameworkServlet.service(FrameworkServlet.java:874)
	at jakarta.servlet.http.HttpServlet.service(HttpServlet.java:710)
	at org.apache.catalina.core.ApplicationFilterChain.doFilter(ApplicationFilterChain.java:128)
	at org.apache.tomcat.websocket.server.WsFilter.doFilter(WsFilter.java:53)
	at org.apache.catalina.core.ApplicationFilterChain.doFilter(ApplicationFilterChain.java:107)
	at org.apache.catalina.core.StandardWrapperValve.invoke(StandardWrapperValve.java:165)
	at org.apache.catalina.core.StandardContextValve.invoke(StandardContextValve.java:77)
	at org.apache.catalina.authenticator.AuthenticatorBase.invoke(AuthenticatorBase.java:482)
	at org.apache.catalina.core.StandardHostValve.invoke(StandardHostValve.java:113)
	at org.apache.catalina.valves.ErrorReportValve.invoke(ErrorReportValve.java:83)
	at org.apache.catalina.valves.AbstractAccessLogValve.invoke(AbstractAccessLogValve.java:654)
	at org.apache.catalina.core.StandardEngineValve.invoke(StandardEngineValve.java:72)
	at org.apache.catalina.connector.CoyoteAdapter.service(CoyoteAdapter.java:341)
	at org.apache.coyote.http11.Http11Processor.service(Http11Processor.java:397)
	at org.apache.coyote.AbstractProcessorLight.process(AbstractProcessorLight.java:63)
	at org.apache.coyote.AbstractProtocol$ConnectionHandler.process(AbstractProtocol.java:903)
	at org.apache.tomcat.util.net.NioEndpoint$SocketProcessor.doRun(NioEndpoint.java:1778)
	at org.apache.tomcat.util.net.SocketProcessorBase.run(SocketProcessorBase.java:52)
	at org.apache.tomcat.util.threads.ThreadPoolExecutor.runWorker(ThreadPoolExecutor.java:946)
	at org.apache.tomcat.util.threads.ThreadPoolExecutor$Worker.run(ThreadPoolExecutor.java:480)
	at org.apache.tomcat.util.threads.TaskThread$WrappingRunnable.run(TaskThread.java:57)
	at java.base/java.lang.Thread.run(Thread.java:1575)
2026-02-20 14:38:56.670 [Catalina-utility-2] INFO  o.h.e.t.j.p.i.JtaPlatformInitiator - HHH000489: No JTA platform available (set 'hibernate.transaction.jta.platform' to enable JTA platform integration)
2026-02-20 14:38:56.715 [Catalina-utility-2] INFO  o.s.web.servlet.DispatcherServlet - Completed initialization in 166 ms
2026-02-20 14:41:27.947 [Catalina-utility-1] INFO  o.s.web.context.ContextLoader - Root WebApplicationContext: initialization started
2026-02-20 14:41:28.583 [Catalina-utility-1] INFO  org.hibernate.Version - HHH000412: Hibernate ORM core version 6.5.2.Final
2026-02-20 14:41:28.613 [Catalina-utility-1] INFO  o.h.c.i.RegionFactoryInitiator - HHH000026: Second-level cache disabled
2026-02-20 14:41:28.698 [Catalina-utility-1] WARN  org.hibernate.orm.deprecation - HHH90000025: PostgreSQLDialect does not need to be specified explicitly using 'hibernate.dialect' (remove the property setting and it will be selected by default)
2026-02-20 14:41:29.396 [Catalina-utility-1] INFO  o.h.e.t.j.p.i.JtaPlatformInitiator - HHH000489: No JTA platform available (set 'hibernate.transaction.jta.platform' to enable JTA platform integration)
2026-02-20 14:41:29.577 [Catalina-utility-1] INFO  o.s.web.context.ContextLoader - Root WebApplicationContext initialized in 1628 ms
2026-02-20 14:41:29.578 [Catalina-utility-1] INFO  o.s.web.servlet.DispatcherServlet - Initializing Servlet 'dispatcher'
2026-02-20 14:41:29.629 [Catalina-utility-1] INFO  o.h.c.i.RegionFactoryInitiator - HHH000026: Second-level cache disabled
2026-02-20 14:41:29.637 [Catalina-utility-1] WARN  org.hibernate.orm.deprecation - HHH90000025: PostgreSQLDialect does not need to be specified explicitly using 'hibernate.dialect' (remove the property setting and it will be selected by default)
2026-02-20 14:41:29.674 [Catalina-utility-1] INFO  o.h.e.t.j.p.i.JtaPlatformInitiator - HHH000489: No JTA platform available (set 'hibernate.transaction.jta.platform' to enable JTA platform integration)
2026-02-20 14:41:29.704 [Catalina-utility-1] INFO  o.s.web.servlet.DispatcherServlet - Completed initialization in 126 ms
2026-02-20 14:43:21.411 [Catalina-utility-1] INFO  o.s.web.context.ContextLoader - Root WebApplicationContext: initialization started
2026-02-20 14:43:22.096 [Catalina-utility-1] INFO  org.hibernate.Version - HHH000412: Hibernate ORM core version 6.5.2.Final
2026-02-20 14:43:22.129 [Catalina-utility-1] INFO  o.h.c.i.RegionFactoryInitiator - HHH000026: Second-level cache disabled
2026-02-20 14:43:22.232 [Catalina-utility-1] WARN  org.hibernate.orm.deprecation - HHH90000025: PostgreSQLDialect does not need to be specified explicitly using 'hibernate.dialect' (remove the property setting and it will be selected by default)
2026-02-20 14:43:23.030 [Catalina-utility-1] INFO  o.h.e.t.j.p.i.JtaPlatformInitiator - HHH000489: No JTA platform available (set 'hibernate.transaction.jta.platform' to enable JTA platform integration)
2026-02-20 14:43:23.254 [Catalina-utility-1] INFO  o.s.web.context.ContextLoader - Root WebApplicationContext initialized in 1842 ms
2026-02-20 14:43:23.255 [Catalina-utility-1] INFO  o.s.web.servlet.DispatcherServlet - Initializing Servlet 'dispatcher'
2026-02-20 14:43:23.311 [Catalina-utility-1] INFO  o.h.c.i.RegionFactoryInitiator - HHH000026: Second-level cache disabled
2026-02-20 14:43:23.322 [Catalina-utility-1] WARN  org.hibernate.orm.deprecation - HHH90000025: PostgreSQLDialect does not need to be specified explicitly using 'hibernate.dialect' (remove the property setting and it will be selected by default)
2026-02-20 14:43:23.363 [Catalina-utility-1] INFO  o.h.e.t.j.p.i.JtaPlatformInitiator - HHH000489: No JTA platform available (set 'hibernate.transaction.jta.platform' to enable JTA platform integration)
2026-02-20 14:43:23.399 [Catalina-utility-1] INFO  o.s.web.servlet.DispatcherServlet - Completed initialization in 144 ms
2026-02-20 14:45:15.332 [Catalina-utility-1] INFO  o.s.web.context.ContextLoader - Root WebApplicationContext: initialization started
2026-02-20 14:45:15.876 [Catalina-utility-1] INFO  org.hibernate.Version - HHH000412: Hibernate ORM core version 6.5.2.Final
2026-02-20 14:45:15.904 [Catalina-utility-1] INFO  o.h.c.i.RegionFactoryInitiator - HHH000026: Second-level cache disabled
2026-02-20 14:45:15.996 [Catalina-utility-1] WARN  org.hibernate.orm.deprecation - HHH90000025: PostgreSQLDialect does not need to be specified explicitly using 'hibernate.dialect' (remove the property setting and it will be selected by default)
2026-02-20 14:45:16.676 [Catalina-utility-1] INFO  o.h.e.t.j.p.i.JtaPlatformInitiator - HHH000489: No JTA platform available (set 'hibernate.transaction.jta.platform' to enable JTA platform integration)
2026-02-20 14:45:16.856 [Catalina-utility-1] INFO  o.s.web.context.ContextLoader - Root WebApplicationContext initialized in 1523 ms
2026-02-20 14:45:16.857 [Catalina-utility-1] INFO  o.s.web.servlet.DispatcherServlet - Initializing Servlet 'dispatcher'
2026-02-20 14:45:16.908 [Catalina-utility-1] INFO  o.h.c.i.RegionFactoryInitiator - HHH000026: Second-level cache disabled
2026-02-20 14:45:16.916 [Catalina-utility-1] WARN  org.hibernate.orm.deprecation - HHH90000025: PostgreSQLDialect does not need to be specified explicitly using 'hibernate.dialect' (remove the property setting and it will be selected by default)
2026-02-20 14:45:16.950 [Catalina-utility-1] INFO  o.h.e.t.j.p.i.JtaPlatformInitiator - HHH000489: No JTA platform available (set 'hibernate.transaction.jta.platform' to enable JTA platform integration)
2026-02-20 14:45:16.987 [Catalina-utility-1] INFO  o.s.web.servlet.DispatcherServlet - Completed initialization in 130 ms
2026-02-20 16:03:48.210 [Catalina-utility-2] INFO  o.s.web.context.ContextLoader - Root WebApplicationContext: initialization started
2026-02-20 16:03:49.502 [Catalina-utility-2] INFO  org.hibernate.Version - HHH000412: Hibernate ORM core version 6.5.2.Final
2026-02-20 16:03:49.533 [Catalina-utility-2] INFO  o.h.c.i.RegionFactoryInitiator - HHH000026: Second-level cache disabled
2026-02-20 16:03:49.809 [Catalina-utility-2] WARN  org.hibernate.orm.deprecation - HHH90000025: PostgreSQLDialect does not need to be specified explicitly using 'hibernate.dialect' (remove the property setting and it will be selected by default)
2026-02-20 16:03:50.562 [Catalina-utility-2] INFO  o.h.e.t.j.p.i.JtaPlatformInitiator - HHH000489: No JTA platform available (set 'hibernate.transaction.jta.platform' to enable JTA platform integration)
2026-02-20 16:03:50.753 [Catalina-utility-2] INFO  o.s.web.context.ContextLoader - Root WebApplicationContext initialized in 2543 ms
2026-02-20 16:03:50.753 [Catalina-utility-2] INFO  o.s.web.servlet.DispatcherServlet - Initializing Servlet 'dispatcher'
2026-02-20 16:03:50.810 [Catalina-utility-2] INFO  o.h.c.i.RegionFactoryInitiator - HHH000026: Second-level cache disabled
2026-02-20 16:03:50.819 [Catalina-utility-2] WARN  org.hibernate.orm.deprecation - HHH90000025: PostgreSQLDialect does not need to be specified explicitly using 'hibernate.dialect' (remove the property setting and it will be selected by default)
2026-02-20 16:03:50.856 [Catalina-utility-2] INFO  o.h.e.t.j.p.i.JtaPlatformInitiator - HHH000489: No JTA platform available (set 'hibernate.transaction.jta.platform' to enable JTA platform integration)
2026-02-20 16:03:50.891 [Catalina-utility-2] INFO  o.s.web.servlet.DispatcherServlet - Completed initialization in 138 ms
2026-02-20 16:09:52.407 [Catalina-utility-1] INFO  o.s.web.context.ContextLoader - Root WebApplicationContext: initialization started
2026-02-20 16:09:52.968 [Catalina-utility-1] INFO  org.hibernate.Version - HHH000412: Hibernate ORM core version 6.5.2.Final
2026-02-20 16:09:52.998 [Catalina-utility-1] INFO  o.h.c.i.RegionFactoryInitiator - HHH000026: Second-level cache disabled
2026-02-20 16:09:53.092 [Catalina-utility-1] WARN  org.hibernate.orm.deprecation - HHH90000025: PostgreSQLDialect does not need to be specified explicitly using 'hibernate.dialect' (remove the property setting and it will be selected by default)
2026-02-20 16:09:54.460 [Catalina-utility-1] INFO  o.h.e.t.j.p.i.JtaPlatformInitiator - HHH000489: No JTA platform available (set 'hibernate.transaction.jta.platform' to enable JTA platform integration)
2026-02-20 16:09:54.673 [Catalina-utility-1] INFO  o.s.web.context.ContextLoader - Root WebApplicationContext initialized in 2265 ms
2026-02-20 16:09:54.674 [Catalina-utility-1] INFO  o.s.web.servlet.DispatcherServlet - Initializing Servlet 'dispatcher'
2026-02-20 16:09:54.786 [Catalina-utility-1] INFO  o.h.c.i.RegionFactoryInitiator - HHH000026: Second-level cache disabled
2026-02-20 16:09:54.806 [Catalina-utility-1] WARN  org.hibernate.orm.deprecation - HHH90000025: PostgreSQLDialect does not need to be specified explicitly using 'hibernate.dialect' (remove the property setting and it will be selected by default)
2026-02-20 16:09:55.089 [Catalina-utility-1] INFO  o.h.e.t.j.p.i.JtaPlatformInitiator - HHH000489: No JTA platform available (set 'hibernate.transaction.jta.platform' to enable JTA platform integration)
2026-02-20 16:09:55.164 [Catalina-utility-1] INFO  o.s.web.servlet.DispatcherServlet - Completed initialization in 490 ms
2026-02-20 16:14:46.721 [Catalina-utility-1] INFO  o.s.web.context.ContextLoader - Root WebApplicationContext: initialization started
2026-02-20 16:14:47.525 [Catalina-utility-1] INFO  org.hibernate.Version - HHH000412: Hibernate ORM core version 6.5.2.Final
2026-02-20 16:14:47.558 [Catalina-utility-1] INFO  o.h.c.i.RegionFactoryInitiator - HHH000026: Second-level cache disabled
2026-02-20 16:14:47.671 [Catalina-utility-1] WARN  org.hibernate.orm.deprecation - HHH90000025: PostgreSQLDialect does not need to be specified explicitly using 'hibernate.dialect' (remove the property setting and it will be selected by default)
2026-02-20 16:14:48.352 [Catalina-utility-1] INFO  o.h.e.t.j.p.i.JtaPlatformInitiator - HHH000489: No JTA platform available (set 'hibernate.transaction.jta.platform' to enable JTA platform integration)
2026-02-20 16:14:48.531 [Catalina-utility-1] INFO  o.s.web.context.ContextLoader - Root WebApplicationContext initialized in 1810 ms
2026-02-20 16:14:48.532 [Catalina-utility-1] INFO  o.s.web.servlet.DispatcherServlet - Initializing Servlet 'dispatcher'
2026-02-20 16:14:48.589 [Catalina-utility-1] INFO  o.h.c.i.RegionFactoryInitiator - HHH000026: Second-level cache disabled
2026-02-20 16:14:48.600 [Catalina-utility-1] WARN  org.hibernate.orm.deprecation - HHH90000025: PostgreSQLDialect does not need to be specified explicitly using 'hibernate.dialect' (remove the property setting and it will be selected by default)
2026-02-20 16:14:48.635 [Catalina-utility-1] INFO  o.h.e.t.j.p.i.JtaPlatformInitiator - HHH000489: No JTA platform available (set 'hibernate.transaction.jta.platform' to enable JTA platform integration)
2026-02-20 16:14:48.688 [Catalina-utility-1] INFO  o.s.web.servlet.DispatcherServlet - Completed initialization in 156 ms
2026-02-20 16:17:29.748 [Catalina-utility-1] INFO  o.s.web.context.ContextLoader - Root WebApplicationContext: initialization started
2026-02-20 16:17:30.497 [Catalina-utility-1] INFO  org.hibernate.Version - HHH000412: Hibernate ORM core version 6.5.2.Final
2026-02-20 16:17:30.546 [Catalina-utility-1] INFO  o.h.c.i.RegionFactoryInitiator - HHH000026: Second-level cache disabled
2026-02-20 16:17:30.673 [Catalina-utility-1] WARN  org.hibernate.orm.deprecation - HHH90000025: PostgreSQLDialect does not need to be specified explicitly using 'hibernate.dialect' (remove the property setting and it will be selected by default)
2026-02-20 16:17:31.517 [Catalina-utility-1] INFO  o.h.e.t.j.p.i.JtaPlatformInitiator - HHH000489: No JTA platform available (set 'hibernate.transaction.jta.platform' to enable JTA platform integration)
2026-02-20 16:17:31.699 [Catalina-utility-1] INFO  o.s.web.context.ContextLoader - Root WebApplicationContext initialized in 1950 ms
2026-02-20 16:17:31.700 [Catalina-utility-1] INFO  o.s.web.servlet.DispatcherServlet - Initializing Servlet 'dispatcher'
2026-02-20 16:17:31.755 [Catalina-utility-1] INFO  o.h.c.i.RegionFactoryInitiator - HHH000026: Second-level cache disabled
2026-02-20 16:17:31.767 [Catalina-utility-1] WARN  org.hibernate.orm.deprecation - HHH90000025: PostgreSQLDialect does not need to be specified explicitly using 'hibernate.dialect' (remove the property setting and it will be selected by default)
2026-02-20 16:17:31.803 [Catalina-utility-1] INFO  o.h.e.t.j.p.i.JtaPlatformInitiator - HHH000489: No JTA platform available (set 'hibernate.transaction.jta.platform' to enable JTA platform integration)
2026-02-20 16:17:31.837 [Catalina-utility-1] INFO  o.s.web.servlet.DispatcherServlet - Completed initialization in 137 ms
2026-02-20 16:18:52.614 [http-nio-8080-exec-337] WARN  o.s.web.servlet.PageNotFound - No mapping for GET /hoteladmin/api/amenities
2026-02-20 16:18:53.744 [http-nio-8080-exec-339] WARN  o.s.web.servlet.PageNotFound - No mapping for GET /hoteladmin/api/amenities
2026-02-20 16:21:43.765 [http-nio-8080-exec-340] WARN  o.s.web.servlet.PageNotFound - No mapping for GET /hoteladmin/api/amenities
2026-02-20 16:21:43.766 [http-nio-8080-exec-340] ERROR b.s.h.e.GlobalExceptionHandler - Непредвиденная ошибка: 
org.springframework.web.servlet.NoHandlerFoundException: No endpoint GET /hoteladmin/api/amenities.
	at org.springframework.web.servlet.DispatcherServlet.noHandlerFound(DispatcherServlet.java:1177)
	at org.springframework.web.servlet.DispatcherServlet.doDispatch(DispatcherServlet.java:953)
	at org.springframework.web.servlet.DispatcherServlet.doService(DispatcherServlet.java:866)
	at org.springframework.web.servlet.FrameworkServlet.processRequest(FrameworkServlet.java:1003)
	at org.springframework.web.servlet.FrameworkServlet.doGet(FrameworkServlet.java:892)
	at jakarta.servlet.http.HttpServlet.service(HttpServlet.java:622)
	at org.springframework.web.servlet.FrameworkServlet.service(FrameworkServlet.java:874)
	at jakarta.servlet.http.HttpServlet.service(HttpServlet.java:710)
	at org.apache.catalina.core.ApplicationFilterChain.doFilter(ApplicationFilterChain.java:128)
	at org.apache.tomcat.websocket.server.WsFilter.doFilter(WsFilter.java:53)
	at org.apache.catalina.core.ApplicationFilterChain.doFilter(ApplicationFilterChain.java:107)
	at org.apache.catalina.core.StandardWrapperValve.invoke(StandardWrapperValve.java:165)
	at org.apache.catalina.core.StandardContextValve.invoke(StandardContextValve.java:77)
	at org.apache.catalina.authenticator.AuthenticatorBase.invoke(AuthenticatorBase.java:482)
	at org.apache.catalina.core.StandardHostValve.invoke(StandardHostValve.java:113)
	at org.apache.catalina.valves.ErrorReportValve.invoke(ErrorReportValve.java:83)
	at org.apache.catalina.valves.AbstractAccessLogValve.invoke(AbstractAccessLogValve.java:654)
	at org.apache.catalina.core.StandardEngineValve.invoke(StandardEngineValve.java:72)
	at org.apache.catalina.connector.CoyoteAdapter.service(CoyoteAdapter.java:341)
	at org.apache.coyote.http11.Http11Processor.service(Http11Processor.java:397)
	at org.apache.coyote.AbstractProcessorLight.process(AbstractProcessorLight.java:63)
	at org.apache.coyote.AbstractProtocol$ConnectionHandler.process(AbstractProtocol.java:903)
	at org.apache.tomcat.util.net.NioEndpoint$SocketProcessor.doRun(NioEndpoint.java:1778)
	at org.apache.tomcat.util.net.SocketProcessorBase.run(SocketProcessorBase.java:52)
	at org.apache.tomcat.util.threads.ThreadPoolExecutor.runWorker(ThreadPoolExecutor.java:946)
	at org.apache.tomcat.util.threads.ThreadPoolExecutor$Worker.run(ThreadPoolExecutor.java:480)
	at org.apache.tomcat.util.threads.TaskThread$WrappingRunnable.run(TaskThread.java:57)
	at java.base/java.lang.Thread.run(Thread.java:1575)
2026-02-20 16:21:43.960 [Catalina-utility-1] INFO  o.s.web.context.ContextLoader - Root WebApplicationContext: initialization started
2026-02-20 16:21:44.502 [Catalina-utility-1] INFO  org.hibernate.Version - HHH000412: Hibernate ORM core version 6.5.2.Final
2026-02-20 16:21:44.534 [Catalina-utility-1] INFO  o.h.c.i.RegionFactoryInitiator - HHH000026: Second-level cache disabled
2026-02-20 16:21:44.642 [Catalina-utility-1] WARN  org.hibernate.orm.deprecation - HHH90000025: PostgreSQLDialect does not need to be specified explicitly using 'hibernate.dialect' (remove the property setting and it will be selected by default)
2026-02-20 16:21:45.423 [Catalina-utility-1] INFO  o.h.e.t.j.p.i.JtaPlatformInitiator - HHH000489: No JTA platform available (set 'hibernate.transaction.jta.platform' to enable JTA platform integration)
2026-02-20 16:21:45.443 [http-nio-8080-exec-344] WARN  o.s.web.servlet.PageNotFound - No mapping for GET /hoteladmin/api/amenities
2026-02-20 16:21:45.443 [http-nio-8080-exec-344] ERROR b.s.h.e.GlobalExceptionHandler - Непредвиденная ошибка: 
org.springframework.web.servlet.NoHandlerFoundException: No endpoint GET /hoteladmin/api/amenities.
	at org.springframework.web.servlet.DispatcherServlet.noHandlerFound(DispatcherServlet.java:1177)
	at org.springframework.web.servlet.DispatcherServlet.doDispatch(DispatcherServlet.java:953)
	at org.springframework.web.servlet.DispatcherServlet.doService(DispatcherServlet.java:866)
	at org.springframework.web.servlet.FrameworkServlet.processRequest(FrameworkServlet.java:1003)
	at org.springframework.web.servlet.FrameworkServlet.doGet(FrameworkServlet.java:892)
	at jakarta.servlet.http.HttpServlet.service(HttpServlet.java:622)
	at org.springframework.web.servlet.FrameworkServlet.service(FrameworkServlet.java:874)
	at jakarta.servlet.http.HttpServlet.service(HttpServlet.java:710)
	at org.apache.catalina.core.ApplicationFilterChain.doFilter(ApplicationFilterChain.java:128)
	at org.apache.tomcat.websocket.server.WsFilter.doFilter(WsFilter.java:53)
	at org.apache.catalina.core.ApplicationFilterChain.doFilter(ApplicationFilterChain.java:107)
	at org.apache.catalina.core.StandardWrapperValve.invoke(StandardWrapperValve.java:165)
	at org.apache.catalina.core.StandardContextValve.invoke(StandardContextValve.java:77)
	at org.apache.catalina.authenticator.AuthenticatorBase.invoke(AuthenticatorBase.java:482)
	at org.apache.catalina.core.StandardHostValve.invoke(StandardHostValve.java:113)
	at org.apache.catalina.valves.ErrorReportValve.invoke(ErrorReportValve.java:83)
	at org.apache.catalina.valves.AbstractAccessLogValve.invoke(AbstractAccessLogValve.java:654)
	at org.apache.catalina.core.StandardEngineValve.invoke(StandardEngineValve.java:72)
	at org.apache.catalina.connector.CoyoteAdapter.service(CoyoteAdapter.java:341)
	at org.apache.coyote.http11.Http11Processor.service(Http11Processor.java:397)
	at org.apache.coyote.AbstractProcessorLight.process(AbstractProcessorLight.java:63)
	at org.apache.coyote.AbstractProtocol$ConnectionHandler.process(AbstractProtocol.java:903)
	at org.apache.tomcat.util.net.NioEndpoint$SocketProcessor.doRun(NioEndpoint.java:1778)
	at org.apache.tomcat.util.net.SocketProcessorBase.run(SocketProcessorBase.java:52)
	at org.apache.tomcat.util.threads.ThreadPoolExecutor.runWorker(ThreadPoolExecutor.java:946)
	at org.apache.tomcat.util.threads.ThreadPoolExecutor$Worker.run(ThreadPoolExecutor.java:480)
	at org.apache.tomcat.util.threads.TaskThread$WrappingRunnable.run(TaskThread.java:57)
	at java.base/java.lang.Thread.run(Thread.java:1575)
2026-02-20 16:21:46.155 [Catalina-utility-1] INFO  o.s.web.context.ContextLoader - Root WebApplicationContext initialized in 2194 ms
2026-02-20 16:21:46.160 [Catalina-utility-1] INFO  o.s.web.servlet.DispatcherServlet - Initializing Servlet 'dispatcher'
2026-02-20 16:21:46.334 [Catalina-utility-1] INFO  o.h.c.i.RegionFactoryInitiator - HHH000026: Second-level cache disabled
2026-02-20 16:21:46.383 [Catalina-utility-1] WARN  org.hibernate.orm.deprecation - HHH90000025: PostgreSQLDialect does not need to be specified explicitly using 'hibernate.dialect' (remove the property setting and it will be selected by default)
2026-02-20 16:21:46.448 [Catalina-utility-1] INFO  o.h.e.t.j.p.i.JtaPlatformInitiator - HHH000489: No JTA platform available (set 'hibernate.transaction.jta.platform' to enable JTA platform integration)
2026-02-20 16:21:46.535 [Catalina-utility-1] INFO  o.s.web.servlet.DispatcherServlet - Completed initialization in 375 ms
2026-02-20 17:49:17.053 [Catalina-utility-1] INFO  o.s.web.context.ContextLoader - Root WebApplicationContext: initialization started
2026-02-20 17:49:17.585 [Catalina-utility-1] INFO  org.hibernate.Version - HHH000412: Hibernate ORM core version 6.5.2.Final
2026-02-20 17:49:17.614 [Catalina-utility-1] INFO  o.h.c.i.RegionFactoryInitiator - HHH000026: Second-level cache disabled
2026-02-20 17:49:17.708 [Catalina-utility-1] WARN  org.hibernate.orm.deprecation - HHH90000025: PostgreSQLDialect does not need to be specified explicitly using 'hibernate.dialect' (remove the property setting and it will be selected by default)
2026-02-20 17:49:19.124 [Catalina-utility-1] INFO  o.h.e.t.j.p.i.JtaPlatformInitiator - HHH000489: No JTA platform available (set 'hibernate.transaction.jta.platform' to enable JTA platform integration)
2026-02-20 17:49:19.315 [Catalina-utility-1] INFO  o.s.web.context.ContextLoader - Root WebApplicationContext initialized in 2261 ms
2026-02-20 17:49:19.318 [Catalina-utility-1] INFO  o.s.web.servlet.DispatcherServlet - Initializing Servlet 'dispatcher'
2026-02-20 17:49:19.371 [Catalina-utility-1] INFO  o.h.c.i.RegionFactoryInitiator - HHH000026: Second-level cache disabled
2026-02-20 17:49:19.382 [Catalina-utility-1] WARN  org.hibernate.orm.deprecation - HHH90000025: PostgreSQLDialect does not need to be specified explicitly using 'hibernate.dialect' (remove the property setting and it will be selected by default)
2026-02-20 17:49:19.418 [Catalina-utility-1] INFO  o.h.e.t.j.p.i.JtaPlatformInitiator - HHH000489: No JTA platform available (set 'hibernate.transaction.jta.platform' to enable JTA platform integration)
2026-02-20 17:49:19.454 [Catalina-utility-1] INFO  o.s.web.servlet.DispatcherServlet - Completed initialization in 136 ms
2026-02-20 17:51:23.622 [http-nio-8080-exec-359] WARN  o.s.web.servlet.PageNotFound - No mapping for GET /hoteladmin/api/amenities/1
2026-02-20 17:51:34.150 [http-nio-8080-exec-356] WARN  o.s.web.servlet.PageNotFound - No mapping for GET /hoteladmin/api/amenities/2
2026-02-20 17:51:44.003 [http-nio-8080-exec-360] WARN  o.s.web.servlet.PageNotFound - No mapping for GET /hoteladmin/api/amenities/2
2026-02-20 17:55:31.014 [Catalina-utility-1] INFO  o.s.web.context.ContextLoader - Root WebApplicationContext: initialization started
2026-02-20 17:55:31.559 [Catalina-utility-1] INFO  org.hibernate.Version - HHH000412: Hibernate ORM core version 6.5.2.Final
2026-02-20 17:55:31.594 [Catalina-utility-1] INFO  o.h.c.i.RegionFactoryInitiator - HHH000026: Second-level cache disabled
2026-02-20 17:55:31.682 [Catalina-utility-1] WARN  org.hibernate.orm.deprecation - HHH90000025: PostgreSQLDialect does not need to be specified explicitly using 'hibernate.dialect' (remove the property setting and it will be selected by default)
2026-02-20 17:55:31.705 [http-nio-8080-exec-364] WARN  o.s.web.servlet.PageNotFound - No mapping for GET /hoteladmin/api/amenities
2026-02-20 17:55:31.706 [http-nio-8080-exec-364] ERROR b.s.h.e.GlobalExceptionHandler - Непредвиденная ошибка: 
org.springframework.web.servlet.NoHandlerFoundException: No endpoint GET /hoteladmin/api/amenities.
	at org.springframework.web.servlet.DispatcherServlet.noHandlerFound(DispatcherServlet.java:1177)
	at org.springframework.web.servlet.DispatcherServlet.doDispatch(DispatcherServlet.java:953)
	at org.springframework.web.servlet.DispatcherServlet.doService(DispatcherServlet.java:866)
	at org.springframework.web.servlet.FrameworkServlet.processRequest(FrameworkServlet.java:1003)
	at org.springframework.web.servlet.FrameworkServlet.doGet(FrameworkServlet.java:892)
	at jakarta.servlet.http.HttpServlet.service(HttpServlet.java:622)
	at org.springframework.web.servlet.FrameworkServlet.service(FrameworkServlet.java:874)
	at jakarta.servlet.http.HttpServlet.service(HttpServlet.java:710)
	at org.apache.catalina.core.ApplicationFilterChain.doFilter(ApplicationFilterChain.java:128)
	at org.apache.tomcat.websocket.server.WsFilter.doFilter(WsFilter.java:53)
	at org.apache.catalina.core.ApplicationFilterChain.doFilter(ApplicationFilterChain.java:107)
	at org.apache.catalina.core.StandardWrapperValve.invoke(StandardWrapperValve.java:165)
	at org.apache.catalina.core.StandardContextValve.invoke(StandardContextValve.java:77)
	at org.apache.catalina.authenticator.AuthenticatorBase.invoke(AuthenticatorBase.java:482)
	at org.apache.catalina.core.StandardHostValve.invoke(StandardHostValve.java:113)
	at org.apache.catalina.valves.ErrorReportValve.invoke(ErrorReportValve.java:83)
	at org.apache.catalina.valves.AbstractAccessLogValve.invoke(AbstractAccessLogValve.java:654)
	at org.apache.catalina.core.StandardEngineValve.invoke(StandardEngineValve.java:72)
	at org.apache.catalina.connector.CoyoteAdapter.service(CoyoteAdapter.java:341)
	at org.apache.coyote.http11.Http11Processor.service(Http11Processor.java:397)
	at org.apache.coyote.AbstractProcessorLight.process(AbstractProcessorLight.java:63)
	at org.apache.coyote.AbstractProtocol$ConnectionHandler.process(AbstractProtocol.java:903)
	at org.apache.tomcat.util.net.NioEndpoint$SocketProcessor.doRun(NioEndpoint.java:1778)
	at org.apache.tomcat.util.net.SocketProcessorBase.run(SocketProcessorBase.java:52)
	at org.apache.tomcat.util.threads.ThreadPoolExecutor.runWorker(ThreadPoolExecutor.java:946)
	at org.apache.tomcat.util.threads.ThreadPoolExecutor$Worker.run(ThreadPoolExecutor.java:480)
	at org.apache.tomcat.util.threads.TaskThread$WrappingRunnable.run(TaskThread.java:57)
	at java.base/java.lang.Thread.run(Thread.java:1575)
2026-02-20 17:55:32.434 [Catalina-utility-1] INFO  o.h.e.t.j.p.i.JtaPlatformInitiator - HHH000489: No JTA platform available (set 'hibernate.transaction.jta.platform' to enable JTA platform integration)
2026-02-20 17:55:32.610 [Catalina-utility-1] INFO  o.s.web.context.ContextLoader - Root WebApplicationContext initialized in 1595 ms
2026-02-20 17:55:32.613 [Catalina-utility-1] INFO  o.s.web.servlet.DispatcherServlet - Initializing Servlet 'dispatcher'
2026-02-20 17:55:32.668 [Catalina-utility-1] INFO  o.h.c.i.RegionFactoryInitiator - HHH000026: Second-level cache disabled
2026-02-20 17:55:32.681 [Catalina-utility-1] WARN  org.hibernate.orm.deprecation - HHH90000025: PostgreSQLDialect does not need to be specified explicitly using 'hibernate.dialect' (remove the property setting and it will be selected by default)
2026-02-20 17:55:32.716 [Catalina-utility-1] INFO  o.h.e.t.j.p.i.JtaPlatformInitiator - HHH000489: No JTA platform available (set 'hibernate.transaction.jta.platform' to enable JTA platform integration)
2026-02-20 17:55:32.757 [Catalina-utility-1] INFO  o.s.web.servlet.DispatcherServlet - Completed initialization in 144 ms
2026-02-20 17:57:45.175 [Catalina-utility-1] INFO  o.s.web.context.ContextLoader - Root WebApplicationContext: initialization started
2026-02-20 17:57:45.720 [Catalina-utility-1] INFO  org.hibernate.Version - HHH000412: Hibernate ORM core version 6.5.2.Final
2026-02-20 17:57:45.750 [Catalina-utility-1] INFO  o.h.c.i.RegionFactoryInitiator - HHH000026: Second-level cache disabled
2026-02-20 17:57:45.847 [Catalina-utility-1] WARN  org.hibernate.orm.deprecation - HHH90000025: PostgreSQLDialect does not need to be specified explicitly using 'hibernate.dialect' (remove the property setting and it will be selected by default)
2026-02-20 17:57:46.594 [Catalina-utility-1] INFO  o.h.e.t.j.p.i.JtaPlatformInitiator - HHH000489: No JTA platform available (set 'hibernate.transaction.jta.platform' to enable JTA platform integration)
2026-02-20 17:57:46.777 [Catalina-utility-1] INFO  o.s.web.context.ContextLoader - Root WebApplicationContext initialized in 1601 ms
2026-02-20 17:57:46.780 [Catalina-utility-1] INFO  o.s.web.servlet.DispatcherServlet - Initializing Servlet 'dispatcher'
2026-02-20 17:57:46.842 [Catalina-utility-1] INFO  o.h.c.i.RegionFactoryInitiator - HHH000026: Second-level cache disabled
2026-02-20 17:57:46.855 [Catalina-utility-1] WARN  org.hibernate.orm.deprecation - HHH90000025: PostgreSQLDialect does not need to be specified explicitly using 'hibernate.dialect' (remove the property setting and it will be selected by default)
2026-02-20 17:57:46.890 [Catalina-utility-1] INFO  o.h.e.t.j.p.i.JtaPlatformInitiator - HHH000489: No JTA platform available (set 'hibernate.transaction.jta.platform' to enable JTA platform integration)
2026-02-20 17:57:46.934 [Catalina-utility-1] INFO  o.s.web.servlet.DispatcherServlet - Completed initialization in 153 ms
2026-02-20 17:57:59.277 [http-nio-8080-exec-369] WARN  o.s.w.s.m.m.a.ExceptionHandlerExceptionResolver - Failure in @ExceptionHandler by.slava_borisov.hoteladmin.exception.GlobalExceptionHandler#handleAmenityNotFound(InvalidDateRangeException, WebRequest)
java.lang.IllegalStateException: Could not resolve parameter [0] in public org.springframework.http.ResponseEntity<by.slava_borisov.hoteladmin.dto.response.ErrorResponse> by.slava_borisov.hoteladmin.exception.GlobalExceptionHandler.handleAmenityNotFound(by.slava_borisov.hoteladmin.exception.InvalidDateRangeException,org.springframework.web.context.request.WebRequest): No suitable resolver
	at org.springframework.web.method.support.InvocableHandlerMethod.getMethodArgumentValues(InvocableHandlerMethod.java:221)
	at org.springframework.web.method.support.InvocableHandlerMethod.invokeForRequest(InvocableHandlerMethod.java:178)
	at org.springframework.web.servlet.mvc.method.annotation.ServletInvocableHandlerMethod.invokeAndHandle(ServletInvocableHandlerMethod.java:118)
	at org.springframework.web.servlet.mvc.method.annotation.ExceptionHandlerExceptionResolver.doResolveHandlerMethodException(ExceptionHandlerExceptionResolver.java:432)
	at org.springframework.web.servlet.handler.AbstractHandlerMethodExceptionResolver.doResolveException(AbstractHandlerMethodExceptionResolver.java:74)
	at org.springframework.web.servlet.handler.AbstractHandlerExceptionResolver.resolveException(AbstractHandlerExceptionResolver.java:175)
	at org.springframework.web.servlet.handler.HandlerExceptionResolverComposite.resolveException(HandlerExceptionResolverComposite.java:80)
	at org.springframework.web.servlet.DispatcherServlet.processHandlerException(DispatcherServlet.java:1357)
	at org.springframework.web.servlet.DispatcherServlet.processDispatchResult(DispatcherServlet.java:1160)
	at org.springframework.web.servlet.DispatcherServlet.doDispatch(DispatcherServlet.java:1106)
	at org.springframework.web.servlet.DispatcherServlet.doService(DispatcherServlet.java:979)
	at org.springframework.web.servlet.FrameworkServlet.processRequest(FrameworkServlet.java:1014)
	at org.springframework.web.servlet.FrameworkServlet.doGet(FrameworkServlet.java:903)
	at jakarta.servlet.http.HttpServlet.service(HttpServlet.java:622)
	at org.springframework.web.servlet.FrameworkServlet.service(FrameworkServlet.java:885)
	at jakarta.servlet.http.HttpServlet.service(HttpServlet.java:710)
	at org.apache.catalina.core.ApplicationFilterChain.doFilter(ApplicationFilterChain.java:128)
	at org.apache.tomcat.websocket.server.WsFilter.doFilter(WsFilter.java:53)
	at org.apache.catalina.core.ApplicationFilterChain.doFilter(ApplicationFilterChain.java:107)
	at org.apache.catalina.core.StandardWrapperValve.invoke(StandardWrapperValve.java:165)
	at org.apache.catalina.core.StandardContextValve.invoke(StandardContextValve.java:77)
	at org.apache.catalina.authenticator.AuthenticatorBase.invoke(AuthenticatorBase.java:482)
	at org.apache.catalina.core.StandardHostValve.invoke(StandardHostValve.java:113)
	at org.apache.catalina.valves.ErrorReportValve.invoke(ErrorReportValve.java:83)
	at org.apache.catalina.valves.AbstractAccessLogValve.invoke(AbstractAccessLogValve.java:654)
	at org.apache.catalina.core.StandardEngineValve.invoke(StandardEngineValve.java:72)
	at org.apache.catalina.connector.CoyoteAdapter.service(CoyoteAdapter.java:341)
	at org.apache.coyote.http11.Http11Processor.service(Http11Processor.java:397)
	at org.apache.coyote.AbstractProcessorLight.process(AbstractProcessorLight.java:63)
	at org.apache.coyote.AbstractProtocol$ConnectionHandler.process(AbstractProtocol.java:903)
	at org.apache.tomcat.util.net.NioEndpoint$SocketProcessor.doRun(NioEndpoint.java:1778)
	at org.apache.tomcat.util.net.SocketProcessorBase.run(SocketProcessorBase.java:52)
	at org.apache.tomcat.util.threads.ThreadPoolExecutor.runWorker(ThreadPoolExecutor.java:946)
	at org.apache.tomcat.util.threads.ThreadPoolExecutor$Worker.run(ThreadPoolExecutor.java:480)
	at org.apache.tomcat.util.threads.TaskThread$WrappingRunnable.run(TaskThread.java:57)
	at java.base/java.lang.Thread.run(Thread.java:1575)
2026-02-20 17:58:00.553 [http-nio-8080-exec-365] WARN  o.s.w.s.m.m.a.ExceptionHandlerExceptionResolver - Failure in @ExceptionHandler by.slava_borisov.hoteladmin.exception.GlobalExceptionHandler#handleAmenityNotFound(InvalidDateRangeException, WebRequest)
java.lang.IllegalStateException: Could not resolve parameter [0] in public org.springframework.http.ResponseEntity<by.slava_borisov.hoteladmin.dto.response.ErrorResponse> by.slava_borisov.hoteladmin.exception.GlobalExceptionHandler.handleAmenityNotFound(by.slava_borisov.hoteladmin.exception.InvalidDateRangeException,org.springframework.web.context.request.WebRequest): No suitable resolver
	at org.springframework.web.method.support.InvocableHandlerMethod.getMethodArgumentValues(InvocableHandlerMethod.java:221)
	at org.springframework.web.method.support.InvocableHandlerMethod.invokeForRequest(InvocableHandlerMethod.java:178)
	at org.springframework.web.servlet.mvc.method.annotation.ServletInvocableHandlerMethod.invokeAndHandle(ServletInvocableHandlerMethod.java:118)
	at org.springframework.web.servlet.mvc.method.annotation.ExceptionHandlerExceptionResolver.doResolveHandlerMethodException(ExceptionHandlerExceptionResolver.java:432)
	at org.springframework.web.servlet.handler.AbstractHandlerMethodExceptionResolver.doResolveException(AbstractHandlerMethodExceptionResolver.java:74)
	at org.springframework.web.servlet.handler.AbstractHandlerExceptionResolver.resolveException(AbstractHandlerExceptionResolver.java:175)
	at org.springframework.web.servlet.handler.HandlerExceptionResolverComposite.resolveException(HandlerExceptionResolverComposite.java:80)
	at org.springframework.web.servlet.DispatcherServlet.processHandlerException(DispatcherServlet.java:1357)
	at org.springframework.web.servlet.DispatcherServlet.processDispatchResult(DispatcherServlet.java:1160)
	at org.springframework.web.servlet.DispatcherServlet.doDispatch(DispatcherServlet.java:1106)
	at org.springframework.web.servlet.DispatcherServlet.doService(DispatcherServlet.java:979)
	at org.springframework.web.servlet.FrameworkServlet.processRequest(FrameworkServlet.java:1014)
	at org.springframework.web.servlet.FrameworkServlet.doGet(FrameworkServlet.java:903)
	at jakarta.servlet.http.HttpServlet.service(HttpServlet.java:622)
	at org.springframework.web.servlet.FrameworkServlet.service(FrameworkServlet.java:885)
	at jakarta.servlet.http.HttpServlet.service(HttpServlet.java:710)
	at org.apache.catalina.core.ApplicationFilterChain.doFilter(ApplicationFilterChain.java:128)
	at org.apache.tomcat.websocket.server.WsFilter.doFilter(WsFilter.java:53)
	at org.apache.catalina.core.ApplicationFilterChain.doFilter(ApplicationFilterChain.java:107)
	at org.apache.catalina.core.StandardWrapperValve.invoke(StandardWrapperValve.java:165)
	at org.apache.catalina.core.StandardContextValve.invoke(StandardContextValve.java:77)
	at org.apache.catalina.authenticator.AuthenticatorBase.invoke(AuthenticatorBase.java:482)
	at org.apache.catalina.core.StandardHostValve.invoke(StandardHostValve.java:113)
	at org.apache.catalina.valves.ErrorReportValve.invoke(ErrorReportValve.java:83)
	at org.apache.catalina.valves.AbstractAccessLogValve.invoke(AbstractAccessLogValve.java:654)
	at org.apache.catalina.core.StandardEngineValve.invoke(StandardEngineValve.java:72)
	at org.apache.catalina.connector.CoyoteAdapter.service(CoyoteAdapter.java:341)
	at org.apache.coyote.http11.Http11Processor.service(Http11Processor.java:397)
	at org.apache.coyote.AbstractProcessorLight.process(AbstractProcessorLight.java:63)
	at org.apache.coyote.AbstractProtocol$ConnectionHandler.process(AbstractProtocol.java:903)
	at org.apache.tomcat.util.net.NioEndpoint$SocketProcessor.doRun(NioEndpoint.java:1778)
	at org.apache.tomcat.util.net.SocketProcessorBase.run(SocketProcessorBase.java:52)
	at org.apache.tomcat.util.threads.ThreadPoolExecutor.runWorker(ThreadPoolExecutor.java:946)
	at org.apache.tomcat.util.threads.ThreadPoolExecutor$Worker.run(ThreadPoolExecutor.java:480)
	at org.apache.tomcat.util.threads.TaskThread$WrappingRunnable.run(TaskThread.java:57)
	at java.base/java.lang.Thread.run(Thread.java:1575)
2026-02-20 17:58:01.356 [http-nio-8080-exec-373] WARN  o.s.w.s.m.m.a.ExceptionHandlerExceptionResolver - Failure in @ExceptionHandler by.slava_borisov.hoteladmin.exception.GlobalExceptionHandler#handleAmenityNotFound(InvalidDateRangeException, WebRequest)
java.lang.IllegalStateException: Could not resolve parameter [0] in public org.springframework.http.ResponseEntity<by.slava_borisov.hoteladmin.dto.response.ErrorResponse> by.slava_borisov.hoteladmin.exception.GlobalExceptionHandler.handleAmenityNotFound(by.slava_borisov.hoteladmin.exception.InvalidDateRangeException,org.springframework.web.context.request.WebRequest): No suitable resolver
	at org.springframework.web.method.support.InvocableHandlerMethod.getMethodArgumentValues(InvocableHandlerMethod.java:221)
	at org.springframework.web.method.support.InvocableHandlerMethod.invokeForRequest(InvocableHandlerMethod.java:178)
	at org.springframework.web.servlet.mvc.method.annotation.ServletInvocableHandlerMethod.invokeAndHandle(ServletInvocableHandlerMethod.java:118)
	at org.springframework.web.servlet.mvc.method.annotation.ExceptionHandlerExceptionResolver.doResolveHandlerMethodException(ExceptionHandlerExceptionResolver.java:432)
	at org.springframework.web.servlet.handler.AbstractHandlerMethodExceptionResolver.doResolveException(AbstractHandlerMethodExceptionResolver.java:74)
	at org.springframework.web.servlet.handler.AbstractHandlerExceptionResolver.resolveException(AbstractHandlerExceptionResolver.java:175)
	at org.springframework.web.servlet.handler.HandlerExceptionResolverComposite.resolveException(HandlerExceptionResolverComposite.java:80)
	at org.springframework.web.servlet.DispatcherServlet.processHandlerException(DispatcherServlet.java:1357)
	at org.springframework.web.servlet.DispatcherServlet.processDispatchResult(DispatcherServlet.java:1160)
	at org.springframework.web.servlet.DispatcherServlet.doDispatch(DispatcherServlet.java:1106)
	at org.springframework.web.servlet.DispatcherServlet.doService(DispatcherServlet.java:979)
	at org.springframework.web.servlet.FrameworkServlet.processRequest(FrameworkServlet.java:1014)
	at org.springframework.web.servlet.FrameworkServlet.doGet(FrameworkServlet.java:903)
	at jakarta.servlet.http.HttpServlet.service(HttpServlet.java:622)
	at org.springframework.web.servlet.FrameworkServlet.service(FrameworkServlet.java:885)
	at jakarta.servlet.http.HttpServlet.service(HttpServlet.java:710)
	at org.apache.catalina.core.ApplicationFilterChain.doFilter(ApplicationFilterChain.java:128)
	at org.apache.tomcat.websocket.server.WsFilter.doFilter(WsFilter.java:53)
	at org.apache.catalina.core.ApplicationFilterChain.doFilter(ApplicationFilterChain.java:107)
	at org.apache.catalina.core.StandardWrapperValve.invoke(StandardWrapperValve.java:165)
	at org.apache.catalina.core.StandardContextValve.invoke(StandardContextValve.java:77)
	at org.apache.catalina.authenticator.AuthenticatorBase.invoke(AuthenticatorBase.java:482)
	at org.apache.catalina.core.StandardHostValve.invoke(StandardHostValve.java:113)
	at org.apache.catalina.valves.ErrorReportValve.invoke(ErrorReportValve.java:83)
	at org.apache.catalina.valves.AbstractAccessLogValve.invoke(AbstractAccessLogValve.java:654)
	at org.apache.catalina.core.StandardEngineValve.invoke(StandardEngineValve.java:72)
	at org.apache.catalina.connector.CoyoteAdapter.service(CoyoteAdapter.java:341)
	at org.apache.coyote.http11.Http11Processor.service(Http11Processor.java:397)
	at org.apache.coyote.AbstractProcessorLight.process(AbstractProcessorLight.java:63)
	at org.apache.coyote.AbstractProtocol$ConnectionHandler.process(AbstractProtocol.java:903)
	at org.apache.tomcat.util.net.NioEndpoint$SocketProcessor.doRun(NioEndpoint.java:1778)
	at org.apache.tomcat.util.net.SocketProcessorBase.run(SocketProcessorBase.java:52)
	at org.apache.tomcat.util.threads.ThreadPoolExecutor.runWorker(ThreadPoolExecutor.java:946)
	at org.apache.tomcat.util.threads.ThreadPoolExecutor$Worker.run(ThreadPoolExecutor.java:480)
	at org.apache.tomcat.util.threads.TaskThread$WrappingRunnable.run(TaskThread.java:57)
	at java.base/java.lang.Thread.run(Thread.java:1575)
2026-02-20 17:58:02.040 [http-nio-8080-exec-370] WARN  o.s.w.s.m.m.a.ExceptionHandlerExceptionResolver - Failure in @ExceptionHandler by.slava_borisov.hoteladmin.exception.GlobalExceptionHandler#handleAmenityNotFound(InvalidDateRangeException, WebRequest)
java.lang.IllegalStateException: Could not resolve parameter [0] in public org.springframework.http.ResponseEntity<by.slava_borisov.hoteladmin.dto.response.ErrorResponse> by.slava_borisov.hoteladmin.exception.GlobalExceptionHandler.handleAmenityNotFound(by.slava_borisov.hoteladmin.exception.InvalidDateRangeException,org.springframework.web.context.request.WebRequest): No suitable resolver
	at org.springframework.web.method.support.InvocableHandlerMethod.getMethodArgumentValues(InvocableHandlerMethod.java:221)
	at org.springframework.web.method.support.InvocableHandlerMethod.invokeForRequest(InvocableHandlerMethod.java:178)
	at org.springframework.web.servlet.mvc.method.annotation.ServletInvocableHandlerMethod.invokeAndHandle(ServletInvocableHandlerMethod.java:118)
	at org.springframework.web.servlet.mvc.method.annotation.ExceptionHandlerExceptionResolver.doResolveHandlerMethodException(ExceptionHandlerExceptionResolver.java:432)
	at org.springframework.web.servlet.handler.AbstractHandlerMethodExceptionResolver.doResolveException(AbstractHandlerMethodExceptionResolver.java:74)
	at org.springframework.web.servlet.handler.AbstractHandlerExceptionResolver.resolveException(AbstractHandlerExceptionResolver.java:175)
	at org.springframework.web.servlet.handler.HandlerExceptionResolverComposite.resolveException(HandlerExceptionResolverComposite.java:80)
	at org.springframework.web.servlet.DispatcherServlet.processHandlerException(DispatcherServlet.java:1357)
	at org.springframework.web.servlet.DispatcherServlet.processDispatchResult(DispatcherServlet.java:1160)
	at org.springframework.web.servlet.DispatcherServlet.doDispatch(DispatcherServlet.java:1106)
	at org.springframework.web.servlet.DispatcherServlet.doService(DispatcherServlet.java:979)
	at org.springframework.web.servlet.FrameworkServlet.processRequest(FrameworkServlet.java:1014)
	at org.springframework.web.servlet.FrameworkServlet.doGet(FrameworkServlet.java:903)
	at jakarta.servlet.http.HttpServlet.service(HttpServlet.java:622)
	at org.springframework.web.servlet.FrameworkServlet.service(FrameworkServlet.java:885)
	at jakarta.servlet.http.HttpServlet.service(HttpServlet.java:710)
	at org.apache.catalina.core.ApplicationFilterChain.doFilter(ApplicationFilterChain.java:128)
	at org.apache.tomcat.websocket.server.WsFilter.doFilter(WsFilter.java:53)
	at org.apache.catalina.core.ApplicationFilterChain.doFilter(ApplicationFilterChain.java:107)
	at org.apache.catalina.core.StandardWrapperValve.invoke(StandardWrapperValve.java:165)
	at org.apache.catalina.core.StandardContextValve.invoke(StandardContextValve.java:77)
	at org.apache.catalina.authenticator.AuthenticatorBase.invoke(AuthenticatorBase.java:482)
	at org.apache.catalina.core.StandardHostValve.invoke(StandardHostValve.java:113)
	at org.apache.catalina.valves.ErrorReportValve.invoke(ErrorReportValve.java:83)
	at org.apache.catalina.valves.AbstractAccessLogValve.invoke(AbstractAccessLogValve.java:654)
	at org.apache.catalina.core.StandardEngineValve.invoke(StandardEngineValve.java:72)
	at org.apache.catalina.connector.CoyoteAdapter.service(CoyoteAdapter.java:341)
	at org.apache.coyote.http11.Http11Processor.service(Http11Processor.java:397)
	at org.apache.coyote.AbstractProcessorLight.process(AbstractProcessorLight.java:63)
	at org.apache.coyote.AbstractProtocol$ConnectionHandler.process(AbstractProtocol.java:903)
	at org.apache.tomcat.util.net.NioEndpoint$SocketProcessor.doRun(NioEndpoint.java:1778)
	at org.apache.tomcat.util.net.SocketProcessorBase.run(SocketProcessorBase.java:52)
	at org.apache.tomcat.util.threads.ThreadPoolExecutor.runWorker(ThreadPoolExecutor.java:946)
	at org.apache.tomcat.util.threads.ThreadPoolExecutor$Worker.run(ThreadPoolExecutor.java:480)
	at org.apache.tomcat.util.threads.TaskThread$WrappingRunnable.run(TaskThread.java:57)
	at java.base/java.lang.Thread.run(Thread.java:1575)
2026-02-20 17:58:02.672 [http-nio-8080-exec-377] WARN  o.s.w.s.m.m.a.ExceptionHandlerExceptionResolver - Failure in @ExceptionHandler by.slava_borisov.hoteladmin.exception.GlobalExceptionHandler#handleAmenityNotFound(InvalidDateRangeException, WebRequest)
java.lang.IllegalStateException: Could not resolve parameter [0] in public org.springframework.http.ResponseEntity<by.slava_borisov.hoteladmin.dto.response.ErrorResponse> by.slava_borisov.hoteladmin.exception.GlobalExceptionHandler.handleAmenityNotFound(by.slava_borisov.hoteladmin.exception.InvalidDateRangeException,org.springframework.web.context.request.WebRequest): No suitable resolver
	at org.springframework.web.method.support.InvocableHandlerMethod.getMethodArgumentValues(InvocableHandlerMethod.java:221)
	at org.springframework.web.method.support.InvocableHandlerMethod.invokeForRequest(InvocableHandlerMethod.java:178)
	at org.springframework.web.servlet.mvc.method.annotation.ServletInvocableHandlerMethod.invokeAndHandle(ServletInvocableHandlerMethod.java:118)
	at org.springframework.web.servlet.mvc.method.annotation.ExceptionHandlerExceptionResolver.doResolveHandlerMethodException(ExceptionHandlerExceptionResolver.java:432)
	at org.springframework.web.servlet.handler.AbstractHandlerMethodExceptionResolver.doResolveException(AbstractHandlerMethodExceptionResolver.java:74)
	at org.springframework.web.servlet.handler.AbstractHandlerExceptionResolver.resolveException(AbstractHandlerExceptionResolver.java:175)
	at org.springframework.web.servlet.handler.HandlerExceptionResolverComposite.resolveException(HandlerExceptionResolverComposite.java:80)
	at org.springframework.web.servlet.DispatcherServlet.processHandlerException(DispatcherServlet.java:1357)
	at org.springframework.web.servlet.DispatcherServlet.processDispatchResult(DispatcherServlet.java:1160)
	at org.springframework.web.servlet.DispatcherServlet.doDispatch(DispatcherServlet.java:1106)
	at org.springframework.web.servlet.DispatcherServlet.doService(DispatcherServlet.java:979)
	at org.springframework.web.servlet.FrameworkServlet.processRequest(FrameworkServlet.java:1014)
	at org.springframework.web.servlet.FrameworkServlet.doGet(FrameworkServlet.java:903)
	at jakarta.servlet.http.HttpServlet.service(HttpServlet.java:622)
	at org.springframework.web.servlet.FrameworkServlet.service(FrameworkServlet.java:885)
	at jakarta.servlet.http.HttpServlet.service(HttpServlet.java:710)
	at org.apache.catalina.core.ApplicationFilterChain.doFilter(ApplicationFilterChain.java:128)
	at org.apache.tomcat.websocket.server.WsFilter.doFilter(WsFilter.java:53)
	at org.apache.catalina.core.ApplicationFilterChain.doFilter(ApplicationFilterChain.java:107)
	at org.apache.catalina.core.StandardWrapperValve.invoke(StandardWrapperValve.java:165)
	at org.apache.catalina.core.StandardContextValve.invoke(StandardContextValve.java:77)
	at org.apache.catalina.authenticator.AuthenticatorBase.invoke(AuthenticatorBase.java:482)
	at org.apache.catalina.core.StandardHostValve.invoke(StandardHostValve.java:113)
	at org.apache.catalina.valves.ErrorReportValve.invoke(ErrorReportValve.java:83)
	at org.apache.catalina.valves.AbstractAccessLogValve.invoke(AbstractAccessLogValve.java:654)
	at org.apache.catalina.core.StandardEngineValve.invoke(StandardEngineValve.java:72)
	at org.apache.catalina.connector.CoyoteAdapter.service(CoyoteAdapter.java:341)
	at org.apache.coyote.http11.Http11Processor.service(Http11Processor.java:397)
	at org.apache.coyote.AbstractProcessorLight.process(AbstractProcessorLight.java:63)
	at org.apache.coyote.AbstractProtocol$ConnectionHandler.process(AbstractProtocol.java:903)
	at org.apache.tomcat.util.net.NioEndpoint$SocketProcessor.doRun(NioEndpoint.java:1778)
	at org.apache.tomcat.util.net.SocketProcessorBase.run(SocketProcessorBase.java:52)
	at org.apache.tomcat.util.threads.ThreadPoolExecutor.runWorker(ThreadPoolExecutor.java:946)
	at org.apache.tomcat.util.threads.ThreadPoolExecutor$Worker.run(ThreadPoolExecutor.java:480)
	at org.apache.tomcat.util.threads.TaskThread$WrappingRunnable.run(TaskThread.java:57)
	at java.base/java.lang.Thread.run(Thread.java:1575)
2026-02-20 17:58:03.344 [http-nio-8080-exec-379] WARN  o.s.w.s.m.m.a.ExceptionHandlerExceptionResolver - Failure in @ExceptionHandler by.slava_borisov.hoteladmin.exception.GlobalExceptionHandler#handleAmenityNotFound(InvalidDateRangeException, WebRequest)
java.lang.IllegalStateException: Could not resolve parameter [0] in public org.springframework.http.ResponseEntity<by.slava_borisov.hoteladmin.dto.response.ErrorResponse> by.slava_borisov.hoteladmin.exception.GlobalExceptionHandler.handleAmenityNotFound(by.slava_borisov.hoteladmin.exception.InvalidDateRangeException,org.springframework.web.context.request.WebRequest): No suitable resolver
	at org.springframework.web.method.support.InvocableHandlerMethod.getMethodArgumentValues(InvocableHandlerMethod.java:221)
	at org.springframework.web.method.support.InvocableHandlerMethod.invokeForRequest(InvocableHandlerMethod.java:178)
	at org.springframework.web.servlet.mvc.method.annotation.ServletInvocableHandlerMethod.invokeAndHandle(ServletInvocableHandlerMethod.java:118)
	at org.springframework.web.servlet.mvc.method.annotation.ExceptionHandlerExceptionResolver.doResolveHandlerMethodException(ExceptionHandlerExceptionResolver.java:432)
	at org.springframework.web.servlet.handler.AbstractHandlerMethodExceptionResolver.doResolveException(AbstractHandlerMethodExceptionResolver.java:74)
	at org.springframework.web.servlet.handler.AbstractHandlerExceptionResolver.resolveException(AbstractHandlerExceptionResolver.java:175)
	at org.springframework.web.servlet.handler.HandlerExceptionResolverComposite.resolveException(HandlerExceptionResolverComposite.java:80)
	at org.springframework.web.servlet.DispatcherServlet.processHandlerException(DispatcherServlet.java:1357)
	at org.springframework.web.servlet.DispatcherServlet.processDispatchResult(DispatcherServlet.java:1160)
	at org.springframework.web.servlet.DispatcherServlet.doDispatch(DispatcherServlet.java:1106)
	at org.springframework.web.servlet.DispatcherServlet.doService(DispatcherServlet.java:979)
	at org.springframework.web.servlet.FrameworkServlet.processRequest(FrameworkServlet.java:1014)
	at org.springframework.web.servlet.FrameworkServlet.doGet(FrameworkServlet.java:903)
	at jakarta.servlet.http.HttpServlet.service(HttpServlet.java:622)
	at org.springframework.web.servlet.FrameworkServlet.service(FrameworkServlet.java:885)
	at jakarta.servlet.http.HttpServlet.service(HttpServlet.java:710)
	at org.apache.catalina.core.ApplicationFilterChain.doFilter(ApplicationFilterChain.java:128)
	at org.apache.tomcat.websocket.server.WsFilter.doFilter(WsFilter.java:53)
	at org.apache.catalina.core.ApplicationFilterChain.doFilter(ApplicationFilterChain.java:107)
	at org.apache.catalina.core.StandardWrapperValve.invoke(StandardWrapperValve.java:165)
	at org.apache.catalina.core.StandardContextValve.invoke(StandardContextValve.java:77)
	at org.apache.catalina.authenticator.AuthenticatorBase.invoke(AuthenticatorBase.java:482)
	at org.apache.catalina.core.StandardHostValve.invoke(StandardHostValve.java:113)
	at org.apache.catalina.valves.ErrorReportValve.invoke(ErrorReportValve.java:83)
	at org.apache.catalina.valves.AbstractAccessLogValve.invoke(AbstractAccessLogValve.java:654)
	at org.apache.catalina.core.StandardEngineValve.invoke(StandardEngineValve.java:72)
	at org.apache.catalina.connector.CoyoteAdapter.service(CoyoteAdapter.java:341)
	at org.apache.coyote.http11.Http11Processor.service(Http11Processor.java:397)
	at org.apache.coyote.AbstractProcessorLight.process(AbstractProcessorLight.java:63)
	at org.apache.coyote.AbstractProtocol$ConnectionHandler.process(AbstractProtocol.java:903)
	at org.apache.tomcat.util.net.NioEndpoint$SocketProcessor.doRun(NioEndpoint.java:1778)
	at org.apache.tomcat.util.net.SocketProcessorBase.run(SocketProcessorBase.java:52)
	at org.apache.tomcat.util.threads.ThreadPoolExecutor.runWorker(ThreadPoolExecutor.java:946)
	at org.apache.tomcat.util.threads.ThreadPoolExecutor$Worker.run(ThreadPoolExecutor.java:480)
	at org.apache.tomcat.util.threads.TaskThread$WrappingRunnable.run(TaskThread.java:57)
	at java.base/java.lang.Thread.run(Thread.java:1575)
2026-02-20 17:58:04.102 [http-nio-8080-exec-365] WARN  o.s.w.s.m.m.a.ExceptionHandlerExceptionResolver - Failure in @ExceptionHandler by.slava_borisov.hoteladmin.exception.GlobalExceptionHandler#handleAmenityNotFound(InvalidDateRangeException, WebRequest)
java.lang.IllegalStateException: Could not resolve parameter [0] in public org.springframework.http.ResponseEntity<by.slava_borisov.hoteladmin.dto.response.ErrorResponse> by.slava_borisov.hoteladmin.exception.GlobalExceptionHandler.handleAmenityNotFound(by.slava_borisov.hoteladmin.exception.InvalidDateRangeException,org.springframework.web.context.request.WebRequest): No suitable resolver
	at org.springframework.web.method.support.InvocableHandlerMethod.getMethodArgumentValues(InvocableHandlerMethod.java:221)
	at org.springframework.web.method.support.InvocableHandlerMethod.invokeForRequest(InvocableHandlerMethod.java:178)
	at org.springframework.web.servlet.mvc.method.annotation.ServletInvocableHandlerMethod.invokeAndHandle(ServletInvocableHandlerMethod.java:118)
	at org.springframework.web.servlet.mvc.method.annotation.ExceptionHandlerExceptionResolver.doResolveHandlerMethodException(ExceptionHandlerExceptionResolver.java:432)
	at org.springframework.web.servlet.handler.AbstractHandlerMethodExceptionResolver.doResolveException(AbstractHandlerMethodExceptionResolver.java:74)
	at org.springframework.web.servlet.handler.AbstractHandlerExceptionResolver.resolveException(AbstractHandlerExceptionResolver.java:175)
	at org.springframework.web.servlet.handler.HandlerExceptionResolverComposite.resolveException(HandlerExceptionResolverComposite.java:80)
	at org.springframework.web.servlet.DispatcherServlet.processHandlerException(DispatcherServlet.java:1357)
	at org.springframework.web.servlet.DispatcherServlet.processDispatchResult(DispatcherServlet.java:1160)
	at org.springframework.web.servlet.DispatcherServlet.doDispatch(DispatcherServlet.java:1106)
	at org.springframework.web.servlet.DispatcherServlet.doService(DispatcherServlet.java:979)
	at org.springframework.web.servlet.FrameworkServlet.processRequest(FrameworkServlet.java:1014)
	at org.springframework.web.servlet.FrameworkServlet.doGet(FrameworkServlet.java:903)
	at jakarta.servlet.http.HttpServlet.service(HttpServlet.java:622)
	at org.springframework.web.servlet.FrameworkServlet.service(FrameworkServlet.java:885)
	at jakarta.servlet.http.HttpServlet.service(HttpServlet.java:710)
	at org.apache.catalina.core.ApplicationFilterChain.doFilter(ApplicationFilterChain.java:128)
	at org.apache.tomcat.websocket.server.WsFilter.doFilter(WsFilter.java:53)
	at org.apache.catalina.core.ApplicationFilterChain.doFilter(ApplicationFilterChain.java:107)
	at org.apache.catalina.core.StandardWrapperValve.invoke(StandardWrapperValve.java:165)
	at org.apache.catalina.core.StandardContextValve.invoke(StandardContextValve.java:77)
	at org.apache.catalina.authenticator.AuthenticatorBase.invoke(AuthenticatorBase.java:482)
	at org.apache.catalina.core.StandardHostValve.invoke(StandardHostValve.java:113)
	at org.apache.catalina.valves.ErrorReportValve.invoke(ErrorReportValve.java:83)
	at org.apache.catalina.valves.AbstractAccessLogValve.invoke(AbstractAccessLogValve.java:654)
	at org.apache.catalina.core.StandardEngineValve.invoke(StandardEngineValve.java:72)
	at org.apache.catalina.connector.CoyoteAdapter.service(CoyoteAdapter.java:341)
	at org.apache.coyote.http11.Http11Processor.service(Http11Processor.java:397)
	at org.apache.coyote.AbstractProcessorLight.process(AbstractProcessorLight.java:63)
	at org.apache.coyote.AbstractProtocol$ConnectionHandler.process(AbstractProtocol.java:903)
	at org.apache.tomcat.util.net.NioEndpoint$SocketProcessor.doRun(NioEndpoint.java:1778)
	at org.apache.tomcat.util.net.SocketProcessorBase.run(SocketProcessorBase.java:52)
	at org.apache.tomcat.util.threads.ThreadPoolExecutor.runWorker(ThreadPoolExecutor.java:946)
	at org.apache.tomcat.util.threads.ThreadPoolExecutor$Worker.run(ThreadPoolExecutor.java:480)
	at org.apache.tomcat.util.threads.TaskThread$WrappingRunnable.run(TaskThread.java:57)
	at java.base/java.lang.Thread.run(Thread.java:1575)
2026-02-20 17:58:27.743 [http-nio-8080-exec-375] WARN  o.s.w.s.m.m.a.ExceptionHandlerExceptionResolver - Failure in @ExceptionHandler by.slava_borisov.hoteladmin.exception.GlobalExceptionHandler#handleAmenityNotFound(InvalidDateRangeException, WebRequest)
java.lang.IllegalStateException: Could not resolve parameter [0] in public org.springframework.http.ResponseEntity<by.slava_borisov.hoteladmin.dto.response.ErrorResponse> by.slava_borisov.hoteladmin.exception.GlobalExceptionHandler.handleAmenityNotFound(by.slava_borisov.hoteladmin.exception.InvalidDateRangeException,org.springframework.web.context.request.WebRequest): No suitable resolver
	at org.springframework.web.method.support.InvocableHandlerMethod.getMethodArgumentValues(InvocableHandlerMethod.java:221)
	at org.springframework.web.method.support.InvocableHandlerMethod.invokeForRequest(InvocableHandlerMethod.java:178)
	at org.springframework.web.servlet.mvc.method.annotation.ServletInvocableHandlerMethod.invokeAndHandle(ServletInvocableHandlerMethod.java:118)
	at org.springframework.web.servlet.mvc.method.annotation.ExceptionHandlerExceptionResolver.doResolveHandlerMethodException(ExceptionHandlerExceptionResolver.java:432)
	at org.springframework.web.servlet.handler.AbstractHandlerMethodExceptionResolver.doResolveException(AbstractHandlerMethodExceptionResolver.java:74)
	at org.springframework.web.servlet.handler.AbstractHandlerExceptionResolver.resolveException(AbstractHandlerExceptionResolver.java:175)
	at org.springframework.web.servlet.handler.HandlerExceptionResolverComposite.resolveException(HandlerExceptionResolverComposite.java:80)
	at org.springframework.web.servlet.DispatcherServlet.processHandlerException(DispatcherServlet.java:1357)
	at org.springframework.web.servlet.DispatcherServlet.processDispatchResult(DispatcherServlet.java:1160)
	at org.springframework.web.servlet.DispatcherServlet.doDispatch(DispatcherServlet.java:1106)
	at org.springframework.web.servlet.DispatcherServlet.doService(DispatcherServlet.java:979)
	at org.springframework.web.servlet.FrameworkServlet.processRequest(FrameworkServlet.java:1014)
	at org.springframework.web.servlet.FrameworkServlet.doGet(FrameworkServlet.java:903)
	at jakarta.servlet.http.HttpServlet.service(HttpServlet.java:622)
	at org.springframework.web.servlet.FrameworkServlet.service(FrameworkServlet.java:885)
	at jakarta.servlet.http.HttpServlet.service(HttpServlet.java:710)
	at org.apache.catalina.core.ApplicationFilterChain.doFilter(ApplicationFilterChain.java:128)
	at org.apache.tomcat.websocket.server.WsFilter.doFilter(WsFilter.java:53)
	at org.apache.catalina.core.ApplicationFilterChain.doFilter(ApplicationFilterChain.java:107)
	at org.apache.catalina.core.StandardWrapperValve.invoke(StandardWrapperValve.java:165)
	at org.apache.catalina.core.StandardContextValve.invoke(StandardContextValve.java:77)
	at org.apache.catalina.authenticator.AuthenticatorBase.invoke(AuthenticatorBase.java:482)
	at org.apache.catalina.core.StandardHostValve.invoke(StandardHostValve.java:113)
	at org.apache.catalina.valves.ErrorReportValve.invoke(ErrorReportValve.java:83)
	at org.apache.catalina.valves.AbstractAccessLogValve.invoke(AbstractAccessLogValve.java:654)
	at org.apache.catalina.core.StandardEngineValve.invoke(StandardEngineValve.java:72)
	at org.apache.catalina.connector.CoyoteAdapter.service(CoyoteAdapter.java:341)
	at org.apache.coyote.http11.Http11Processor.service(Http11Processor.java:397)
	at org.apache.coyote.AbstractProcessorLight.process(AbstractProcessorLight.java:63)
	at org.apache.coyote.AbstractProtocol$ConnectionHandler.process(AbstractProtocol.java:903)
	at org.apache.tomcat.util.net.NioEndpoint$SocketProcessor.doRun(NioEndpoint.java:1778)
	at org.apache.tomcat.util.net.SocketProcessorBase.run(SocketProcessorBase.java:52)
	at org.apache.tomcat.util.threads.ThreadPoolExecutor.runWorker(ThreadPoolExecutor.java:946)
	at org.apache.tomcat.util.threads.ThreadPoolExecutor$Worker.run(ThreadPoolExecutor.java:480)
	at org.apache.tomcat.util.threads.TaskThread$WrappingRunnable.run(TaskThread.java:57)
	at java.base/java.lang.Thread.run(Thread.java:1575)
2026-02-20 18:04:39.476 [Catalina-utility-2] INFO  o.s.web.context.ContextLoader - Root WebApplicationContext: initialization started
2026-02-20 18:04:39.857 [http-nio-8080-exec-376] WARN  o.s.web.servlet.PageNotFound - No mapping for GET /hoteladmin/api/amenities
2026-02-20 18:04:39.858 [http-nio-8080-exec-376] ERROR b.s.h.e.GlobalExceptionHandler - Непредвиденная ошибка: 
org.springframework.web.servlet.NoHandlerFoundException: No endpoint GET /hoteladmin/api/amenities.
	at org.springframework.web.servlet.DispatcherServlet.noHandlerFound(DispatcherServlet.java:1177)
	at org.springframework.web.servlet.DispatcherServlet.doDispatch(DispatcherServlet.java:953)
	at org.springframework.web.servlet.DispatcherServlet.doService(DispatcherServlet.java:866)
	at org.springframework.web.servlet.FrameworkServlet.processRequest(FrameworkServlet.java:1003)
	at org.springframework.web.servlet.FrameworkServlet.doGet(FrameworkServlet.java:892)
	at jakarta.servlet.http.HttpServlet.service(HttpServlet.java:622)
	at org.springframework.web.servlet.FrameworkServlet.service(FrameworkServlet.java:874)
	at jakarta.servlet.http.HttpServlet.service(HttpServlet.java:710)
	at org.apache.catalina.core.ApplicationFilterChain.doFilter(ApplicationFilterChain.java:128)
	at org.apache.tomcat.websocket.server.WsFilter.doFilter(WsFilter.java:53)
	at org.apache.catalina.core.ApplicationFilterChain.doFilter(ApplicationFilterChain.java:107)
	at org.apache.catalina.core.StandardWrapperValve.invoke(StandardWrapperValve.java:165)
	at org.apache.catalina.core.StandardContextValve.invoke(StandardContextValve.java:77)
	at org.apache.catalina.authenticator.AuthenticatorBase.invoke(AuthenticatorBase.java:482)
	at org.apache.catalina.core.StandardHostValve.invoke(StandardHostValve.java:113)
	at org.apache.catalina.valves.ErrorReportValve.invoke(ErrorReportValve.java:83)
	at org.apache.catalina.valves.AbstractAccessLogValve.invoke(AbstractAccessLogValve.java:654)
	at org.apache.catalina.core.StandardEngineValve.invoke(StandardEngineValve.java:72)
	at org.apache.catalina.connector.CoyoteAdapter.service(CoyoteAdapter.java:341)
	at org.apache.coyote.http11.Http11Processor.service(Http11Processor.java:397)
	at org.apache.coyote.AbstractProcessorLight.process(AbstractProcessorLight.java:63)
	at org.apache.coyote.AbstractProtocol$ConnectionHandler.process(AbstractProtocol.java:903)
	at org.apache.tomcat.util.net.NioEndpoint$SocketProcessor.doRun(NioEndpoint.java:1778)
	at org.apache.tomcat.util.net.SocketProcessorBase.run(SocketProcessorBase.java:52)
	at org.apache.tomcat.util.threads.ThreadPoolExecutor.runWorker(ThreadPoolExecutor.java:946)
	at org.apache.tomcat.util.threads.ThreadPoolExecutor$Worker.run(ThreadPoolExecutor.java:480)
	at org.apache.tomcat.util.threads.TaskThread$WrappingRunnable.run(TaskThread.java:57)
	at java.base/java.lang.Thread.run(Thread.java:1575)
2026-02-20 18:04:40.093 [Catalina-utility-2] INFO  org.hibernate.Version - HHH000412: Hibernate ORM core version 6.5.2.Final
2026-02-20 18:04:40.123 [Catalina-utility-2] INFO  o.h.c.i.RegionFactoryInitiator - HHH000026: Second-level cache disabled
2026-02-20 18:04:40.218 [Catalina-utility-2] WARN  org.hibernate.orm.deprecation - HHH90000025: PostgreSQLDialect does not need to be specified explicitly using 'hibernate.dialect' (remove the property setting and it will be selected by default)
2026-02-20 18:04:41.277 [http-nio-8080-exec-384] WARN  o.s.web.servlet.PageNotFound - No mapping for GET /hoteladmin/api/amenities
2026-02-20 18:04:41.280 [http-nio-8080-exec-384] ERROR b.s.h.e.GlobalExceptionHandler - Непредвиденная ошибка: 
org.springframework.web.servlet.NoHandlerFoundException: No endpoint GET /hoteladmin/api/amenities.
	at org.springframework.web.servlet.DispatcherServlet.noHandlerFound(DispatcherServlet.java:1177)
	at org.springframework.web.servlet.DispatcherServlet.doDispatch(DispatcherServlet.java:953)
	at org.springframework.web.servlet.DispatcherServlet.doService(DispatcherServlet.java:866)
	at org.springframework.web.servlet.FrameworkServlet.processRequest(FrameworkServlet.java:1003)
	at org.springframework.web.servlet.FrameworkServlet.doGet(FrameworkServlet.java:892)
	at jakarta.servlet.http.HttpServlet.service(HttpServlet.java:622)
	at org.springframework.web.servlet.FrameworkServlet.service(FrameworkServlet.java:874)
	at jakarta.servlet.http.HttpServlet.service(HttpServlet.java:710)
	at org.apache.catalina.core.ApplicationFilterChain.doFilter(ApplicationFilterChain.java:128)
	at org.apache.tomcat.websocket.server.WsFilter.doFilter(WsFilter.java:53)
	at org.apache.catalina.core.ApplicationFilterChain.doFilter(ApplicationFilterChain.java:107)
	at org.apache.catalina.core.StandardWrapperValve.invoke(StandardWrapperValve.java:165)
	at org.apache.catalina.core.StandardContextValve.invoke(StandardContextValve.java:77)
	at org.apache.catalina.authenticator.AuthenticatorBase.invoke(AuthenticatorBase.java:482)
	at org.apache.catalina.core.StandardHostValve.invoke(StandardHostValve.java:113)
	at org.apache.catalina.valves.ErrorReportValve.invoke(ErrorReportValve.java:83)
	at org.apache.catalina.valves.AbstractAccessLogValve.invoke(AbstractAccessLogValve.java:654)
	at org.apache.catalina.core.StandardEngineValve.invoke(StandardEngineValve.java:72)
	at org.apache.catalina.connector.CoyoteAdapter.service(CoyoteAdapter.java:341)
	at org.apache.coyote.http11.Http11Processor.service(Http11Processor.java:397)
	at org.apache.coyote.AbstractProcessorLight.process(AbstractProcessorLight.java:63)
	at org.apache.coyote.AbstractProtocol$ConnectionHandler.process(AbstractProtocol.java:903)
	at org.apache.tomcat.util.net.NioEndpoint$SocketProcessor.doRun(NioEndpoint.java:1778)
	at org.apache.tomcat.util.net.SocketProcessorBase.run(SocketProcessorBase.java:52)
	at org.apache.tomcat.util.threads.ThreadPoolExecutor.runWorker(ThreadPoolExecutor.java:946)
	at org.apache.tomcat.util.threads.ThreadPoolExecutor$Worker.run(ThreadPoolExecutor.java:480)
	at org.apache.tomcat.util.threads.TaskThread$WrappingRunnable.run(TaskThread.java:57)
	at java.base/java.lang.Thread.run(Thread.java:1575)
2026-02-20 18:04:41.445 [Catalina-utility-2] INFO  o.h.e.t.j.p.i.JtaPlatformInitiator - HHH000489: No JTA platform available (set 'hibernate.transaction.jta.platform' to enable JTA platform integration)
2026-02-20 18:04:41.701 [Catalina-utility-2] INFO  o.s.web.context.ContextLoader - Root WebApplicationContext initialized in 2223 ms
2026-02-20 18:04:41.706 [Catalina-utility-2] INFO  o.s.web.servlet.DispatcherServlet - Initializing Servlet 'dispatcher'
2026-02-20 18:04:41.773 [Catalina-utility-2] INFO  o.h.c.i.RegionFactoryInitiator - HHH000026: Second-level cache disabled
2026-02-20 18:04:41.784 [Catalina-utility-2] WARN  org.hibernate.orm.deprecation - HHH90000025: PostgreSQLDialect does not need to be specified explicitly using 'hibernate.dialect' (remove the property setting and it will be selected by default)
2026-02-20 18:04:41.823 [Catalina-utility-2] INFO  o.h.e.t.j.p.i.JtaPlatformInitiator - HHH000489: No JTA platform available (set 'hibernate.transaction.jta.platform' to enable JTA platform integration)
2026-02-20 18:04:41.865 [Catalina-utility-2] INFO  o.s.web.servlet.DispatcherServlet - Completed initialization in 159 ms
2026-02-20 18:11:34.302 [Catalina-utility-1] INFO  o.s.web.context.ContextLoader - Root WebApplicationContext: initialization started
2026-02-20 18:11:34.780 [http-nio-8080-exec-394] WARN  o.s.web.servlet.PageNotFound - No mapping for GET /hoteladmin/api/amenities/2
2026-02-20 18:11:34.780 [http-nio-8080-exec-394] ERROR b.s.h.e.GlobalExceptionHandler - Непредвиденная ошибка: 
org.springframework.web.servlet.NoHandlerFoundException: No endpoint GET /hoteladmin/api/amenities/2.
	at org.springframework.web.servlet.DispatcherServlet.noHandlerFound(DispatcherServlet.java:1177)
	at org.springframework.web.servlet.DispatcherServlet.doDispatch(DispatcherServlet.java:953)
	at org.springframework.web.servlet.DispatcherServlet.doService(DispatcherServlet.java:866)
	at org.springframework.web.servlet.FrameworkServlet.processRequest(FrameworkServlet.java:1003)
	at org.springframework.web.servlet.FrameworkServlet.doGet(FrameworkServlet.java:892)
	at jakarta.servlet.http.HttpServlet.service(HttpServlet.java:622)
	at org.springframework.web.servlet.FrameworkServlet.service(FrameworkServlet.java:874)
	at jakarta.servlet.http.HttpServlet.service(HttpServlet.java:710)
	at org.apache.catalina.core.ApplicationFilterChain.doFilter(ApplicationFilterChain.java:128)
	at org.apache.tomcat.websocket.server.WsFilter.doFilter(WsFilter.java:53)
	at org.apache.catalina.core.ApplicationFilterChain.doFilter(ApplicationFilterChain.java:107)
	at org.apache.catalina.core.StandardWrapperValve.invoke(StandardWrapperValve.java:165)
	at org.apache.catalina.core.StandardContextValve.invoke(StandardContextValve.java:77)
	at org.apache.catalina.authenticator.AuthenticatorBase.invoke(AuthenticatorBase.java:482)
	at org.apache.catalina.core.StandardHostValve.invoke(StandardHostValve.java:113)
	at org.apache.catalina.valves.ErrorReportValve.invoke(ErrorReportValve.java:83)
	at org.apache.catalina.valves.AbstractAccessLogValve.invoke(AbstractAccessLogValve.java:654)
	at org.apache.catalina.core.StandardEngineValve.invoke(StandardEngineValve.java:72)
	at org.apache.catalina.connector.CoyoteAdapter.service(CoyoteAdapter.java:341)
	at org.apache.coyote.http11.Http11Processor.service(Http11Processor.java:397)
	at org.apache.coyote.AbstractProcessorLight.process(AbstractProcessorLight.java:63)
	at org.apache.coyote.AbstractProtocol$ConnectionHandler.process(AbstractProtocol.java:903)
	at org.apache.tomcat.util.net.NioEndpoint$SocketProcessor.doRun(NioEndpoint.java:1778)
	at org.apache.tomcat.util.net.SocketProcessorBase.run(SocketProcessorBase.java:52)
	at org.apache.tomcat.util.threads.ThreadPoolExecutor.runWorker(ThreadPoolExecutor.java:946)
	at org.apache.tomcat.util.threads.ThreadPoolExecutor$Worker.run(ThreadPoolExecutor.java:480)
	at org.apache.tomcat.util.threads.TaskThread$WrappingRunnable.run(TaskThread.java:57)
	at java.base/java.lang.Thread.run(Thread.java:1575)
2026-02-20 18:11:34.877 [Catalina-utility-1] INFO  org.hibernate.Version - HHH000412: Hibernate ORM core version 6.5.2.Final
2026-02-20 18:11:34.921 [Catalina-utility-1] INFO  o.h.c.i.RegionFactoryInitiator - HHH000026: Second-level cache disabled
2026-02-20 18:11:35.014 [Catalina-utility-1] WARN  org.hibernate.orm.deprecation - HHH90000025: PostgreSQLDialect does not need to be specified explicitly using 'hibernate.dialect' (remove the property setting and it will be selected by default)
2026-02-20 18:11:35.811 [http-nio-8080-exec-393] WARN  o.s.web.servlet.PageNotFound - No mapping for GET /hoteladmin/api/amenities/2
2026-02-20 18:11:35.812 [http-nio-8080-exec-393] ERROR b.s.h.e.GlobalExceptionHandler - Непредвиденная ошибка: 
org.springframework.web.servlet.NoHandlerFoundException: No endpoint GET /hoteladmin/api/amenities/2.
	at org.springframework.web.servlet.DispatcherServlet.noHandlerFound(DispatcherServlet.java:1177)
	at org.springframework.web.servlet.DispatcherServlet.doDispatch(DispatcherServlet.java:953)
	at org.springframework.web.servlet.DispatcherServlet.doService(DispatcherServlet.java:866)
	at org.springframework.web.servlet.FrameworkServlet.processRequest(FrameworkServlet.java:1003)
	at org.springframework.web.servlet.FrameworkServlet.doGet(FrameworkServlet.java:892)
	at jakarta.servlet.http.HttpServlet.service(HttpServlet.java:622)
	at org.springframework.web.servlet.FrameworkServlet.service(FrameworkServlet.java:874)
	at jakarta.servlet.http.HttpServlet.service(HttpServlet.java:710)
	at org.apache.catalina.core.ApplicationFilterChain.doFilter(ApplicationFilterChain.java:128)
	at org.apache.tomcat.websocket.server.WsFilter.doFilter(WsFilter.java:53)
	at org.apache.catalina.core.ApplicationFilterChain.doFilter(ApplicationFilterChain.java:107)
	at org.apache.catalina.core.StandardWrapperValve.invoke(StandardWrapperValve.java:165)
	at org.apache.catalina.core.StandardContextValve.invoke(StandardContextValve.java:77)
	at org.apache.catalina.authenticator.AuthenticatorBase.invoke(AuthenticatorBase.java:482)
	at org.apache.catalina.core.StandardHostValve.invoke(StandardHostValve.java:113)
	at org.apache.catalina.valves.ErrorReportValve.invoke(ErrorReportValve.java:83)
	at org.apache.catalina.valves.AbstractAccessLogValve.invoke(AbstractAccessLogValve.java:654)
	at org.apache.catalina.core.StandardEngineValve.invoke(StandardEngineValve.java:72)
	at org.apache.catalina.connector.CoyoteAdapter.service(CoyoteAdapter.java:341)
	at org.apache.coyote.http11.Http11Processor.service(Http11Processor.java:397)
	at org.apache.coyote.AbstractProcessorLight.process(AbstractProcessorLight.java:63)
	at org.apache.coyote.AbstractProtocol$ConnectionHandler.process(AbstractProtocol.java:903)
	at org.apache.tomcat.util.net.NioEndpoint$SocketProcessor.doRun(NioEndpoint.java:1778)
	at org.apache.tomcat.util.net.SocketProcessorBase.run(SocketProcessorBase.java:52)
	at org.apache.tomcat.util.threads.ThreadPoolExecutor.runWorker(ThreadPoolExecutor.java:946)
	at org.apache.tomcat.util.threads.ThreadPoolExecutor$Worker.run(ThreadPoolExecutor.java:480)
	at org.apache.tomcat.util.threads.TaskThread$WrappingRunnable.run(TaskThread.java:57)
	at java.base/java.lang.Thread.run(Thread.java:1575)
2026-02-20 18:11:36.338 [Catalina-utility-1] INFO  o.h.e.t.j.p.i.JtaPlatformInitiator - HHH000489: No JTA platform available (set 'hibernate.transaction.jta.platform' to enable JTA platform integration)
2026-02-20 18:11:36.579 [http-nio-8080-exec-392] WARN  o.s.web.servlet.PageNotFound - No mapping for GET /hoteladmin/api/amenities/2
2026-02-20 18:11:36.579 [http-nio-8080-exec-392] ERROR b.s.h.e.GlobalExceptionHandler - Непредвиденная ошибка: 
org.springframework.web.servlet.NoHandlerFoundException: No endpoint GET /hoteladmin/api/amenities/2.
	at org.springframework.web.servlet.DispatcherServlet.noHandlerFound(DispatcherServlet.java:1177)
	at org.springframework.web.servlet.DispatcherServlet.doDispatch(DispatcherServlet.java:953)
	at org.springframework.web.servlet.DispatcherServlet.doService(DispatcherServlet.java:866)
	at org.springframework.web.servlet.FrameworkServlet.processRequest(FrameworkServlet.java:1003)
	at org.springframework.web.servlet.FrameworkServlet.doGet(FrameworkServlet.java:892)
	at jakarta.servlet.http.HttpServlet.service(HttpServlet.java:622)
	at org.springframework.web.servlet.FrameworkServlet.service(FrameworkServlet.java:874)
	at jakarta.servlet.http.HttpServlet.service(HttpServlet.java:710)
	at org.apache.catalina.core.ApplicationFilterChain.doFilter(ApplicationFilterChain.java:128)
	at org.apache.tomcat.websocket.server.WsFilter.doFilter(WsFilter.java:53)
	at org.apache.catalina.core.ApplicationFilterChain.doFilter(ApplicationFilterChain.java:107)
	at org.apache.catalina.core.StandardWrapperValve.invoke(StandardWrapperValve.java:165)
	at org.apache.catalina.core.StandardContextValve.invoke(StandardContextValve.java:77)
	at org.apache.catalina.authenticator.AuthenticatorBase.invoke(AuthenticatorBase.java:482)
	at org.apache.catalina.core.StandardHostValve.invoke(StandardHostValve.java:113)
	at org.apache.catalina.valves.ErrorReportValve.invoke(ErrorReportValve.java:83)
	at org.apache.catalina.valves.AbstractAccessLogValve.invoke(AbstractAccessLogValve.java:654)
	at org.apache.catalina.core.StandardEngineValve.invoke(StandardEngineValve.java:72)
	at org.apache.catalina.connector.CoyoteAdapter.service(CoyoteAdapter.java:341)
	at org.apache.coyote.http11.Http11Processor.service(Http11Processor.java:397)
	at org.apache.coyote.AbstractProcessorLight.process(AbstractProcessorLight.java:63)
	at org.apache.coyote.AbstractProtocol$ConnectionHandler.process(AbstractProtocol.java:903)
	at org.apache.tomcat.util.net.NioEndpoint$SocketProcessor.doRun(NioEndpoint.java:1778)
	at org.apache.tomcat.util.net.SocketProcessorBase.run(SocketProcessorBase.java:52)
	at org.apache.tomcat.util.threads.ThreadPoolExecutor.runWorker(ThreadPoolExecutor.java:946)
	at org.apache.tomcat.util.threads.ThreadPoolExecutor$Worker.run(ThreadPoolExecutor.java:480)
	at org.apache.tomcat.util.threads.TaskThread$WrappingRunnable.run(TaskThread.java:57)
	at java.base/java.lang.Thread.run(Thread.java:1575)
2026-02-20 18:11:36.679 [Catalina-utility-1] INFO  o.s.web.context.ContextLoader - Root WebApplicationContext initialized in 2376 ms
2026-02-20 18:11:36.684 [Catalina-utility-1] INFO  o.s.web.servlet.DispatcherServlet - Initializing Servlet 'dispatcher'
2026-02-20 18:11:36.757 [Catalina-utility-1] INFO  o.h.c.i.RegionFactoryInitiator - HHH000026: Second-level cache disabled
2026-02-20 18:11:36.774 [Catalina-utility-1] WARN  org.hibernate.orm.deprecation - HHH90000025: PostgreSQLDialect does not need to be specified explicitly using 'hibernate.dialect' (remove the property setting and it will be selected by default)
2026-02-20 18:11:36.835 [Catalina-utility-1] INFO  o.h.e.t.j.p.i.JtaPlatformInitiator - HHH000489: No JTA platform available (set 'hibernate.transaction.jta.platform' to enable JTA platform integration)
2026-02-20 18:11:36.875 [Catalina-utility-1] INFO  o.s.web.servlet.DispatcherServlet - Completed initialization in 191 ms
2026-02-20 18:13:37.331 [http-nio-8080-exec-397] WARN  o.s.web.servlet.PageNotFound - No mapping for PUT /hoteladmin/api/amenities/2/price
2026-02-20 18:30:00.492 [Catalina-utility-1] INFO  o.s.web.context.ContextLoader - Root WebApplicationContext: initialization started
2026-02-20 18:30:01.306 [Catalina-utility-1] INFO  org.hibernate.Version - HHH000412: Hibernate ORM core version 6.5.2.Final
2026-02-20 18:30:01.339 [Catalina-utility-1] INFO  o.h.c.i.RegionFactoryInitiator - HHH000026: Second-level cache disabled
2026-02-20 18:30:01.438 [Catalina-utility-1] WARN  org.hibernate.orm.deprecation - HHH90000025: PostgreSQLDialect does not need to be specified explicitly using 'hibernate.dialect' (remove the property setting and it will be selected by default)
2026-02-20 18:30:02.224 [Catalina-utility-1] INFO  o.h.e.t.j.p.i.JtaPlatformInitiator - HHH000489: No JTA platform available (set 'hibernate.transaction.jta.platform' to enable JTA platform integration)
2026-02-20 18:30:02.424 [Catalina-utility-1] INFO  o.s.web.context.ContextLoader - Root WebApplicationContext initialized in 1931 ms
2026-02-20 18:30:02.427 [Catalina-utility-1] INFO  o.s.web.servlet.DispatcherServlet - Initializing Servlet 'dispatcher'
2026-02-20 18:30:02.491 [Catalina-utility-1] INFO  o.h.c.i.RegionFactoryInitiator - HHH000026: Second-level cache disabled
2026-02-20 18:30:02.503 [Catalina-utility-1] WARN  org.hibernate.orm.deprecation - HHH90000025: PostgreSQLDialect does not need to be specified explicitly using 'hibernate.dialect' (remove the property setting and it will be selected by default)
2026-02-20 18:30:02.542 [Catalina-utility-1] INFO  o.h.e.t.j.p.i.JtaPlatformInitiator - HHH000489: No JTA platform available (set 'hibernate.transaction.jta.platform' to enable JTA platform integration)
2026-02-20 18:30:02.584 [Catalina-utility-1] INFO  o.s.web.servlet.DispatcherServlet - Completed initialization in 157 ms
2026-02-20 18:30:08.828 [http-nio-8080-exec-400] WARN  o.s.web.servlet.PageNotFound - No mapping for PUT /hoteladmin/api/amenities/2/price
2026-02-20 18:30:09.687 [http-nio-8080-exec-398] WARN  o.s.web.servlet.PageNotFound - No mapping for PUT /hoteladmin/api/amenities/2/price
2026-02-20 18:30:10.421 [http-nio-8080-exec-402] WARN  o.s.web.servlet.PageNotFound - No mapping for PUT /hoteladmin/api/amenities/2/price
2026-02-20 18:30:11.076 [http-nio-8080-exec-404] WARN  o.s.web.servlet.PageNotFound - No mapping for PUT /hoteladmin/api/amenities/2/price
2026-02-20 18:30:11.729 [http-nio-8080-exec-405] WARN  o.s.web.servlet.PageNotFound - No mapping for PUT /hoteladmin/api/amenities/2/price
2026-02-20 18:30:12.444 [http-nio-8080-exec-397] WARN  o.s.web.servlet.PageNotFound - No mapping for PUT /hoteladmin/api/amenities/2/price
2026-02-20 18:30:13.178 [http-nio-8080-exec-398] WARN  o.s.web.servlet.PageNotFound - No mapping for PUT /hoteladmin/api/amenities/2/price
2026-02-20 18:33:14.579 [Catalina-utility-1] INFO  o.s.web.context.ContextLoader - Root WebApplicationContext: initialization started
2026-02-20 18:33:15.148 [Catalina-utility-1] INFO  org.hibernate.Version - HHH000412: Hibernate ORM core version 6.5.2.Final
2026-02-20 18:33:15.176 [Catalina-utility-1] INFO  o.h.c.i.RegionFactoryInitiator - HHH000026: Second-level cache disabled
2026-02-20 18:33:15.266 [Catalina-utility-1] WARN  org.hibernate.orm.deprecation - HHH90000025: PostgreSQLDialect does not need to be specified explicitly using 'hibernate.dialect' (remove the property setting and it will be selected by default)
2026-02-20 18:33:16.336 [Catalina-utility-1] INFO  o.h.e.t.j.p.i.JtaPlatformInitiator - HHH000489: No JTA platform available (set 'hibernate.transaction.jta.platform' to enable JTA platform integration)
2026-02-20 18:33:16.971 [Catalina-utility-1] INFO  o.s.web.context.ContextLoader - Root WebApplicationContext initialized in 2392 ms
2026-02-20 18:33:16.981 [Catalina-utility-1] INFO  o.s.web.servlet.DispatcherServlet - Initializing Servlet 'dispatcher'
2026-02-20 18:33:17.087 [Catalina-utility-1] INFO  o.h.c.i.RegionFactoryInitiator - HHH000026: Second-level cache disabled
2026-02-20 18:33:17.097 [Catalina-utility-1] WARN  org.hibernate.orm.deprecation - HHH90000025: PostgreSQLDialect does not need to be specified explicitly using 'hibernate.dialect' (remove the property setting and it will be selected by default)
2026-02-20 18:33:17.164 [Catalina-utility-1] INFO  o.h.e.t.j.p.i.JtaPlatformInitiator - HHH000489: No JTA platform available (set 'hibernate.transaction.jta.platform' to enable JTA platform integration)
2026-02-20 18:33:17.215 [Catalina-utility-1] INFO  o.s.web.servlet.DispatcherServlet - Completed initialization in 234 ms
2026-02-20 18:37:00.461 [http-nio-8080-exec-420] INFO  b.s.h.service.BookingManager - Начало заселения: гость=Вячеслав Борисов, комната id=201, даты null-null
2026-02-20 18:37:00.462 [http-nio-8080-exec-420] ERROR b.s.h.service.BookingManager - Ошибка заселения для гостя Вячеслав Борисов: даты не указаны
2026-02-20 18:38:10.610 [http-nio-8080-exec-422] INFO  b.s.h.service.BookingManager - Начало заселения: гость=Вячеслав Борисов, комната id=201, даты null-null
2026-02-20 18:38:10.611 [http-nio-8080-exec-422] ERROR b.s.h.service.BookingManager - Ошибка заселения для гостя Вячеслав Борисов: даты не указаны
2026-02-20 18:38:11.763 [http-nio-8080-exec-415] INFO  b.s.h.service.BookingManager - Начало заселения: гость=Вячеслав Борисов, комната id=201, даты null-null
2026-02-20 18:38:11.763 [http-nio-8080-exec-415] ERROR b.s.h.service.BookingManager - Ошибка заселения для гостя Вячеслав Борисов: даты не указаны
2026-02-20 18:38:30.266 [http-nio-8080-exec-417] INFO  b.s.h.service.BookingManager - Начало заселения: гость=Вячеслав Борисов, комната id=201, даты null-null
2026-02-20 18:38:30.267 [http-nio-8080-exec-417] ERROR b.s.h.service.BookingManager - Ошибка заселения для гостя Вячеслав Борисов: даты не указаны
2026-02-20 18:39:27.263 [http-nio-8080-exec-421] INFO  b.s.h.service.BookingManager - Начало заселения: гость=Вячеслав Борисов, комната id=2, даты null-null
2026-02-20 18:39:27.264 [http-nio-8080-exec-421] ERROR b.s.h.service.BookingManager - Ошибка заселения для гостя Вячеслав Борисов: даты не указаны
2026-02-20 18:39:28.164 [http-nio-8080-exec-422] INFO  b.s.h.service.BookingManager - Начало заселения: гость=Вячеслав Борисов, комната id=2, даты null-null
2026-02-20 18:39:28.164 [http-nio-8080-exec-422] ERROR b.s.h.service.BookingManager - Ошибка заселения для гостя Вячеслав Борисов: даты не указаны
2026-02-20 18:40:09.396 [http-nio-8080-exec-423] INFO  b.s.h.service.BookingManager - Начало заселения: гость=Вячеслав Борисов, комната id=4, даты null-null
2026-02-20 18:40:09.397 [http-nio-8080-exec-423] ERROR b.s.h.service.BookingManager - Ошибка заселения для гостя Вячеслав Борисов: даты не указаны
2026-02-20 18:41:54.289 [http-nio-8080-exec-418] INFO  b.s.h.service.BookingManager - Начало заселения: гость=Вячеслав Борисов, комната id=4, даты 2026-02-21-2026-02-25
2026-02-20 18:41:54.408 [http-nio-8080-exec-418] INFO  b.s.h.service.BookingManager - Гость Вячеслав Борисов заселён в комнату id=4, бронирование id=10
2026-02-20 18:43:33.370 [http-nio-8080-exec-424] INFO  b.s.h.service.BookingManager - Начало заселения: гость=Вячеслав Борисов, комната id=4, даты 2026-02-21-2026-02-25
2026-02-20 18:43:33.391 [http-nio-8080-exec-424] ERROR b.s.h.service.BookingManager - Ошибка заселения для гостя Вячеслав Борисов: комната id=4 занята на период 2026-02-21-2026-02-25
2026-02-20 18:45:58.806 [http-nio-8080-exec-418] INFO  b.s.h.service.BookingManager - Начало заселения: гость=Вячеслав Борисов, комната id=2, даты 2026-02-21-2026-02-25
2026-02-20 18:45:58.825 [http-nio-8080-exec-418] INFO  b.s.h.service.BookingManager - Гость Вячеслав Борисов заселён в комнату id=2, бронирование id=11
2026-02-20 18:47:10.101 [http-nio-8080-exec-424] INFO  b.s.h.service.BookingManager - Начало транзакции выселения из комнаты id=2
2026-02-20 18:47:10.133 [http-nio-8080-exec-424] ERROR b.s.h.service.BookingManager - Ошибка транзакции выселения: активное бронирование для комнаты id=2 не найдено
2026-02-20 18:47:13.266 [http-nio-8080-exec-416] INFO  b.s.h.service.BookingManager - Начало транзакции выселения из комнаты id=2
2026-02-20 18:47:13.272 [http-nio-8080-exec-416] ERROR b.s.h.service.BookingManager - Ошибка транзакции выселения: активное бронирование для комнаты id=2 не найдено
2026-02-20 18:48:36.153 [http-nio-8080-exec-418] INFO  b.s.h.service.BookingManager - Начало транзакции выселения из комнаты id=1
2026-02-20 18:48:36.193 [http-nio-8080-exec-418] INFO  b.s.h.service.BookingManager - Транзакция выселения успешно завершена: комната id=1 освобождена, бронирование id=7 закрыто
2026-02-20 18:49:28.784 [http-nio-8080-exec-421] INFO  b.s.h.service.BookingManager - Начало транзакции выселения из комнаты id=1
2026-02-20 18:49:28.794 [http-nio-8080-exec-421] ERROR b.s.h.service.BookingManager - Ошибка транзакции выселения: активное бронирование для комнаты id=1 не найдено
2026-02-20 18:56:10.079 [Catalina-utility-1] INFO  o.s.web.context.ContextLoader - Root WebApplicationContext: initialization started
2026-02-20 18:56:10.627 [Catalina-utility-1] INFO  org.hibernate.Version - HHH000412: Hibernate ORM core version 6.5.2.Final
2026-02-20 18:56:10.655 [Catalina-utility-1] INFO  o.h.c.i.RegionFactoryInitiator - HHH000026: Second-level cache disabled
2026-02-20 18:56:10.751 [Catalina-utility-1] WARN  org.hibernate.orm.deprecation - HHH90000025: PostgreSQLDialect does not need to be specified explicitly using 'hibernate.dialect' (remove the property setting and it will be selected by default)
2026-02-20 18:56:11.465 [Catalina-utility-1] INFO  o.h.e.t.j.p.i.JtaPlatformInitiator - HHH000489: No JTA platform available (set 'hibernate.transaction.jta.platform' to enable JTA platform integration)
2026-02-20 18:56:11.658 [Catalina-utility-1] INFO  o.s.web.context.ContextLoader - Root WebApplicationContext initialized in 1578 ms
2026-02-20 18:56:11.661 [Catalina-utility-1] INFO  o.s.web.servlet.DispatcherServlet - Initializing Servlet 'dispatcher'
2026-02-20 18:56:11.726 [Catalina-utility-1] INFO  o.h.c.i.RegionFactoryInitiator - HHH000026: Second-level cache disabled
2026-02-20 18:56:11.735 [Catalina-utility-1] WARN  org.hibernate.orm.deprecation - HHH90000025: PostgreSQLDialect does not need to be specified explicitly using 'hibernate.dialect' (remove the property setting and it will be selected by default)
2026-02-20 18:56:11.776 [Catalina-utility-1] INFO  o.h.e.t.j.p.i.JtaPlatformInitiator - HHH000489: No JTA platform available (set 'hibernate.transaction.jta.platform' to enable JTA platform integration)
2026-02-20 18:56:11.988 [Catalina-utility-1] INFO  o.s.web.servlet.DispatcherServlet - Completed initialization in 326 ms
2026-02-20 18:56:14.267 [http-nio-8080-exec-418] INFO  b.s.h.service.BookingManager - Начало заселения: гость=Вячеслав Борисов, комната id=4, даты 2026-02-21-2026-02-25
2026-02-20 18:56:14.577 [http-nio-8080-exec-418] ERROR b.s.h.service.BookingManager - Ошибка заселения для гостя Вячеслав Борисов: комната id=4 занята на период 2026-02-21-2026-02-25
2026-02-20 19:05:17.694 [http-nio-8080-exec-426] ERROR b.s.h.e.GlobalExceptionHandler - Непредвиденная ошибка: 
java.lang.IllegalArgumentException: Name for argument of type [java.lang.String] not specified, and parameter name information not available via reflection. Ensure that the compiler uses the '-parameters' flag.
	at org.springframework.web.method.annotation.AbstractNamedValueMethodArgumentResolver.updateNamedValueInfo(AbstractNamedValueMethodArgumentResolver.java:184)
	at org.springframework.web.method.annotation.AbstractNamedValueMethodArgumentResolver.getNamedValueInfo(AbstractNamedValueMethodArgumentResolver.java:159)
	at org.springframework.web.method.annotation.AbstractNamedValueMethodArgumentResolver.resolveArgument(AbstractNamedValueMethodArgumentResolver.java:106)
	at org.springframework.web.method.support.HandlerMethodArgumentResolverComposite.resolveArgument(HandlerMethodArgumentResolverComposite.java:122)
	at org.springframework.web.method.support.InvocableHandlerMethod.getMethodArgumentValues(InvocableHandlerMethod.java:230)
	at org.springframework.web.method.support.InvocableHandlerMethod.invokeForRequest(InvocableHandlerMethod.java:180)
	at org.springframework.web.servlet.mvc.method.annotation.ServletInvocableHandlerMethod.invokeAndHandle(ServletInvocableHandlerMethod.java:117)
	at org.springframework.web.servlet.mvc.method.annotation.RequestMappingHandlerAdapter.invokeHandlerMethod(RequestMappingHandlerAdapter.java:934)
	at org.springframework.web.servlet.mvc.method.annotation.RequestMappingHandlerAdapter.handleInternal(RequestMappingHandlerAdapter.java:853)
	at org.springframework.web.servlet.mvc.method.AbstractHandlerMethodAdapter.handle(AbstractHandlerMethodAdapter.java:86)
	at org.springframework.web.servlet.DispatcherServlet.doDispatch(DispatcherServlet.java:963)
	at org.springframework.web.servlet.DispatcherServlet.doService(DispatcherServlet.java:866)
	at org.springframework.web.servlet.FrameworkServlet.processRequest(FrameworkServlet.java:1003)
	at org.springframework.web.servlet.FrameworkServlet.doGet(FrameworkServlet.java:892)
	at jakarta.servlet.http.HttpServlet.service(HttpServlet.java:622)
	at org.springframework.web.servlet.FrameworkServlet.service(FrameworkServlet.java:874)
	at jakarta.servlet.http.HttpServlet.service(HttpServlet.java:710)
	at org.apache.catalina.core.ApplicationFilterChain.doFilter(ApplicationFilterChain.java:128)
	at org.apache.tomcat.websocket.server.WsFilter.doFilter(WsFilter.java:53)
	at org.apache.catalina.core.ApplicationFilterChain.doFilter(ApplicationFilterChain.java:107)
	at org.apache.catalina.core.StandardWrapperValve.invoke(StandardWrapperValve.java:165)
	at org.apache.catalina.core.StandardContextValve.invoke(StandardContextValve.java:77)
	at org.apache.catalina.authenticator.AuthenticatorBase.invoke(AuthenticatorBase.java:482)
	at org.apache.catalina.core.StandardHostValve.invoke(StandardHostValve.java:113)
	at org.apache.catalina.valves.ErrorReportValve.invoke(ErrorReportValve.java:83)
	at org.apache.catalina.valves.AbstractAccessLogValve.invoke(AbstractAccessLogValve.java:654)
	at org.apache.catalina.core.StandardEngineValve.invoke(StandardEngineValve.java:72)
	at org.apache.catalina.connector.CoyoteAdapter.service(CoyoteAdapter.java:341)
	at org.apache.coyote.http11.Http11Processor.service(Http11Processor.java:397)
	at org.apache.coyote.AbstractProcessorLight.process(AbstractProcessorLight.java:63)
	at org.apache.coyote.AbstractProtocol$ConnectionHandler.process(AbstractProtocol.java:903)
	at org.apache.tomcat.util.net.NioEndpoint$SocketProcessor.doRun(NioEndpoint.java:1778)
	at org.apache.tomcat.util.net.SocketProcessorBase.run(SocketProcessorBase.java:52)
	at org.apache.tomcat.util.threads.ThreadPoolExecutor.runWorker(ThreadPoolExecutor.java:946)
	at org.apache.tomcat.util.threads.ThreadPoolExecutor$Worker.run(ThreadPoolExecutor.java:480)
	at org.apache.tomcat.util.threads.TaskThread$WrappingRunnable.run(TaskThread.java:57)
	at java.base/java.lang.Thread.run(Thread.java:1575)
2026-02-20 19:17:25.156 [Catalina-utility-2] INFO  o.s.web.context.ContextLoader - Root WebApplicationContext: initialization started
2026-02-20 19:17:25.926 [Catalina-utility-2] INFO  org.hibernate.Version - HHH000412: Hibernate ORM core version 6.5.2.Final
2026-02-20 19:17:26.034 [Catalina-utility-2] INFO  o.h.c.i.RegionFactoryInitiator - HHH000026: Second-level cache disabled
2026-02-20 19:17:26.124 [Catalina-utility-2] WARN  org.hibernate.orm.deprecation - HHH90000025: PostgreSQLDialect does not need to be specified explicitly using 'hibernate.dialect' (remove the property setting and it will be selected by default)
2026-02-20 19:17:27.136 [Catalina-utility-2] INFO  o.h.e.t.j.p.i.JtaPlatformInitiator - HHH000489: No JTA platform available (set 'hibernate.transaction.jta.platform' to enable JTA platform integration)
2026-02-20 19:17:27.372 [Catalina-utility-2] INFO  o.s.web.context.ContextLoader - Root WebApplicationContext initialized in 2215 ms
2026-02-20 19:17:27.374 [Catalina-utility-2] INFO  o.s.web.servlet.DispatcherServlet - Initializing Servlet 'dispatcher'
2026-02-20 19:17:27.445 [Catalina-utility-2] INFO  o.h.c.i.RegionFactoryInitiator - HHH000026: Second-level cache disabled
2026-02-20 19:17:27.454 [Catalina-utility-2] WARN  org.hibernate.orm.deprecation - HHH90000025: PostgreSQLDialect does not need to be specified explicitly using 'hibernate.dialect' (remove the property setting and it will be selected by default)
2026-02-20 19:17:27.494 [Catalina-utility-2] INFO  o.h.e.t.j.p.i.JtaPlatformInitiator - HHH000489: No JTA platform available (set 'hibernate.transaction.jta.platform' to enable JTA platform integration)
2026-02-20 19:17:27.532 [Catalina-utility-2] INFO  o.s.web.servlet.DispatcherServlet - Completed initialization in 158 ms
2026-02-20 19:17:30.299 [http-nio-8080-exec-430] INFO  b.s.h.service.BookingManager - Начало заселения: гость=Вячеслав Борисов, комната id=4, даты 2026-02-21-2026-02-25
2026-02-20 19:17:30.604 [http-nio-8080-exec-430] ERROR b.s.h.service.BookingManager - Ошибка заселения для гостя Вячеслав Борисов: комната id=4 занята на период 2026-02-21-2026-02-25
2026-02-20 19:17:49.910 [http-nio-8080-exec-436] INFO  b.s.h.service.BookingManager - Начало заселения: гость=Вячеслав Борисов, комната id=2, даты 2026-02-21-2026-02-25
2026-02-20 19:17:49.916 [http-nio-8080-exec-436] ERROR b.s.h.service.BookingManager - Ошибка заселения для гостя Вячеслав Борисов: комната id=2 занята на период 2026-02-21-2026-02-25
2026-02-20 19:21:01.062 [Catalina-utility-1] INFO  o.s.web.context.ContextLoader - Root WebApplicationContext: initialization started
2026-02-20 19:21:02.015 [http-nio-8080-exec-438] WARN  o.s.web.servlet.PageNotFound - No mapping for GET /hoteladmin/api/rooms
2026-02-20 19:21:02.016 [http-nio-8080-exec-438] ERROR b.s.h.e.GlobalExceptionHandler - Непредвиденная ошибка: 
org.springframework.web.servlet.NoHandlerFoundException: No endpoint GET /hoteladmin/api/rooms.
	at org.springframework.web.servlet.DispatcherServlet.noHandlerFound(DispatcherServlet.java:1177)
	at org.springframework.web.servlet.DispatcherServlet.doDispatch(DispatcherServlet.java:953)
	at org.springframework.web.servlet.DispatcherServlet.doService(DispatcherServlet.java:866)
	at org.springframework.web.servlet.FrameworkServlet.processRequest(FrameworkServlet.java:1003)
	at org.springframework.web.servlet.FrameworkServlet.doGet(FrameworkServlet.java:892)
	at jakarta.servlet.http.HttpServlet.service(HttpServlet.java:622)
	at org.springframework.web.servlet.FrameworkServlet.service(FrameworkServlet.java:874)
	at jakarta.servlet.http.HttpServlet.service(HttpServlet.java:710)
	at org.apache.catalina.core.ApplicationFilterChain.doFilter(ApplicationFilterChain.java:128)
	at org.apache.tomcat.websocket.server.WsFilter.doFilter(WsFilter.java:53)
	at org.apache.catalina.core.ApplicationFilterChain.doFilter(ApplicationFilterChain.java:107)
	at org.apache.catalina.core.StandardWrapperValve.invoke(StandardWrapperValve.java:165)
	at org.apache.catalina.core.StandardContextValve.invoke(StandardContextValve.java:77)
	at org.apache.catalina.authenticator.AuthenticatorBase.invoke(AuthenticatorBase.java:482)
	at org.apache.catalina.core.StandardHostValve.invoke(StandardHostValve.java:113)
	at org.apache.catalina.valves.ErrorReportValve.invoke(ErrorReportValve.java:83)
	at org.apache.catalina.valves.AbstractAccessLogValve.invoke(AbstractAccessLogValve.java:654)
	at org.apache.catalina.core.StandardEngineValve.invoke(StandardEngineValve.java:72)
	at org.apache.catalina.connector.CoyoteAdapter.service(CoyoteAdapter.java:341)
	at org.apache.coyote.http11.Http11Processor.service(Http11Processor.java:397)
	at org.apache.coyote.AbstractProcessorLight.process(AbstractProcessorLight.java:63)
	at org.apache.coyote.AbstractProtocol$ConnectionHandler.process(AbstractProtocol.java:903)
	at org.apache.tomcat.util.net.NioEndpoint$SocketProcessor.doRun(NioEndpoint.java:1778)
	at org.apache.tomcat.util.net.SocketProcessorBase.run(SocketProcessorBase.java:52)
	at org.apache.tomcat.util.threads.ThreadPoolExecutor.runWorker(ThreadPoolExecutor.java:946)
	at org.apache.tomcat.util.threads.ThreadPoolExecutor$Worker.run(ThreadPoolExecutor.java:480)
	at org.apache.tomcat.util.threads.TaskThread$WrappingRunnable.run(TaskThread.java:57)
	at java.base/java.lang.Thread.run(Thread.java:1575)
2026-02-20 19:21:02.074 [Catalina-utility-1] INFO  org.hibernate.Version - HHH000412: Hibernate ORM core version 6.5.2.Final
2026-02-20 19:21:02.107 [Catalina-utility-1] INFO  o.h.c.i.RegionFactoryInitiator - HHH000026: Second-level cache disabled
2026-02-20 19:21:02.215 [Catalina-utility-1] WARN  org.hibernate.orm.deprecation - HHH90000025: PostgreSQLDialect does not need to be specified explicitly using 'hibernate.dialect' (remove the property setting and it will be selected by default)
2026-02-20 19:21:02.917 [http-nio-8080-exec-441] WARN  o.s.web.servlet.PageNotFound - No mapping for GET /hoteladmin/api/rooms
2026-02-20 19:21:02.917 [http-nio-8080-exec-441] ERROR b.s.h.e.GlobalExceptionHandler - Непредвиденная ошибка: 
org.springframework.web.servlet.NoHandlerFoundException: No endpoint GET /hoteladmin/api/rooms.
	at org.springframework.web.servlet.DispatcherServlet.noHandlerFound(DispatcherServlet.java:1177)
	at org.springframework.web.servlet.DispatcherServlet.doDispatch(DispatcherServlet.java:953)
	at org.springframework.web.servlet.DispatcherServlet.doService(DispatcherServlet.java:866)
	at org.springframework.web.servlet.FrameworkServlet.processRequest(FrameworkServlet.java:1003)
	at org.springframework.web.servlet.FrameworkServlet.doGet(FrameworkServlet.java:892)
	at jakarta.servlet.http.HttpServlet.service(HttpServlet.java:622)
	at org.springframework.web.servlet.FrameworkServlet.service(FrameworkServlet.java:874)
	at jakarta.servlet.http.HttpServlet.service(HttpServlet.java:710)
	at org.apache.catalina.core.ApplicationFilterChain.doFilter(ApplicationFilterChain.java:128)
	at org.apache.tomcat.websocket.server.WsFilter.doFilter(WsFilter.java:53)
	at org.apache.catalina.core.ApplicationFilterChain.doFilter(ApplicationFilterChain.java:107)
	at org.apache.catalina.core.StandardWrapperValve.invoke(StandardWrapperValve.java:165)
	at org.apache.catalina.core.StandardContextValve.invoke(StandardContextValve.java:77)
	at org.apache.catalina.authenticator.AuthenticatorBase.invoke(AuthenticatorBase.java:482)
	at org.apache.catalina.core.StandardHostValve.invoke(StandardHostValve.java:113)
	at org.apache.catalina.valves.ErrorReportValve.invoke(ErrorReportValve.java:83)
	at org.apache.catalina.valves.AbstractAccessLogValve.invoke(AbstractAccessLogValve.java:654)
	at org.apache.catalina.core.StandardEngineValve.invoke(StandardEngineValve.java:72)
	at org.apache.catalina.connector.CoyoteAdapter.service(CoyoteAdapter.java:341)
	at org.apache.coyote.http11.Http11Processor.service(Http11Processor.java:397)
	at org.apache.coyote.AbstractProcessorLight.process(AbstractProcessorLight.java:63)
	at org.apache.coyote.AbstractProtocol$ConnectionHandler.process(AbstractProtocol.java:903)
	at org.apache.tomcat.util.net.NioEndpoint$SocketProcessor.doRun(NioEndpoint.java:1778)
	at org.apache.tomcat.util.net.SocketProcessorBase.run(SocketProcessorBase.java:52)
	at org.apache.tomcat.util.threads.ThreadPoolExecutor.runWorker(ThreadPoolExecutor.java:946)
	at org.apache.tomcat.util.threads.ThreadPoolExecutor$Worker.run(ThreadPoolExecutor.java:480)
	at org.apache.tomcat.util.threads.TaskThread$WrappingRunnable.run(TaskThread.java:57)
	at java.base/java.lang.Thread.run(Thread.java:1575)
2026-02-20 19:21:03.007 [Catalina-utility-1] INFO  o.h.e.t.j.p.i.JtaPlatformInitiator - HHH000489: No JTA platform available (set 'hibernate.transaction.jta.platform' to enable JTA platform integration)
2026-02-20 19:21:03.217 [Catalina-utility-1] INFO  o.s.web.context.ContextLoader - Root WebApplicationContext initialized in 2154 ms
2026-02-20 19:21:03.220 [Catalina-utility-1] INFO  o.s.web.servlet.DispatcherServlet - Initializing Servlet 'dispatcher'
2026-02-20 19:21:03.290 [Catalina-utility-1] INFO  o.h.c.i.RegionFactoryInitiator - HHH000026: Second-level cache disabled
2026-02-20 19:21:03.300 [Catalina-utility-1] WARN  org.hibernate.orm.deprecation - HHH90000025: PostgreSQLDialect does not need to be specified explicitly using 'hibernate.dialect' (remove the property setting and it will be selected by default)
2026-02-20 19:21:03.338 [Catalina-utility-1] INFO  o.h.e.t.j.p.i.JtaPlatformInitiator - HHH000489: No JTA platform available (set 'hibernate.transaction.jta.platform' to enable JTA platform integration)
2026-02-20 19:21:03.383 [Catalina-utility-1] INFO  o.s.web.servlet.DispatcherServlet - Completed initialization in 163 ms
2026-02-20 19:21:09.662 [http-nio-8080-exec-436] INFO  b.s.h.service.BookingManager - Начало заселения: гость=Вячеслав Борисов, комната id=2, даты 2026-02-21-2026-02-25
2026-02-20 19:21:09.728 [http-nio-8080-exec-436] ERROR b.s.h.service.BookingManager - Ошибка заселения для гостя Вячеслав Борисов: комната id=2 занята на период 2026-02-21-2026-02-25
2026-02-20 19:23:34.767 [Catalina-utility-1] INFO  o.s.web.context.ContextLoader - Root WebApplicationContext: initialization started
2026-02-20 19:23:36.199 [Catalina-utility-1] INFO  org.hibernate.Version - HHH000412: Hibernate ORM core version 6.5.2.Final
2026-02-20 19:23:36.228 [Catalina-utility-1] INFO  o.h.c.i.RegionFactoryInitiator - HHH000026: Second-level cache disabled
2026-02-20 19:23:36.320 [Catalina-utility-1] WARN  org.hibernate.orm.deprecation - HHH90000025: PostgreSQLDialect does not need to be specified explicitly using 'hibernate.dialect' (remove the property setting and it will be selected by default)
2026-02-20 19:23:37.562 [Catalina-utility-1] INFO  o.h.e.t.j.p.i.JtaPlatformInitiator - HHH000489: No JTA platform available (set 'hibernate.transaction.jta.platform' to enable JTA platform integration)
2026-02-20 19:23:37.777 [Catalina-utility-1] INFO  o.s.web.context.ContextLoader - Root WebApplicationContext initialized in 3010 ms
2026-02-20 19:23:37.779 [Catalina-utility-1] INFO  o.s.web.servlet.DispatcherServlet - Initializing Servlet 'dispatcher'
2026-02-20 19:23:37.865 [Catalina-utility-1] INFO  o.h.c.i.RegionFactoryInitiator - HHH000026: Second-level cache disabled
2026-02-20 19:23:37.879 [Catalina-utility-1] WARN  org.hibernate.orm.deprecation - HHH90000025: PostgreSQLDialect does not need to be specified explicitly using 'hibernate.dialect' (remove the property setting and it will be selected by default)
2026-02-20 19:23:37.918 [Catalina-utility-1] INFO  o.h.e.t.j.p.i.JtaPlatformInitiator - HHH000489: No JTA platform available (set 'hibernate.transaction.jta.platform' to enable JTA platform integration)
2026-02-20 19:23:37.964 [Catalina-utility-1] INFO  o.s.web.servlet.DispatcherServlet - Completed initialization in 184 ms
2026-02-20 19:29:29.425 [Catalina-utility-1] INFO  o.s.web.context.ContextLoader - Root WebApplicationContext: initialization started
2026-02-20 19:29:29.993 [Catalina-utility-1] INFO  org.hibernate.Version - HHH000412: Hibernate ORM core version 6.5.2.Final
2026-02-20 19:29:30.024 [Catalina-utility-1] INFO  o.h.c.i.RegionFactoryInitiator - HHH000026: Second-level cache disabled
2026-02-20 19:29:30.113 [Catalina-utility-1] WARN  org.hibernate.orm.deprecation - HHH90000025: PostgreSQLDialect does not need to be specified explicitly using 'hibernate.dialect' (remove the property setting and it will be selected by default)
2026-02-20 19:29:30.958 [Catalina-utility-1] INFO  o.h.e.t.j.p.i.JtaPlatformInitiator - HHH000489: No JTA platform available (set 'hibernate.transaction.jta.platform' to enable JTA platform integration)
2026-02-20 19:29:31.161 [Catalina-utility-1] INFO  o.s.web.context.ContextLoader - Root WebApplicationContext initialized in 1735 ms
2026-02-20 19:29:31.164 [Catalina-utility-1] INFO  o.s.web.servlet.DispatcherServlet - Initializing Servlet 'dispatcher'
2026-02-20 19:29:31.225 [Catalina-utility-1] INFO  o.h.c.i.RegionFactoryInitiator - HHH000026: Second-level cache disabled
2026-02-20 19:29:31.236 [Catalina-utility-1] WARN  org.hibernate.orm.deprecation - HHH90000025: PostgreSQLDialect does not need to be specified explicitly using 'hibernate.dialect' (remove the property setting and it will be selected by default)
2026-02-20 19:29:31.299 [Catalina-utility-1] INFO  o.h.e.t.j.p.i.JtaPlatformInitiator - HHH000489: No JTA platform available (set 'hibernate.transaction.jta.platform' to enable JTA platform integration)
2026-02-20 19:29:31.356 [Catalina-utility-1] INFO  o.s.web.servlet.DispatcherServlet - Completed initialization in 192 ms
2026-02-20 19:31:52.519 [Catalina-utility-2] INFO  o.s.web.context.ContextLoader - Root WebApplicationContext: initialization started
2026-02-20 19:31:53.249 [Catalina-utility-2] INFO  org.hibernate.Version - HHH000412: Hibernate ORM core version 6.5.2.Final
2026-02-20 19:31:53.340 [Catalina-utility-2] INFO  o.h.c.i.RegionFactoryInitiator - HHH000026: Second-level cache disabled
2026-02-20 19:31:53.456 [Catalina-utility-2] WARN  org.hibernate.orm.deprecation - HHH90000025: PostgreSQLDialect does not need to be specified explicitly using 'hibernate.dialect' (remove the property setting and it will be selected by default)
2026-02-20 19:31:54.349 [Catalina-utility-2] INFO  o.h.e.t.j.p.i.JtaPlatformInitiator - HHH000489: No JTA platform available (set 'hibernate.transaction.jta.platform' to enable JTA platform integration)
2026-02-20 19:31:54.547 [Catalina-utility-2] INFO  o.s.web.context.ContextLoader - Root WebApplicationContext initialized in 2027 ms
2026-02-20 19:31:54.551 [Catalina-utility-2] INFO  o.s.web.servlet.DispatcherServlet - Initializing Servlet 'dispatcher'
2026-02-20 19:31:54.615 [Catalina-utility-2] INFO  o.h.c.i.RegionFactoryInitiator - HHH000026: Second-level cache disabled
2026-02-20 19:31:54.623 [Catalina-utility-2] WARN  org.hibernate.orm.deprecation - HHH90000025: PostgreSQLDialect does not need to be specified explicitly using 'hibernate.dialect' (remove the property setting and it will be selected by default)
2026-02-20 19:31:54.662 [Catalina-utility-2] INFO  o.h.e.t.j.p.i.JtaPlatformInitiator - HHH000489: No JTA platform available (set 'hibernate.transaction.jta.platform' to enable JTA platform integration)
2026-02-20 19:31:54.704 [Catalina-utility-2] INFO  o.s.web.servlet.DispatcherServlet - Completed initialization in 153 ms
2026-02-20 19:41:22.400 [http-nio-8080-exec-474] WARN  o.s.web.servlet.PageNotFound - No mapping for GET /hoteladmin/api/rooms/5/bookings
2026-02-20 20:04:27.168 [Catalina-utility-1] INFO  o.s.web.context.ContextLoader - Root WebApplicationContext: initialization started
2026-02-20 20:04:27.800 [Catalina-utility-1] INFO  org.hibernate.Version - HHH000412: Hibernate ORM core version 6.5.2.Final
2026-02-20 20:04:27.833 [Catalina-utility-1] INFO  o.h.c.i.RegionFactoryInitiator - HHH000026: Second-level cache disabled
2026-02-20 20:04:27.928 [Catalina-utility-1] WARN  org.hibernate.orm.deprecation - HHH90000025: PostgreSQLDialect does not need to be specified explicitly using 'hibernate.dialect' (remove the property setting and it will be selected by default)
2026-02-20 20:04:28.608 [http-nio-8080-exec-474] WARN  o.s.web.servlet.PageNotFound - No mapping for GET /hoteladmin/api/rooms
2026-02-20 20:04:28.609 [http-nio-8080-exec-474] ERROR b.s.h.e.GlobalExceptionHandler - Непредвиденная ошибка: 
org.springframework.web.servlet.NoHandlerFoundException: No endpoint GET /hoteladmin/api/rooms.
	at org.springframework.web.servlet.DispatcherServlet.noHandlerFound(DispatcherServlet.java:1177)
	at org.springframework.web.servlet.DispatcherServlet.doDispatch(DispatcherServlet.java:953)
	at org.springframework.web.servlet.DispatcherServlet.doService(DispatcherServlet.java:866)
	at org.springframework.web.servlet.FrameworkServlet.processRequest(FrameworkServlet.java:1003)
	at org.springframework.web.servlet.FrameworkServlet.doGet(FrameworkServlet.java:892)
	at jakarta.servlet.http.HttpServlet.service(HttpServlet.java:622)
	at org.springframework.web.servlet.FrameworkServlet.service(FrameworkServlet.java:874)
	at jakarta.servlet.http.HttpServlet.service(HttpServlet.java:710)
	at org.apache.catalina.core.ApplicationFilterChain.doFilter(ApplicationFilterChain.java:128)
	at org.apache.tomcat.websocket.server.WsFilter.doFilter(WsFilter.java:53)
	at org.apache.catalina.core.ApplicationFilterChain.doFilter(ApplicationFilterChain.java:107)
	at org.apache.catalina.core.StandardWrapperValve.invoke(StandardWrapperValve.java:165)
	at org.apache.catalina.core.StandardContextValve.invoke(StandardContextValve.java:77)
	at org.apache.catalina.authenticator.AuthenticatorBase.invoke(AuthenticatorBase.java:482)
	at org.apache.catalina.core.StandardHostValve.invoke(StandardHostValve.java:113)
	at org.apache.catalina.valves.ErrorReportValve.invoke(ErrorReportValve.java:83)
	at org.apache.catalina.valves.AbstractAccessLogValve.invoke(AbstractAccessLogValve.java:654)
	at org.apache.catalina.core.StandardEngineValve.invoke(StandardEngineValve.java:72)
	at org.apache.catalina.connector.CoyoteAdapter.service(CoyoteAdapter.java:341)
	at org.apache.coyote.http11.Http11Processor.service(Http11Processor.java:397)
	at org.apache.coyote.AbstractProcessorLight.process(AbstractProcessorLight.java:63)
	at org.apache.coyote.AbstractProtocol$ConnectionHandler.process(AbstractProtocol.java:903)
	at org.apache.tomcat.util.net.NioEndpoint$SocketProcessor.doRun(NioEndpoint.java:1778)
	at org.apache.tomcat.util.net.SocketProcessorBase.run(SocketProcessorBase.java:52)
	at org.apache.tomcat.util.threads.ThreadPoolExecutor.runWorker(ThreadPoolExecutor.java:946)
	at org.apache.tomcat.util.threads.ThreadPoolExecutor$Worker.run(ThreadPoolExecutor.java:480)
	at org.apache.tomcat.util.threads.TaskThread$WrappingRunnable.run(TaskThread.java:57)
	at java.base/java.lang.Thread.run(Thread.java:1575)
2026-02-20 20:04:28.643 [Catalina-utility-1] INFO  o.h.e.t.j.p.i.JtaPlatformInitiator - HHH000489: No JTA platform available (set 'hibernate.transaction.jta.platform' to enable JTA platform integration)
2026-02-20 20:04:28.828 [Catalina-utility-1] INFO  o.s.web.context.ContextLoader - Root WebApplicationContext initialized in 1659 ms
2026-02-20 20:04:28.831 [Catalina-utility-1] INFO  o.s.web.servlet.DispatcherServlet - Initializing Servlet 'dispatcher'
2026-02-20 20:04:28.884 [Catalina-utility-1] INFO  o.h.c.i.RegionFactoryInitiator - HHH000026: Second-level cache disabled
2026-02-20 20:04:28.892 [Catalina-utility-1] WARN  org.hibernate.orm.deprecation - HHH90000025: PostgreSQLDialect does not need to be specified explicitly using 'hibernate.dialect' (remove the property setting and it will be selected by default)
2026-02-20 20:04:28.949 [Catalina-utility-1] INFO  o.h.e.t.j.p.i.JtaPlatformInitiator - HHH000489: No JTA platform available (set 'hibernate.transaction.jta.platform' to enable JTA platform integration)
2026-02-20 20:04:28.995 [Catalina-utility-1] INFO  o.s.web.servlet.DispatcherServlet - Completed initialization in 164 ms
2026-02-20 20:05:04.619 [http-nio-8080-exec-483] WARN  o.s.web.servlet.PageNotFound - No mapping for GET /hoteladmin/api/rooms/5/bookings
2026-02-20 20:05:05.491 [http-nio-8080-exec-475] WARN  o.s.web.servlet.PageNotFound - No mapping for GET /hoteladmin/api/rooms/5/bookings
2026-02-20 20:05:33.076 [http-nio-8080-exec-484] WARN  o.s.web.servlet.PageNotFound - No mapping for GET /hoteladmin/api/rooms/5/bookings
2026-02-20 20:05:42.153 [http-nio-8080-exec-485] WARN  o.s.web.servlet.PageNotFound - No mapping for GET /hoteladmin/api/rooms/5/bookings
2026-02-20 20:06:50.077 [http-nio-8080-exec-489] WARN  o.s.web.servlet.PageNotFound - No mapping for GET /hoteladmin/api/rooms/5/bookings
2026-02-20 20:06:50.081 [http-nio-8080-exec-489] ERROR b.s.h.e.GlobalExceptionHandler - Непредвиденная ошибка: 
org.springframework.web.servlet.NoHandlerFoundException: No endpoint GET /hoteladmin/api/rooms/5/bookings.
	at org.springframework.web.servlet.DispatcherServlet.noHandlerFound(DispatcherServlet.java:1177)
	at org.springframework.web.servlet.DispatcherServlet.doDispatch(DispatcherServlet.java:953)
	at org.springframework.web.servlet.DispatcherServlet.doService(DispatcherServlet.java:866)
	at org.springframework.web.servlet.FrameworkServlet.processRequest(FrameworkServlet.java:1003)
	at org.springframework.web.servlet.FrameworkServlet.doGet(FrameworkServlet.java:892)
	at jakarta.servlet.http.HttpServlet.service(HttpServlet.java:622)
	at org.springframework.web.servlet.FrameworkServlet.service(FrameworkServlet.java:874)
	at jakarta.servlet.http.HttpServlet.service(HttpServlet.java:710)
	at org.apache.catalina.core.ApplicationFilterChain.doFilter(ApplicationFilterChain.java:128)
	at org.apache.tomcat.websocket.server.WsFilter.doFilter(WsFilter.java:53)
	at org.apache.catalina.core.ApplicationFilterChain.doFilter(ApplicationFilterChain.java:107)
	at org.apache.catalina.core.StandardWrapperValve.invoke(StandardWrapperValve.java:165)
	at org.apache.catalina.core.StandardContextValve.invoke(StandardContextValve.java:77)
	at org.apache.catalina.authenticator.AuthenticatorBase.invoke(AuthenticatorBase.java:482)
	at org.apache.catalina.core.StandardHostValve.invoke(StandardHostValve.java:113)
	at org.apache.catalina.valves.ErrorReportValve.invoke(ErrorReportValve.java:83)
	at org.apache.catalina.valves.AbstractAccessLogValve.invoke(AbstractAccessLogValve.java:654)
	at org.apache.catalina.core.StandardEngineValve.invoke(StandardEngineValve.java:72)
	at org.apache.catalina.connector.CoyoteAdapter.service(CoyoteAdapter.java:341)
	at org.apache.coyote.http11.Http11Processor.service(Http11Processor.java:397)
	at org.apache.coyote.AbstractProcessorLight.process(AbstractProcessorLight.java:63)
	at org.apache.coyote.AbstractProtocol$ConnectionHandler.process(AbstractProtocol.java:903)
	at org.apache.tomcat.util.net.NioEndpoint$SocketProcessor.doRun(NioEndpoint.java:1778)
	at org.apache.tomcat.util.net.SocketProcessorBase.run(SocketProcessorBase.java:52)
	at org.apache.tomcat.util.threads.ThreadPoolExecutor.runWorker(ThreadPoolExecutor.java:946)
	at org.apache.tomcat.util.threads.ThreadPoolExecutor$Worker.run(ThreadPoolExecutor.java:480)
	at org.apache.tomcat.util.threads.TaskThread$WrappingRunnable.run(TaskThread.java:57)
	at java.base/java.lang.Thread.run(Thread.java:1575)
2026-02-20 20:06:50.218 [Catalina-utility-2] INFO  o.s.web.context.ContextLoader - Root WebApplicationContext: initialization started
2026-02-20 20:06:50.924 [Catalina-utility-2] INFO  org.hibernate.Version - HHH000412: Hibernate ORM core version 6.5.2.Final
2026-02-20 20:06:50.960 [Catalina-utility-2] INFO  o.h.c.i.RegionFactoryInitiator - HHH000026: Second-level cache disabled
2026-02-20 20:06:51.058 [Catalina-utility-2] WARN  org.hibernate.orm.deprecation - HHH90000025: PostgreSQLDialect does not need to be specified explicitly using 'hibernate.dialect' (remove the property setting and it will be selected by default)
2026-02-20 20:06:51.946 [Catalina-utility-2] INFO  o.h.e.t.j.p.i.JtaPlatformInitiator - HHH000489: No JTA platform available (set 'hibernate.transaction.jta.platform' to enable JTA platform integration)
2026-02-20 20:06:52.133 [Catalina-utility-2] INFO  o.s.web.context.ContextLoader - Root WebApplicationContext initialized in 1914 ms
2026-02-20 20:06:52.137 [Catalina-utility-2] INFO  o.s.web.servlet.DispatcherServlet - Initializing Servlet 'dispatcher'
2026-02-20 20:06:52.193 [Catalina-utility-2] INFO  o.h.c.i.RegionFactoryInitiator - HHH000026: Second-level cache disabled
2026-02-20 20:06:52.201 [Catalina-utility-2] WARN  org.hibernate.orm.deprecation - HHH90000025: PostgreSQLDialect does not need to be specified explicitly using 'hibernate.dialect' (remove the property setting and it will be selected by default)
2026-02-20 20:06:52.235 [Catalina-utility-2] INFO  o.h.e.t.j.p.i.JtaPlatformInitiator - HHH000489: No JTA platform available (set 'hibernate.transaction.jta.platform' to enable JTA platform integration)
2026-02-20 20:06:52.279 [Catalina-utility-2] INFO  o.s.web.servlet.DispatcherServlet - Completed initialization in 142 ms
2026-02-20 20:07:00.375 [http-nio-8080-exec-486] WARN  o.s.web.servlet.PageNotFound - No mapping for GET /hoteladmin/api/rooms/5/bookings
2026-02-20 20:07:04.591 [http-nio-8080-exec-487] WARN  o.s.web.servlet.PageNotFound - No mapping for GET /hoteladmin/api/rooms/5/bookings
2026-02-20 20:09:29.687 [http-nio-8080-exec-492] WARN  o.s.web.servlet.PageNotFound - No mapping for GET /hoteladmin/api/rooms/5/bookings
2026-02-20 20:09:33.654 [Catalina-utility-2] INFO  o.s.web.context.ContextLoader - Root WebApplicationContext: initialization started
2026-02-20 20:09:34.215 [Catalina-utility-2] INFO  org.hibernate.Version - HHH000412: Hibernate ORM core version 6.5.2.Final
2026-02-20 20:09:34.245 [Catalina-utility-2] INFO  o.h.c.i.RegionFactoryInitiator - HHH000026: Second-level cache disabled
2026-02-20 20:09:34.328 [Catalina-utility-2] WARN  org.hibernate.orm.deprecation - HHH90000025: PostgreSQLDialect does not need to be specified explicitly using 'hibernate.dialect' (remove the property setting and it will be selected by default)
2026-02-20 20:09:35.048 [Catalina-utility-2] INFO  o.h.e.t.j.p.i.JtaPlatformInitiator - HHH000489: No JTA platform available (set 'hibernate.transaction.jta.platform' to enable JTA platform integration)
2026-02-20 20:09:35.236 [Catalina-utility-2] INFO  o.s.web.context.ContextLoader - Root WebApplicationContext initialized in 1582 ms
2026-02-20 20:09:35.239 [Catalina-utility-2] INFO  o.s.web.servlet.DispatcherServlet - Initializing Servlet 'dispatcher'
2026-02-20 20:09:35.292 [Catalina-utility-2] INFO  o.h.c.i.RegionFactoryInitiator - HHH000026: Second-level cache disabled
2026-02-20 20:09:35.300 [Catalina-utility-2] WARN  org.hibernate.orm.deprecation - HHH90000025: PostgreSQLDialect does not need to be specified explicitly using 'hibernate.dialect' (remove the property setting and it will be selected by default)
2026-02-20 20:09:35.335 [Catalina-utility-2] INFO  o.h.e.t.j.p.i.JtaPlatformInitiator - HHH000489: No JTA platform available (set 'hibernate.transaction.jta.platform' to enable JTA platform integration)
2026-02-20 20:09:35.374 [Catalina-utility-2] INFO  o.s.web.servlet.DispatcherServlet - Completed initialization in 134 ms
2026-02-20 20:09:40.437 [http-nio-8080-exec-488] WARN  o.s.web.servlet.PageNotFound - No mapping for GET /hoteladmin/api/rooms/5/bookings
2026-02-20 20:09:49.305 [http-nio-8080-exec-493] WARN  o.s.web.servlet.PageNotFound - No mapping for GET /hoteladmin/api/rooms/5/bookings
2026-02-20 20:09:50.377 [http-nio-8080-exec-484] WARN  o.s.web.servlet.PageNotFound - No mapping for GET /hoteladmin/api/rooms/5/bookings
2026-02-20 20:10:02.113 [http-nio-8080-exec-476] WARN  o.s.web.servlet.PageNotFound - No mapping for GET /hoteladmin/api/rooms/5/bookings
2026-02-20 20:10:05.724 [http-nio-8080-exec-475] WARN  o.s.web.servlet.PageNotFound - No mapping for GET /hoteladmin/api/rooms/5/bookings
2026-02-20 20:13:06.586 [Catalina-utility-1] INFO  o.s.web.context.ContextLoader - Root WebApplicationContext: initialization started
2026-02-20 20:13:07.156 [Catalina-utility-1] INFO  org.hibernate.Version - HHH000412: Hibernate ORM core version 6.5.2.Final
2026-02-20 20:13:07.190 [Catalina-utility-1] INFO  o.h.c.i.RegionFactoryInitiator - HHH000026: Second-level cache disabled
2026-02-20 20:13:07.283 [Catalina-utility-1] WARN  org.hibernate.orm.deprecation - HHH90000025: PostgreSQLDialect does not need to be specified explicitly using 'hibernate.dialect' (remove the property setting and it will be selected by default)
2026-02-20 20:13:08.008 [Catalina-utility-1] INFO  o.h.e.t.j.p.i.JtaPlatformInitiator - HHH000489: No JTA platform available (set 'hibernate.transaction.jta.platform' to enable JTA platform integration)
2026-02-20 20:13:08.265 [Catalina-utility-1] INFO  o.s.web.context.ContextLoader - Root WebApplicationContext initialized in 1679 ms
2026-02-20 20:13:08.269 [Catalina-utility-1] INFO  o.s.web.servlet.DispatcherServlet - Initializing Servlet 'dispatcher'
2026-02-20 20:13:08.322 [Catalina-utility-1] INFO  o.h.c.i.RegionFactoryInitiator - HHH000026: Second-level cache disabled
2026-02-20 20:13:08.330 [Catalina-utility-1] WARN  org.hibernate.orm.deprecation - HHH90000025: PostgreSQLDialect does not need to be specified explicitly using 'hibernate.dialect' (remove the property setting and it will be selected by default)
2026-02-20 20:13:08.365 [Catalina-utility-1] INFO  o.h.e.t.j.p.i.JtaPlatformInitiator - HHH000489: No JTA platform available (set 'hibernate.transaction.jta.platform' to enable JTA platform integration)
2026-02-20 20:13:08.400 [Catalina-utility-1] INFO  o.s.web.servlet.DispatcherServlet - Completed initialization in 131 ms
